Copyright 1986-2022 Xilinx, Inc. All Rights Reserved. Copyright 2022-2025 Advanced Micro Devices, Inc. All Rights Reserved.
---------------------------------------------------------------------------------------------------------------------------------------------
| Tool Version : Vivado v.2025.2 (lin64) Build 6299465 Fri Nov 14 12:34:56 MST 2025
| Date         : Tue Sep  1 21:28:58 2026
| Host         : thinkpad running 64-bit Arch Linux
| Command      : report_timing_summary -delay_type min_max -max_paths 20 -report_unconstrained -file ../results/timing_summary.rpt
| Design       : top_vga_basys3
| Device       : 7a35t-cpg236
| Speed File   : -1  PRODUCTION 1.23 2018-06-13
| Design State : Physopt postRoute
---------------------------------------------------------------------------------------------------------------------------------------------

Timing Summary Report

------------------------------------------------------------------------------------------------
| Timer Settings
| --------------
------------------------------------------------------------------------------------------------

  Enable Multi Corner Analysis               :  Yes
  Enable Pessimism Removal                   :  Yes
  Pessimism Removal Resolution               :  Nearest Common Node
  Enable Input Delay Default Clock           :  No
  Enable Preset / Clear Arcs                 :  No
  Disable Flight Delays                      :  No
  Ignore I/O Paths                           :  No
  Timing Early Launch at Borrowing Latches   :  No
  Borrow Time for Max Delay Exceptions       :  Yes
  Merge Timing Exceptions                    :  Yes
  Inter-SLR Compensation                     :  Conservative

  Corner  Analyze    Analyze    
  Name    Max Paths  Min Paths  
  ------  ---------  ---------  
  Slow    Yes        Yes        
  Fast    Yes        Yes        


------------------------------------------------------------------------------------------------
| Report Methodology
| ------------------
------------------------------------------------------------------------------------------------

Rule     Severity  Description                                 Violations  
-------  --------  ------------------------------------------  ----------  
LUTAR-1  Warning   LUT drives async reset alert                1           
SYNTH-6  Warning   Timing of a RAM block might be sub-optimal  10          

Note: This report is based on the most recent report_methodology run and may not be up-to-date. Run report_methodology on the current design for the latest report.



check_timing report

Table of Contents
-----------------
1. checking no_clock (0)
2. checking constant_clock (0)
3. checking pulse_width_clock (0)
4. checking unconstrained_internal_endpoints (0)
5. checking no_input_delay (17)
6. checking no_output_delay (42)
7. checking multiple_clock (0)
8. checking generated_clocks (0)
9. checking loops (0)
10. checking partial_input_delay (0)
11. checking partial_output_delay (0)
12. checking latch_loops (0)

1. checking no_clock (0)
------------------------
 There are 0 register/latch pins with no clock.


2. checking constant_clock (0)
------------------------------
 There are 0 register/latch pins with constant_clock.


3. checking pulse_width_clock (0)
---------------------------------
 There are 0 register/latch pins which need pulse_width check


4. checking unconstrained_internal_endpoints (0)
------------------------------------------------
 There are 0 pins that are not constrained for maximum delay.

 There are 0 pins that are not constrained for maximum delay due to constant clock.


5. checking no_input_delay (17)
-------------------------------
 There are 2 input ports with no input delay specified. (HIGH)

 There are 15 input ports with no input delay but user has a false path constraint. (MEDIUM)


6. checking no_output_delay (42)
--------------------------------
 There are 42 ports with no output delay specified. (HIGH)

 There are 0 ports with no output delay but user has a false path constraint

 There are 0 ports with no output delay but with a timing clock defined on it or propagating through it


7. checking multiple_clock (0)
------------------------------
 There are 0 register/latch pins with multiple clocks.


8. checking generated_clocks (0)
--------------------------------
 There are 0 generated clocks that are not connected to a clock source.


9. checking loops (0)
---------------------
 There are 0 combinational loops in the design.


10. checking partial_input_delay (0)
------------------------------------
 There are 0 input ports with partial input delay specified.


11. checking partial_output_delay (0)
-------------------------------------
 There are 0 ports with partial output delay specified.


12. checking latch_loops (0)
----------------------------
 There are 0 combinational latch loops in the design through latch input



------------------------------------------------------------------------------------------------
| Design Timing Summary
| ---------------------
------------------------------------------------------------------------------------------------

    WNS(ns)      TNS(ns)  TNS Failing Endpoints  TNS Total Endpoints      WHS(ns)      THS(ns)  THS Failing Endpoints  THS Total Endpoints     WPWS(ns)     TPWS(ns)  TPWS Failing Endpoints  TPWS Total Endpoints  
    -------      -------  ---------------------  -------------------      -------      -------  ---------------------  -------------------     --------     --------  ----------------------  --------------------  
      1.232        0.000                      0                 3616        0.070        0.000                      0                 3616        3.000        0.000                       0                  1541  


All user specified timing constraints are met.


------------------------------------------------------------------------------------------------
| Clock Summary
| -------------
------------------------------------------------------------------------------------------------

Clock                 Waveform(ns)       Period(ns)      Frequency(MHz)
-----                 ------------       ----------      --------------
sys_clk_pin           {0.000 5.000}      10.000          100.000         
  clk_out1_clk_wiz_0  {0.000 7.692}      15.385          65.000          
  clkfbout_clk_wiz_0  {0.000 25.000}     50.000          20.000          


------------------------------------------------------------------------------------------------
| Intra Clock Table
| -----------------
------------------------------------------------------------------------------------------------

Clock                     WNS(ns)      TNS(ns)  TNS Failing Endpoints  TNS Total Endpoints      WHS(ns)      THS(ns)  THS Failing Endpoints  THS Total Endpoints     WPWS(ns)     TPWS(ns)  TPWS Failing Endpoints  TPWS Total Endpoints  
-----                     -------      -------  ---------------------  -------------------      -------      -------  ---------------------  -------------------     --------     --------  ----------------------  --------------------  
sys_clk_pin                                                                                                                                                             3.000        0.000                       0                     1  
  clk_out1_clk_wiz_0        1.232        0.000                      0                 3535        0.070        0.000                      0                 3535        6.712        0.000                       0                  1537  
  clkfbout_clk_wiz_0                                                                                                                                                   47.845        0.000                       0                     3  


------------------------------------------------------------------------------------------------
| Inter Clock Table
| -----------------
------------------------------------------------------------------------------------------------

From Clock    To Clock          WNS(ns)      TNS(ns)  TNS Failing Endpoints  TNS Total Endpoints      WHS(ns)      THS(ns)  THS Failing Endpoints  THS Total Endpoints  
----------    --------          -------      -------  ---------------------  -------------------      -------      -------  ---------------------  -------------------  


------------------------------------------------------------------------------------------------
| Other Path Groups Table
| -----------------------
------------------------------------------------------------------------------------------------

Path Group          From Clock          To Clock                WNS(ns)      TNS(ns)  TNS Failing Endpoints  TNS Total Endpoints      WHS(ns)      THS(ns)  THS Failing Endpoints  THS Total Endpoints  
----------          ----------          --------                -------      -------  ---------------------  -------------------      -------      -------  ---------------------  -------------------  
**async_default**   clk_out1_clk_wiz_0  clk_out1_clk_wiz_0        4.379        0.000                      0                   81        2.131        0.000                      0                   81  


------------------------------------------------------------------------------------------------
| User Ignored Path Table
| -----------------------
------------------------------------------------------------------------------------------------

Path Group          From Clock          To Clock          
----------          ----------          --------          
(none)                                  clk_out1_clk_wiz_0  


------------------------------------------------------------------------------------------------
| Unconstrained Path Table
| ------------------------
------------------------------------------------------------------------------------------------

Path Group          From Clock          To Clock          
----------          ----------          --------          
(none)              clk_out1_clk_wiz_0                      
(none)                                  clk_out1_clk_wiz_0  


------------------------------------------------------------------------------------------------
| Timing Details
| --------------
------------------------------------------------------------------------------------------------


---------------------------------------------------------------------------------------------------
From Clock:  sys_clk_pin
  To Clock:  sys_clk_pin

Setup :           NA  Failing Endpoints,  Worst Slack           NA  ,  Total Violation           NA
Hold  :           NA  Failing Endpoints,  Worst Slack           NA  ,  Total Violation           NA
PW    :            0  Failing Endpoints,  Worst Slack        3.000ns,  Total Violation        0.000ns
---------------------------------------------------------------------------------------------------


Pulse Width Checks
--------------------------------------------------------------------------------------
Clock Name:         sys_clk_pin
Waveform(ns):       { 0.000 5.000 }
Period(ns):         10.000
Sources:            { clk }

Check Type        Corner  Lib Pin            Reference Pin  Required(ns)  Actual(ns)  Slack(ns)  Location         Pin
Min Period        n/a     MMCME2_ADV/CLKIN1  n/a            1.249         10.000      8.751      MMCME2_ADV_X1Y0  CLK0/inst/mmcm_adv_inst/CLKIN1
Max Period        n/a     MMCME2_ADV/CLKIN1  n/a            100.000       10.000      90.000     MMCME2_ADV_X1Y0  CLK0/inst/mmcm_adv_inst/CLKIN1
Low Pulse Width   Slow    MMCME2_ADV/CLKIN1  n/a            2.000         5.000       3.000      MMCME2_ADV_X1Y0  CLK0/inst/mmcm_adv_inst/CLKIN1
Low Pulse Width   Fast    MMCME2_ADV/CLKIN1  n/a            2.000         5.000       3.000      MMCME2_ADV_X1Y0  CLK0/inst/mmcm_adv_inst/CLKIN1
High Pulse Width  Slow    MMCME2_ADV/CLKIN1  n/a            2.000         5.000       3.000      MMCME2_ADV_X1Y0  CLK0/inst/mmcm_adv_inst/CLKIN1
High Pulse Width  Fast    MMCME2_ADV/CLKIN1  n/a            2.000         5.000       3.000      MMCME2_ADV_X1Y0  CLK0/inst/mmcm_adv_inst/CLKIN1



---------------------------------------------------------------------------------------------------
From Clock:  clk_out1_clk_wiz_0
  To Clock:  clk_out1_clk_wiz_0

Setup :            0  Failing Endpoints,  Worst Slack        1.232ns,  Total Violation        0.000ns
Hold  :            0  Failing Endpoints,  Worst Slack        0.070ns,  Total Violation        0.000ns
PW    :            0  Failing Endpoints,  Worst Slack        6.712ns,  Total Violation        0.000ns
---------------------------------------------------------------------------------------------------


Max Delay Paths
--------------------------------------------------------------------------------------
Slack (MET) :             1.232ns  (required time - arrival time)
  Source:                 u_top_fsm/u_pit_stop_core/u_vga_timing/vga_out\\.vcount_reg[2]/C
                            (rising edge-triggered cell FDRE clocked by clk_out1_clk_wiz_0  {rise@0.000ns fall@7.692ns period=15.385ns})
  Destination:            u_top_fsm/u_pit_stop_core/u_draw_bg/u_Grandstand_Rom/LUT_value_reg/ADDRARDADDR[12]
                            (rising edge-triggered cell RAMB18E1 clocked by clk_out1_clk_wiz_0  {rise@0.000ns fall@7.692ns period=15.385ns})
  Path Group:             clk_out1_clk_wiz_0
  Path Type:              Setup (Max at Slow Process Corner)
  Requirement:            15.385ns  (clk_out1_clk_wiz_0 rise@15.385ns - clk_out1_clk_wiz_0 rise@0.000ns)
  Data Path Delay:        13.463ns  (logic 5.400ns (40.111%)  route 8.063ns (59.889%))
  Logic Levels:           15  (CARRY4=6 LUT2=3 LUT3=1 LUT4=1 LUT5=2 LUT6=2)
  Clock Path Skew:        0.006ns (DCD - SCD + CPR)
    Destination Clock Delay (DCD):    -1.528ns = ( 13.856 - 15.385 ) 
    Source Clock Delay      (SCD):    -0.973ns
    Clock Pessimism Removal (CPR):    0.562ns
  Clock Uncertainty:      0.130ns  ((TSJ^2 + DJ^2)^1/2) / 2 + PE
    Total System Jitter     (TSJ):    0.071ns
    Discrete Jitter          (DJ):    0.251ns
    Phase Error              (PE):    0.000ns

    Location             Delay type                Incr(ns)  Path(ns)    Netlist Resource(s)
  -------------------------------------------------------------------    -------------------
                         (clock clk_out1_clk_wiz_0 rise edge)
                                                      0.000     0.000 r  
    W5                                                0.000     0.000 r  clk (IN)
                         net (fo=0)                   0.000     0.000    CLK0/inst/clk
    W5                   IBUF (Prop_ibuf_I_O)         1.458     1.458 r  CLK0/inst/clkin1_ibufg/O
                         net (fo=1, routed)           1.233     2.691    CLK0/inst/clk_in_clk_wiz_0
    MMCME2_ADV_X1Y0      MMCME2_ADV (Prop_mmcme2_adv_CLKIN1_CLKOUT0)
                                                     -6.961    -4.269 r  CLK0/inst/mmcm_adv_inst/CLKOUT0
                         net (fo=2, routed)           1.661    -2.608    CLK0/inst/clk_out1_clk_wiz_0
    BUFGCTRL_X0Y0        BUFGCTRL (Prop_bufgctrl_I0_O)
                                                      0.096    -2.512 r  CLK0/inst/clkout1_buf/O
                         net (fo=1526, routed)        1.539    -0.973    u_top_fsm/u_pit_stop_core/u_vga_timing/clk_65M
    SLICE_X35Y79         FDRE                                         r  u_top_fsm/u_pit_stop_core/u_vga_timing/vga_out\\.vcount_reg[2]/C
  -------------------------------------------------------------------    -------------------
    SLICE_X35Y79         FDRE (Prop_fdre_C_Q)         0.456    -0.517 r  u_top_fsm/u_pit_stop_core/u_vga_timing/vga_out\\.vcount_reg[2]/Q
                         net (fo=37, routed)          1.121     0.604    u_top_fsm/u_pit_stop_core/u_draw_bg/u_Grandstand_Rom/is_cloud_d_reg_i_17_0[0]
    SLICE_X34Y78         LUT5 (Prop_lut5_I0_O)        0.124     0.728 r  u_top_fsm/u_pit_stop_core/u_draw_bg/u_Grandstand_Rom/is_cloud_d_i_42/O
                         net (fo=1, routed)           0.000     0.728    u_top_fsm/u_pit_stop_core/u_draw_bg/u_Grandstand_Rom/is_cloud_d_i_42_n_0
    SLICE_X34Y78         CARRY4 (Prop_carry4_S[0]_CO[3])
                                                      0.513     1.241 r  u_top_fsm/u_pit_stop_core/u_draw_bg/u_Grandstand_Rom/is_cloud_d_reg_i_17/CO[3]
                         net (fo=1, routed)           0.000     1.241    u_top_fsm/u_pit_stop_core/u_vga_timing/CO[0]
    SLICE_X34Y79         CARRY4 (Prop_carry4_CI_CO[0])
                                                      0.254     1.495 f  u_top_fsm/u_pit_stop_core/u_vga_timing/is_cloud_d_reg_i_8/CO[0]
                         net (fo=1, routed)           0.805     2.300    u_top_fsm/u_pit_stop_core/u_vga_timing/u_draw_bg/is_c11
    SLICE_X34Y80         LUT5 (Prop_lut5_I4_O)        0.389     2.689 r  u_top_fsm/u_pit_stop_core/u_vga_timing/is_cloud_d_i_4/O
                         net (fo=1, routed)           0.612     3.300    u_top_fsm/u_pit_stop_core/u_vga_timing/is_cloud_d_i_4_n_0
    SLICE_X30Y78         LUT6 (Prop_lut6_I2_O)        0.328     3.628 f  u_top_fsm/u_pit_stop_core/u_vga_timing/is_cloud_d_i_2/O
                         net (fo=25, routed)          0.879     4.507    u_top_fsm/u_pit_stop_core/u_vga_timing/is_cloud_d_i_2_n_0
    SLICE_X29Y76         LUT2 (Prop_lut2_I0_O)        0.124     4.631 f  u_top_fsm/u_pit_stop_core/u_vga_timing/LUT_value_reg_i_103/O
                         net (fo=1, routed)           0.670     5.302    u_top_fsm/u_pit_stop_core/u_vga_timing/LUT_value_reg_i_103_n_0
    SLICE_X29Y76         LUT6 (Prop_lut6_I0_O)        0.124     5.426 r  u_top_fsm/u_pit_stop_core/u_vga_timing/LUT_value_reg_i_72/O
                         net (fo=14, routed)          0.842     6.268    u_top_fsm/u_pit_stop_core/u_vga_timing/LUT_value_reg_i_53_n_0
    SLICE_X30Y72         LUT2 (Prop_lut2_I1_O)        0.124     6.392 r  u_top_fsm/u_pit_stop_core/u_vga_timing/LUT_value_reg_i_41__0/O
                         net (fo=1, routed)           0.000     6.392    u_top_fsm/u_pit_stop_core/u_vga_timing/LUT_value_reg_i_41__0_n_0
    SLICE_X30Y72         CARRY4 (Prop_carry4_S[3]_CO[3])
                                                      0.376     6.768 r  u_top_fsm/u_pit_stop_core/u_vga_timing/LUT_value_reg_i_22/CO[3]
                         net (fo=1, routed)           0.000     6.768    u_top_fsm/u_pit_stop_core/u_vga_timing/LUT_value_reg_i_22_n_0
    SLICE_X30Y73         CARRY4 (Prop_carry4_CI_O[3])
                                                      0.315     7.083 r  u_top_fsm/u_pit_stop_core/u_vga_timing/LUT_value_reg_i_46/O[3]
                         net (fo=2, routed)           0.626     7.709    u_top_fsm/u_pit_stop_core/u_vga_timing/LUT_value_reg_i_46_n_4
    SLICE_X31Y73         LUT3 (Prop_lut3_I2_O)        0.332     8.041 r  u_top_fsm/u_pit_stop_core/u_vga_timing/LUT_value_reg_i_29__0/O
                         net (fo=2, routed)           0.645     8.686    u_top_fsm/u_pit_stop_core/u_vga_timing/LUT_value_reg_i_29__0_n_0
    SLICE_X31Y74         LUT4 (Prop_lut4_I3_O)        0.332     9.018 r  u_top_fsm/u_pit_stop_core/u_vga_timing/LUT_value_reg_i_33__0/O
                         net (fo=1, routed)           0.000     9.018    u_top_fsm/u_pit_stop_core/u_vga_timing/LUT_value_reg_i_33__0_n_0
    SLICE_X31Y74         CARRY4 (Prop_carry4_S[0]_O[1])
                                                      0.424     9.442 r  u_top_fsm/u_pit_stop_core/u_vga_timing/LUT_value_reg_i_17/O[1]
                         net (fo=1, routed)           0.300     9.742    u_top_fsm/u_pit_stop_core/u_vga_timing/u_draw_bg/addr_grandstand1[9]
    SLICE_X29Y74         CARRY4 (Prop_carry4_S[1]_O[2])
                                                      0.883    10.625 r  u_top_fsm/u_pit_stop_core/u_vga_timing/LUT_value_reg_i_13__0/O[2]
                         net (fo=1, routed)           0.932    11.556    u_top_fsm/u_pit_stop_core/u_vga_timing/u_draw_bg/addr_grandstand0[10]
    SLICE_X15Y72         LUT2 (Prop_lut2_I0_O)        0.302    11.858 r  u_top_fsm/u_pit_stop_core/u_vga_timing/LUT_value_reg_i_2__0/O
                         net (fo=1, routed)           0.631    12.490    u_top_fsm/u_pit_stop_core/u_draw_bg/u_Grandstand_Rom/LUT_value_reg_0[10]
    RAMB18_X0Y29         RAMB18E1                                     r  u_top_fsm/u_pit_stop_core/u_draw_bg/u_Grandstand_Rom/LUT_value_reg/ADDRARDADDR[12]
  -------------------------------------------------------------------    -------------------

                         (clock clk_out1_clk_wiz_0 rise edge)
                                                     15.385    15.385 r  
    W5                                                0.000    15.385 r  clk (IN)
                         net (fo=0)                   0.000    15.385    CLK0/inst/clk
    W5                   IBUF (Prop_ibuf_I_O)         1.388    16.773 r  CLK0/inst/clkin1_ibufg/O
                         net (fo=1, routed)           1.162    17.935    CLK0/inst/clk_in_clk_wiz_0
    MMCME2_ADV_X1Y0      MMCME2_ADV (Prop_mmcme2_adv_CLKIN1_CLKOUT0)
                                                     -7.217    10.717 r  CLK0/inst/mmcm_adv_inst/CLKOUT0
                         net (fo=2, routed)           1.581    12.298    CLK0/inst/clk_out1_clk_wiz_0
    BUFGCTRL_X0Y0        BUFGCTRL (Prop_bufgctrl_I0_O)
                                                      0.091    12.389 r  CLK0/inst/clkout1_buf/O
                         net (fo=1526, routed)        1.467    13.856    u_top_fsm/u_pit_stop_core/u_draw_bg/u_Grandstand_Rom/clk_65M
    RAMB18_X0Y29         RAMB18E1                                     r  u_top_fsm/u_pit_stop_core/u_draw_bg/u_Grandstand_Rom/LUT_value_reg/CLKARDCLK
                         clock pessimism              0.562    14.418    
                         clock uncertainty           -0.130    14.288    
    RAMB18_X0Y29         RAMB18E1 (Setup_ramb18e1_CLKARDCLK_ADDRARDADDR[12])
                                                     -0.566    13.722    u_top_fsm/u_pit_stop_core/u_draw_bg/u_Grandstand_Rom/LUT_value_reg
  -------------------------------------------------------------------
                         required time                         13.722    
                         arrival time                         -12.490    
  -------------------------------------------------------------------
                         slack                                  1.232    

Slack (MET) :             1.305ns  (required time - arrival time)
  Source:                 u_top_fsm/u_pit_stop_core/u_system_fsm/FSM_sequential_state_reg[2]/C
                            (rising edge-triggered cell FDRE clocked by clk_out1_clk_wiz_0  {rise@0.000ns fall@7.692ns period=15.385ns})
  Destination:            u_top_fsm/u_pit_stop_core/u_draw_buttons/local_button_y_s0_reg[11]/D
                            (rising edge-triggered cell FDRE clocked by clk_out1_clk_wiz_0  {rise@0.000ns fall@7.692ns period=15.385ns})
  Path Group:             clk_out1_clk_wiz_0
  Path Type:              Setup (Max at Slow Process Corner)
  Requirement:            15.385ns  (clk_out1_clk_wiz_0 rise@15.385ns - clk_out1_clk_wiz_0 rise@0.000ns)
  Data Path Delay:        14.025ns  (logic 6.104ns (43.522%)  route 7.921ns (56.478%))
  Logic Levels:           17  (CARRY4=10 LUT1=1 LUT3=1 LUT4=2 LUT5=2 LUT6=1)
  Clock Path Skew:        -0.033ns (DCD - SCD + CPR)
    Destination Clock Delay (DCD):    -1.563ns = ( 13.822 - 15.385 ) 
    Source Clock Delay      (SCD):    -0.968ns
    Clock Pessimism Removal (CPR):    0.562ns
  Clock Uncertainty:      0.130ns  ((TSJ^2 + DJ^2)^1/2) / 2 + PE
    Total System Jitter     (TSJ):    0.071ns
    Discrete Jitter          (DJ):    0.251ns
    Phase Error              (PE):    0.000ns

    Location             Delay type                Incr(ns)  Path(ns)    Netlist Resource(s)
  -------------------------------------------------------------------    -------------------
                         (clock clk_out1_clk_wiz_0 rise edge)
                                                      0.000     0.000 r  
    W5                                                0.000     0.000 r  clk (IN)
                         net (fo=0)                   0.000     0.000    CLK0/inst/clk
    W5                   IBUF (Prop_ibuf_I_O)         1.458     1.458 r  CLK0/inst/clkin1_ibufg/O
                         net (fo=1, routed)           1.233     2.691    CLK0/inst/clk_in_clk_wiz_0
    MMCME2_ADV_X1Y0      MMCME2_ADV (Prop_mmcme2_adv_CLKIN1_CLKOUT0)
                                                     -6.961    -4.269 r  CLK0/inst/mmcm_adv_inst/CLKOUT0
                         net (fo=2, routed)           1.661    -2.608    CLK0/inst/clk_out1_clk_wiz_0
    BUFGCTRL_X0Y0        BUFGCTRL (Prop_bufgctrl_I0_O)
                                                      0.096    -2.512 r  CLK0/inst/clkout1_buf/O
                         net (fo=1526, routed)        1.544    -0.968    u_top_fsm/u_pit_stop_core/u_system_fsm/clk_65M
    SLICE_X48Y78         FDRE                                         r  u_top_fsm/u_pit_stop_core/u_system_fsm/FSM_sequential_state_reg[2]/C
  -------------------------------------------------------------------    -------------------
    SLICE_X48Y78         FDRE (Prop_fdre_C_Q)         0.456    -0.512 r  u_top_fsm/u_pit_stop_core/u_system_fsm/FSM_sequential_state_reg[2]/Q
                         net (fo=149, routed)         1.427     0.915    u_top_fsm/u_pit_stop_core/u_system_fsm/Q[2]
    SLICE_X45Y66         LUT3 (Prop_lut3_I0_O)        0.124     1.039 r  u_top_fsm/u_pit_stop_core/u_system_fsm/gen_click_on_release.press_armed_i_65/O
                         net (fo=1, routed)           0.895     1.934    u_top_fsm/u_pit_stop_core/u_system_fsm/gen_click_on_release.press_armed_i_65_n_0
    SLICE_X46Y55         CARRY4 (Prop_carry4_CYINIT_CO[3])
                                                      0.595     2.529 r  u_top_fsm/u_pit_stop_core/u_system_fsm/gen_click_on_release.press_armed_reg_i_50/CO[3]
                         net (fo=1, routed)           0.000     2.529    u_top_fsm/u_pit_stop_core/u_system_fsm/gen_click_on_release.press_armed_reg_i_50_n_0
    SLICE_X46Y56         CARRY4 (Prop_carry4_CI_O[0])
                                                      0.219     2.748 f  u_top_fsm/u_pit_stop_core/u_system_fsm/gen_click_on_release.press_armed_reg_i_49/O[0]
                         net (fo=1, routed)           0.578     3.325    u_top_fsm/u_pit_stop_core/u_system_fsm/u_hitbox_back/p_1_out0[9]
    SLICE_X47Y56         LUT1 (Prop_lut1_I0_O)        0.295     3.620 r  u_top_fsm/u_pit_stop_core/u_system_fsm/gen_click_on_release.press_armed_i_15__0__0/O
                         net (fo=1, routed)           0.000     3.620    u_top_fsm/u_pit_stop_core/u_system_fsm/gen_click_on_release.press_armed_i_15__0__0_n_0
    SLICE_X47Y56         CARRY4 (Prop_carry4_S[1]_CO[3])
                                                      0.550     4.170 r  u_top_fsm/u_pit_stop_core/u_system_fsm/gen_click_on_release.press_armed_reg_i_6__1/CO[3]
                         net (fo=2, routed)           1.169     5.339    u_top_fsm/u_pit_stop_core/u_system_fsm/gen_click_on_release.press_armed_reg_i_6__1_n_0
    SLICE_X48Y63         LUT6 (Prop_lut6_I5_O)        0.124     5.463 r  u_top_fsm/u_pit_stop_core/u_system_fsm/local_button_y_s0[3]_i_10/O
                         net (fo=1, routed)           0.000     5.463    u_top_fsm/u_pit_stop_core/u_system_fsm/local_button_y_s0[3]_i_10_n_0
    SLICE_X48Y63         CARRY4 (Prop_carry4_S[1]_CO[2])
                                                      0.570     6.033 r  u_top_fsm/u_pit_stop_core/u_system_fsm/local_button_y_s0_reg[3]_i_7/CO[2]
                         net (fo=8, routed)           0.624     6.657    u_top_fsm/u_pit_stop_core/u_system_fsm/FSM_sequential_state_reg[2]_3[0]
    SLICE_X46Y61         CARRY4 (Prop_carry4_CYINIT_CO[3])
                                                      0.784     7.441 r  u_top_fsm/u_pit_stop_core/u_system_fsm/local_button_y_s0_reg[7]_i_7/CO[3]
                         net (fo=6, routed)           1.037     8.478    u_top_fsm/u_pit_stop_core/u_draw_game_panel/local_button_y_s0_reg[7]_0[0]
    SLICE_X45Y63         LUT4 (Prop_lut4_I3_O)        0.124     8.602 r  u_top_fsm/u_pit_stop_core/u_draw_game_panel/in_button_s0_i_44/O
                         net (fo=1, routed)           0.000     8.602    u_top_fsm/u_pit_stop_core/u_draw_game_panel/in_button_s0_i_44_n_0
    SLICE_X45Y63         CARRY4 (Prop_carry4_S[2]_CO[3])
                                                      0.398     9.000 r  u_top_fsm/u_pit_stop_core/u_draw_game_panel/in_button_s0_reg_i_15/CO[3]
                         net (fo=1, routed)           0.000     9.000    u_top_fsm/u_pit_stop_core/u_draw_game_panel/in_button_s0_reg_i_15_n_0
    SLICE_X45Y64         CARRY4 (Prop_carry4_CI_CO[0])
                                                      0.271     9.271 r  u_top_fsm/u_pit_stop_core/u_draw_game_panel/in_button_s0_reg_i_8/CO[0]
                         net (fo=1, routed)           0.700     9.971    u_top_fsm/u_pit_stop_core/u_draw_game_panel/u_draw_buttons/back_active1
    SLICE_X45Y66         LUT5 (Prop_lut5_I4_O)        0.373    10.344 r  u_top_fsm/u_pit_stop_core/u_draw_game_panel/in_button_s0_i_3/O
                         net (fo=20, routed)          0.811    11.155    u_top_fsm/u_pit_stop_core/u_draw_game_panel/u_draw_buttons/back_active
    SLICE_X49Y65         LUT4 (Prop_lut4_I2_O)        0.124    11.279 r  u_top_fsm/u_pit_stop_core/u_draw_game_panel/local_button_y_s0[3]_i_8/O
                         net (fo=1, routed)           0.681    11.960    u_top_fsm/u_pit_stop_core/u_draw_game_panel/local_button_y_s0[3]_i_8_n_0
    SLICE_X46Y62         LUT5 (Prop_lut5_I1_O)        0.124    12.084 r  u_top_fsm/u_pit_stop_core/u_draw_game_panel/local_button_y_s0[3]_i_4/O
                         net (fo=1, routed)           0.000    12.084    u_top_fsm/u_pit_stop_core/u_draw_game_panel/local_button_y_s0[3]_i_4_n_0
    SLICE_X46Y62         CARRY4 (Prop_carry4_S[1]_CO[3])
                                                      0.533    12.617 r  u_top_fsm/u_pit_stop_core/u_draw_game_panel/local_button_y_s0_reg[3]_i_1/CO[3]
                         net (fo=1, routed)           0.000    12.617    u_top_fsm/u_pit_stop_core/u_draw_game_panel/local_button_y_s0_reg[3]_i_1_n_0
    SLICE_X46Y63         CARRY4 (Prop_carry4_CI_CO[3])
                                                      0.117    12.734 r  u_top_fsm/u_pit_stop_core/u_draw_game_panel/local_button_y_s0_reg[7]_i_1/CO[3]
                         net (fo=1, routed)           0.000    12.734    u_top_fsm/u_pit_stop_core/u_draw_game_panel/local_button_y_s0_reg[7]_i_1_n_0
    SLICE_X46Y64         CARRY4 (Prop_carry4_CI_O[1])
                                                      0.323    13.057 r  u_top_fsm/u_pit_stop_core/u_draw_game_panel/local_button_y_s0_reg[11]_i_1/O[1]
                         net (fo=1, routed)           0.000    13.057    u_top_fsm/u_pit_stop_core/u_draw_buttons/local_button_y_s0_reg[11]_0[9]
    SLICE_X46Y64         FDRE                                         r  u_top_fsm/u_pit_stop_core/u_draw_buttons/local_button_y_s0_reg[11]/D
  -------------------------------------------------------------------    -------------------

                         (clock clk_out1_clk_wiz_0 rise edge)
                                                     15.385    15.385 r  
    W5                                                0.000    15.385 r  clk (IN)
                         net (fo=0)                   0.000    15.385    CLK0/inst/clk
    W5                   IBUF (Prop_ibuf_I_O)         1.388    16.773 r  CLK0/inst/clkin1_ibufg/O
                         net (fo=1, routed)           1.162    17.935    CLK0/inst/clk_in_clk_wiz_0
    MMCME2_ADV_X1Y0      MMCME2_ADV (Prop_mmcme2_adv_CLKIN1_CLKOUT0)
                                                     -7.217    10.717 r  CLK0/inst/mmcm_adv_inst/CLKOUT0
                         net (fo=2, routed)           1.581    12.298    CLK0/inst/clk_out1_clk_wiz_0
    BUFGCTRL_X0Y0        BUFGCTRL (Prop_bufgctrl_I0_O)
                                                      0.091    12.389 r  CLK0/inst/clkout1_buf/O
                         net (fo=1526, routed)        1.433    13.822    u_top_fsm/u_pit_stop_core/u_draw_buttons/clk_65M
    SLICE_X46Y64         FDRE                                         r  u_top_fsm/u_pit_stop_core/u_draw_buttons/local_button_y_s0_reg[11]/C
                         clock pessimism              0.562    14.384    
                         clock uncertainty           -0.130    14.253    
    SLICE_X46Y64         FDRE (Setup_fdre_C_D)        0.109    14.362    u_top_fsm/u_pit_stop_core/u_draw_buttons/local_button_y_s0_reg[11]
  -------------------------------------------------------------------
                         required time                         14.362    
                         arrival time                         -13.057    
  -------------------------------------------------------------------
                         slack                                  1.305    

Slack (MET) :             1.407ns  (required time - arrival time)
  Source:                 u_top_fsm/u_pit_stop_core/u_vga_timing/vga_out\\.vcount_reg[2]/C
                            (rising edge-triggered cell FDRE clocked by clk_out1_clk_wiz_0  {rise@0.000ns fall@7.692ns period=15.385ns})
  Destination:            u_top_fsm/u_pit_stop_core/u_draw_bg/u_Grandstand_Rom/LUT_value_reg/ADDRARDADDR[11]
                            (rising edge-triggered cell RAMB18E1 clocked by clk_out1_clk_wiz_0  {rise@0.000ns fall@7.692ns period=15.385ns})
  Path Group:             clk_out1_clk_wiz_0
  Path Type:              Setup (Max at Slow Process Corner)
  Requirement:            15.385ns  (clk_out1_clk_wiz_0 rise@15.385ns - clk_out1_clk_wiz_0 rise@0.000ns)
  Data Path Delay:        13.080ns  (logic 5.320ns (40.674%)  route 7.760ns (59.326%))
  Logic Levels:           16  (CARRY4=7 LUT2=3 LUT3=1 LUT4=1 LUT5=2 LUT6=2)
  Clock Path Skew:        0.006ns (DCD - SCD + CPR)
    Destination Clock Delay (DCD):    -1.528ns = ( 13.856 - 15.385 ) 
    Source Clock Delay      (SCD):    -0.973ns
    Clock Pessimism Removal (CPR):    0.562ns
  Clock Uncertainty:      0.130ns  ((TSJ^2 + DJ^2)^1/2) / 2 + PE
    Total System Jitter     (TSJ):    0.071ns
    Discrete Jitter          (DJ):    0.251ns
    Phase Error              (PE):    0.000ns

    Location             Delay type                Incr(ns)  Path(ns)    Netlist Resource(s)
  -------------------------------------------------------------------    -------------------
                         (clock clk_out1_clk_wiz_0 rise edge)
                                                      0.000     0.000 r  
    W5                                                0.000     0.000 r  clk (IN)
                         net (fo=0)                   0.000     0.000    CLK0/inst/clk
    W5                   IBUF (Prop_ibuf_I_O)         1.458     1.458 r  CLK0/inst/clkin1_ibufg/O
                         net (fo=1, routed)           1.233     2.691    CLK0/inst/clk_in_clk_wiz_0
    MMCME2_ADV_X1Y0      MMCME2_ADV (Prop_mmcme2_adv_CLKIN1_CLKOUT0)
                                                     -6.961    -4.269 r  CLK0/inst/mmcm_adv_inst/CLKOUT0
                         net (fo=2, routed)           1.661    -2.608    CLK0/inst/clk_out1_clk_wiz_0
    BUFGCTRL_X0Y0        BUFGCTRL (Prop_bufgctrl_I0_O)
                                                      0.096    -2.512 r  CLK0/inst/clkout1_buf/O
                         net (fo=1526, routed)        1.539    -0.973    u_top_fsm/u_pit_stop_core/u_vga_timing/clk_65M
    SLICE_X35Y79         FDRE                                         r  u_top_fsm/u_pit_stop_core/u_vga_timing/vga_out\\.vcount_reg[2]/C
  -------------------------------------------------------------------    -------------------
    SLICE_X35Y79         FDRE (Prop_fdre_C_Q)         0.456    -0.517 r  u_top_fsm/u_pit_stop_core/u_vga_timing/vga_out\\.vcount_reg[2]/Q
                         net (fo=37, routed)          1.121     0.604    u_top_fsm/u_pit_stop_core/u_draw_bg/u_Grandstand_Rom/is_cloud_d_reg_i_17_0[0]
    SLICE_X34Y78         LUT5 (Prop_lut5_I0_O)        0.124     0.728 r  u_top_fsm/u_pit_stop_core/u_draw_bg/u_Grandstand_Rom/is_cloud_d_i_42/O
                         net (fo=1, routed)           0.000     0.728    u_top_fsm/u_pit_stop_core/u_draw_bg/u_Grandstand_Rom/is_cloud_d_i_42_n_0
    SLICE_X34Y78         CARRY4 (Prop_carry4_S[0]_CO[3])
                                                      0.513     1.241 r  u_top_fsm/u_pit_stop_core/u_draw_bg/u_Grandstand_Rom/is_cloud_d_reg_i_17/CO[3]
                         net (fo=1, routed)           0.000     1.241    u_top_fsm/u_pit_stop_core/u_vga_timing/CO[0]
    SLICE_X34Y79         CARRY4 (Prop_carry4_CI_CO[0])
                                                      0.254     1.495 f  u_top_fsm/u_pit_stop_core/u_vga_timing/is_cloud_d_reg_i_8/CO[0]
                         net (fo=1, routed)           0.805     2.300    u_top_fsm/u_pit_stop_core/u_vga_timing/u_draw_bg/is_c11
    SLICE_X34Y80         LUT5 (Prop_lut5_I4_O)        0.389     2.689 r  u_top_fsm/u_pit_stop_core/u_vga_timing/is_cloud_d_i_4/O
                         net (fo=1, routed)           0.612     3.300    u_top_fsm/u_pit_stop_core/u_vga_timing/is_cloud_d_i_4_n_0
    SLICE_X30Y78         LUT6 (Prop_lut6_I2_O)        0.328     3.628 f  u_top_fsm/u_pit_stop_core/u_vga_timing/is_cloud_d_i_2/O
                         net (fo=25, routed)          0.879     4.507    u_top_fsm/u_pit_stop_core/u_vga_timing/is_cloud_d_i_2_n_0
    SLICE_X29Y76         LUT2 (Prop_lut2_I0_O)        0.124     4.631 f  u_top_fsm/u_pit_stop_core/u_vga_timing/LUT_value_reg_i_103/O
                         net (fo=1, routed)           0.670     5.302    u_top_fsm/u_pit_stop_core/u_vga_timing/LUT_value_reg_i_103_n_0
    SLICE_X29Y76         LUT6 (Prop_lut6_I0_O)        0.124     5.426 r  u_top_fsm/u_pit_stop_core/u_vga_timing/LUT_value_reg_i_72/O
                         net (fo=14, routed)          0.842     6.268    u_top_fsm/u_pit_stop_core/u_vga_timing/LUT_value_reg_i_53_n_0
    SLICE_X30Y72         LUT2 (Prop_lut2_I1_O)        0.124     6.392 r  u_top_fsm/u_pit_stop_core/u_vga_timing/LUT_value_reg_i_41__0/O
                         net (fo=1, routed)           0.000     6.392    u_top_fsm/u_pit_stop_core/u_vga_timing/LUT_value_reg_i_41__0_n_0
    SLICE_X30Y72         CARRY4 (Prop_carry4_S[3]_CO[3])
                                                      0.376     6.768 r  u_top_fsm/u_pit_stop_core/u_vga_timing/LUT_value_reg_i_22/CO[3]
                         net (fo=1, routed)           0.000     6.768    u_top_fsm/u_pit_stop_core/u_vga_timing/LUT_value_reg_i_22_n_0
    SLICE_X30Y73         CARRY4 (Prop_carry4_CI_O[2])
                                                      0.239     7.007 r  u_top_fsm/u_pit_stop_core/u_vga_timing/LUT_value_reg_i_46/O[2]
                         net (fo=3, routed)           0.590     7.597    u_top_fsm/u_pit_stop_core/u_vga_timing/LUT_value_reg_i_46_n_5
    SLICE_X31Y73         LUT3 (Prop_lut3_I0_O)        0.297     7.894 r  u_top_fsm/u_pit_stop_core/u_vga_timing/LUT_value_reg_i_34/O
                         net (fo=2, routed)           0.422     8.316    u_top_fsm/u_pit_stop_core/u_vga_timing/LUT_value_reg_i_34_n_0
    SLICE_X31Y73         LUT4 (Prop_lut4_I3_O)        0.327     8.643 r  u_top_fsm/u_pit_stop_core/u_vga_timing/LUT_value_reg_i_37/O
                         net (fo=1, routed)           0.000     8.643    u_top_fsm/u_pit_stop_core/u_vga_timing/LUT_value_reg_i_37_n_0
    SLICE_X31Y73         CARRY4 (Prop_carry4_S[3]_CO[3])
                                                      0.401     9.044 r  u_top_fsm/u_pit_stop_core/u_vga_timing/LUT_value_reg_i_19__0/CO[3]
                         net (fo=1, routed)           0.000     9.044    u_top_fsm/u_pit_stop_core/u_vga_timing/LUT_value_reg_i_19__0_n_0
    SLICE_X31Y74         CARRY4 (Prop_carry4_CI_O[0])
                                                      0.223     9.267 r  u_top_fsm/u_pit_stop_core/u_vga_timing/LUT_value_reg_i_17/O[0]
                         net (fo=1, routed)           0.445     9.712    u_top_fsm/u_pit_stop_core/u_vga_timing/u_draw_bg/addr_grandstand1[8]
    SLICE_X29Y74         CARRY4 (Prop_carry4_S[0]_O[1])
                                                      0.723    10.435 r  u_top_fsm/u_pit_stop_core/u_vga_timing/LUT_value_reg_i_13__0/O[1]
                         net (fo=1, routed)           0.723    11.158    u_top_fsm/u_pit_stop_core/u_vga_timing/u_draw_bg/addr_grandstand0[9]
    SLICE_X15Y72         LUT2 (Prop_lut2_I0_O)        0.298    11.456 r  u_top_fsm/u_pit_stop_core/u_vga_timing/LUT_value_reg_i_3__0/O
                         net (fo=1, routed)           0.651    12.107    u_top_fsm/u_pit_stop_core/u_draw_bg/u_Grandstand_Rom/LUT_value_reg_0[9]
    RAMB18_X0Y29         RAMB18E1                                     r  u_top_fsm/u_pit_stop_core/u_draw_bg/u_Grandstand_Rom/LUT_value_reg/ADDRARDADDR[11]
  -------------------------------------------------------------------    -------------------

                         (clock clk_out1_clk_wiz_0 rise edge)
                                                     15.385    15.385 r  
    W5                                                0.000    15.385 r  clk (IN)
                         net (fo=0)                   0.000    15.385    CLK0/inst/clk
    W5                   IBUF (Prop_ibuf_I_O)         1.388    16.773 r  CLK0/inst/clkin1_ibufg/O
                         net (fo=1, routed)           1.162    17.935    CLK0/inst/clk_in_clk_wiz_0
    MMCME2_ADV_X1Y0      MMCME2_ADV (Prop_mmcme2_adv_CLKIN1_CLKOUT0)
                                                     -7.217    10.717 r  CLK0/inst/mmcm_adv_inst/CLKOUT0
                         net (fo=2, routed)           1.581    12.298    CLK0/inst/clk_out1_clk_wiz_0
    BUFGCTRL_X0Y0        BUFGCTRL (Prop_bufgctrl_I0_O)
                                                      0.091    12.389 r  CLK0/inst/clkout1_buf/O
                         net (fo=1526, routed)        1.467    13.856    u_top_fsm/u_pit_stop_core/u_draw_bg/u_Grandstand_Rom/clk_65M
    RAMB18_X0Y29         RAMB18E1                                     r  u_top_fsm/u_pit_stop_core/u_draw_bg/u_Grandstand_Rom/LUT_value_reg/CLKARDCLK
                         clock pessimism              0.562    14.418    
                         clock uncertainty           -0.130    14.288    
    RAMB18_X0Y29         RAMB18E1 (Setup_ramb18e1_CLKARDCLK_ADDRARDADDR[11])
                                                     -0.774    13.514    u_top_fsm/u_pit_stop_core/u_draw_bg/u_Grandstand_Rom/LUT_value_reg
  -------------------------------------------------------------------
                         required time                         13.514    
                         arrival time                         -12.107    
  -------------------------------------------------------------------
                         slack                                  1.407    

Slack (MET) :             1.409ns  (required time - arrival time)
  Source:                 u_top_fsm/u_pit_stop_core/u_system_fsm/FSM_sequential_state_reg[2]/C
                            (rising edge-triggered cell FDRE clocked by clk_out1_clk_wiz_0  {rise@0.000ns fall@7.692ns period=15.385ns})
  Destination:            u_top_fsm/u_pit_stop_core/u_draw_buttons/local_button_y_s0_reg[8]/D
                            (rising edge-triggered cell FDRE clocked by clk_out1_clk_wiz_0  {rise@0.000ns fall@7.692ns period=15.385ns})
  Path Group:             clk_out1_clk_wiz_0
  Path Type:              Setup (Max at Slow Process Corner)
  Requirement:            15.385ns  (clk_out1_clk_wiz_0 rise@15.385ns - clk_out1_clk_wiz_0 rise@0.000ns)
  Data Path Delay:        13.921ns  (logic 6.000ns (43.100%)  route 7.921ns (56.900%))
  Logic Levels:           17  (CARRY4=10 LUT1=1 LUT3=1 LUT4=2 LUT5=2 LUT6=1)
  Clock Path Skew:        -0.033ns (DCD - SCD + CPR)
    Destination Clock Delay (DCD):    -1.563ns = ( 13.822 - 15.385 ) 
    Source Clock Delay      (SCD):    -0.968ns
    Clock Pessimism Removal (CPR):    0.562ns
  Clock Uncertainty:      0.130ns  ((TSJ^2 + DJ^2)^1/2) / 2 + PE
    Total System Jitter     (TSJ):    0.071ns
    Discrete Jitter          (DJ):    0.251ns
    Phase Error              (PE):    0.000ns

    Location             Delay type                Incr(ns)  Path(ns)    Netlist Resource(s)
  -------------------------------------------------------------------    -------------------
                         (clock clk_out1_clk_wiz_0 rise edge)
                                                      0.000     0.000 r  
    W5                                                0.000     0.000 r  clk (IN)
                         net (fo=0)                   0.000     0.000    CLK0/inst/clk
    W5                   IBUF (Prop_ibuf_I_O)         1.458     1.458 r  CLK0/inst/clkin1_ibufg/O
                         net (fo=1, routed)           1.233     2.691    CLK0/inst/clk_in_clk_wiz_0
    MMCME2_ADV_X1Y0      MMCME2_ADV (Prop_mmcme2_adv_CLKIN1_CLKOUT0)
                                                     -6.961    -4.269 r  CLK0/inst/mmcm_adv_inst/CLKOUT0
                         net (fo=2, routed)           1.661    -2.608    CLK0/inst/clk_out1_clk_wiz_0
    BUFGCTRL_X0Y0        BUFGCTRL (Prop_bufgctrl_I0_O)
                                                      0.096    -2.512 r  CLK0/inst/clkout1_buf/O
                         net (fo=1526, routed)        1.544    -0.968    u_top_fsm/u_pit_stop_core/u_system_fsm/clk_65M
    SLICE_X48Y78         FDRE                                         r  u_top_fsm/u_pit_stop_core/u_system_fsm/FSM_sequential_state_reg[2]/C
  -------------------------------------------------------------------    -------------------
    SLICE_X48Y78         FDRE (Prop_fdre_C_Q)         0.456    -0.512 r  u_top_fsm/u_pit_stop_core/u_system_fsm/FSM_sequential_state_reg[2]/Q
                         net (fo=149, routed)         1.427     0.915    u_top_fsm/u_pit_stop_core/u_system_fsm/Q[2]
    SLICE_X45Y66         LUT3 (Prop_lut3_I0_O)        0.124     1.039 r  u_top_fsm/u_pit_stop_core/u_system_fsm/gen_click_on_release.press_armed_i_65/O
                         net (fo=1, routed)           0.895     1.934    u_top_fsm/u_pit_stop_core/u_system_fsm/gen_click_on_release.press_armed_i_65_n_0
    SLICE_X46Y55         CARRY4 (Prop_carry4_CYINIT_CO[3])
                                                      0.595     2.529 r  u_top_fsm/u_pit_stop_core/u_system_fsm/gen_click_on_release.press_armed_reg_i_50/CO[3]
                         net (fo=1, routed)           0.000     2.529    u_top_fsm/u_pit_stop_core/u_system_fsm/gen_click_on_release.press_armed_reg_i_50_n_0
    SLICE_X46Y56         CARRY4 (Prop_carry4_CI_O[0])
                                                      0.219     2.748 f  u_top_fsm/u_pit_stop_core/u_system_fsm/gen_click_on_release.press_armed_reg_i_49/O[0]
                         net (fo=1, routed)           0.578     3.325    u_top_fsm/u_pit_stop_core/u_system_fsm/u_hitbox_back/p_1_out0[9]
    SLICE_X47Y56         LUT1 (Prop_lut1_I0_O)        0.295     3.620 r  u_top_fsm/u_pit_stop_core/u_system_fsm/gen_click_on_release.press_armed_i_15__0__0/O
                         net (fo=1, routed)           0.000     3.620    u_top_fsm/u_pit_stop_core/u_system_fsm/gen_click_on_release.press_armed_i_15__0__0_n_0
    SLICE_X47Y56         CARRY4 (Prop_carry4_S[1]_CO[3])
                                                      0.550     4.170 r  u_top_fsm/u_pit_stop_core/u_system_fsm/gen_click_on_release.press_armed_reg_i_6__1/CO[3]
                         net (fo=2, routed)           1.169     5.339    u_top_fsm/u_pit_stop_core/u_system_fsm/gen_click_on_release.press_armed_reg_i_6__1_n_0
    SLICE_X48Y63         LUT6 (Prop_lut6_I5_O)        0.124     5.463 r  u_top_fsm/u_pit_stop_core/u_system_fsm/local_button_y_s0[3]_i_10/O
                         net (fo=1, routed)           0.000     5.463    u_top_fsm/u_pit_stop_core/u_system_fsm/local_button_y_s0[3]_i_10_n_0
    SLICE_X48Y63         CARRY4 (Prop_carry4_S[1]_CO[2])
                                                      0.570     6.033 r  u_top_fsm/u_pit_stop_core/u_system_fsm/local_button_y_s0_reg[3]_i_7/CO[2]
                         net (fo=8, routed)           0.624     6.657    u_top_fsm/u_pit_stop_core/u_system_fsm/FSM_sequential_state_reg[2]_3[0]
    SLICE_X46Y61         CARRY4 (Prop_carry4_CYINIT_CO[3])
                                                      0.784     7.441 r  u_top_fsm/u_pit_stop_core/u_system_fsm/local_button_y_s0_reg[7]_i_7/CO[3]
                         net (fo=6, routed)           1.037     8.478    u_top_fsm/u_pit_stop_core/u_draw_game_panel/local_button_y_s0_reg[7]_0[0]
    SLICE_X45Y63         LUT4 (Prop_lut4_I3_O)        0.124     8.602 r  u_top_fsm/u_pit_stop_core/u_draw_game_panel/in_button_s0_i_44/O
                         net (fo=1, routed)           0.000     8.602    u_top_fsm/u_pit_stop_core/u_draw_game_panel/in_button_s0_i_44_n_0
    SLICE_X45Y63         CARRY4 (Prop_carry4_S[2]_CO[3])
                                                      0.398     9.000 r  u_top_fsm/u_pit_stop_core/u_draw_game_panel/in_button_s0_reg_i_15/CO[3]
                         net (fo=1, routed)           0.000     9.000    u_top_fsm/u_pit_stop_core/u_draw_game_panel/in_button_s0_reg_i_15_n_0
    SLICE_X45Y64         CARRY4 (Prop_carry4_CI_CO[0])
                                                      0.271     9.271 r  u_top_fsm/u_pit_stop_core/u_draw_game_panel/in_button_s0_reg_i_8/CO[0]
                         net (fo=1, routed)           0.700     9.971    u_top_fsm/u_pit_stop_core/u_draw_game_panel/u_draw_buttons/back_active1
    SLICE_X45Y66         LUT5 (Prop_lut5_I4_O)        0.373    10.344 r  u_top_fsm/u_pit_stop_core/u_draw_game_panel/in_button_s0_i_3/O
                         net (fo=20, routed)          0.811    11.155    u_top_fsm/u_pit_stop_core/u_draw_game_panel/u_draw_buttons/back_active
    SLICE_X49Y65         LUT4 (Prop_lut4_I2_O)        0.124    11.279 r  u_top_fsm/u_pit_stop_core/u_draw_game_panel/local_button_y_s0[3]_i_8/O
                         net (fo=1, routed)           0.681    11.960    u_top_fsm/u_pit_stop_core/u_draw_game_panel/local_button_y_s0[3]_i_8_n_0
    SLICE_X46Y62         LUT5 (Prop_lut5_I1_O)        0.124    12.084 r  u_top_fsm/u_pit_stop_core/u_draw_game_panel/local_button_y_s0[3]_i_4/O
                         net (fo=1, routed)           0.000    12.084    u_top_fsm/u_pit_stop_core/u_draw_game_panel/local_button_y_s0[3]_i_4_n_0
    SLICE_X46Y62         CARRY4 (Prop_carry4_S[1]_CO[3])
                                                      0.533    12.617 r  u_top_fsm/u_pit_stop_core/u_draw_game_panel/local_button_y_s0_reg[3]_i_1/CO[3]
                         net (fo=1, routed)           0.000    12.617    u_top_fsm/u_pit_stop_core/u_draw_game_panel/local_button_y_s0_reg[3]_i_1_n_0
    SLICE_X46Y63         CARRY4 (Prop_carry4_CI_CO[3])
                                                      0.117    12.734 r  u_top_fsm/u_pit_stop_core/u_draw_game_panel/local_button_y_s0_reg[7]_i_1/CO[3]
                         net (fo=1, routed)           0.000    12.734    u_top_fsm/u_pit_stop_core/u_draw_game_panel/local_button_y_s0_reg[7]_i_1_n_0
    SLICE_X46Y64         CARRY4 (Prop_carry4_CI_O[0])
                                                      0.219    12.953 r  u_top_fsm/u_pit_stop_core/u_draw_game_panel/local_button_y_s0_reg[11]_i_1/O[0]
                         net (fo=1, routed)           0.000    12.953    u_top_fsm/u_pit_stop_core/u_draw_buttons/local_button_y_s0_reg[11]_0[8]
    SLICE_X46Y64         FDRE                                         r  u_top_fsm/u_pit_stop_core/u_draw_buttons/local_button_y_s0_reg[8]/D
  -------------------------------------------------------------------    -------------------

                         (clock clk_out1_clk_wiz_0 rise edge)
                                                     15.385    15.385 r  
    W5                                                0.000    15.385 r  clk (IN)
                         net (fo=0)                   0.000    15.385    CLK0/inst/clk
    W5                   IBUF (Prop_ibuf_I_O)         1.388    16.773 r  CLK0/inst/clkin1_ibufg/O
                         net (fo=1, routed)           1.162    17.935    CLK0/inst/clk_in_clk_wiz_0
    MMCME2_ADV_X1Y0      MMCME2_ADV (Prop_mmcme2_adv_CLKIN1_CLKOUT0)
                                                     -7.217    10.717 r  CLK0/inst/mmcm_adv_inst/CLKOUT0
                         net (fo=2, routed)           1.581    12.298    CLK0/inst/clk_out1_clk_wiz_0
    BUFGCTRL_X0Y0        BUFGCTRL (Prop_bufgctrl_I0_O)
                                                      0.091    12.389 r  CLK0/inst/clkout1_buf/O
                         net (fo=1526, routed)        1.433    13.822    u_top_fsm/u_pit_stop_core/u_draw_buttons/clk_65M
    SLICE_X46Y64         FDRE                                         r  u_top_fsm/u_pit_stop_core/u_draw_buttons/local_button_y_s0_reg[8]/C
                         clock pessimism              0.562    14.384    
                         clock uncertainty           -0.130    14.253    
    SLICE_X46Y64         FDRE (Setup_fdre_C_D)        0.109    14.362    u_top_fsm/u_pit_stop_core/u_draw_buttons/local_button_y_s0_reg[8]
  -------------------------------------------------------------------
                         required time                         14.362    
                         arrival time                         -12.953    
  -------------------------------------------------------------------
                         slack                                  1.409    

Slack (MET) :             1.422ns  (required time - arrival time)
  Source:                 u_top_fsm/u_pit_stop_core/u_system_fsm/FSM_sequential_state_reg[2]/C
                            (rising edge-triggered cell FDRE clocked by clk_out1_clk_wiz_0  {rise@0.000ns fall@7.692ns period=15.385ns})
  Destination:            u_top_fsm/u_pit_stop_core/u_draw_buttons/local_button_y_s0_reg[5]/D
                            (rising edge-triggered cell FDRE clocked by clk_out1_clk_wiz_0  {rise@0.000ns fall@7.692ns period=15.385ns})
  Path Group:             clk_out1_clk_wiz_0
  Path Type:              Setup (Max at Slow Process Corner)
  Requirement:            15.385ns  (clk_out1_clk_wiz_0 rise@15.385ns - clk_out1_clk_wiz_0 rise@0.000ns)
  Data Path Delay:        13.908ns  (logic 5.987ns (43.047%)  route 7.921ns (56.953%))
  Logic Levels:           16  (CARRY4=9 LUT1=1 LUT3=1 LUT4=2 LUT5=2 LUT6=1)
  Clock Path Skew:        -0.033ns (DCD - SCD + CPR)
    Destination Clock Delay (DCD):    -1.563ns = ( 13.822 - 15.385 ) 
    Source Clock Delay      (SCD):    -0.968ns
    Clock Pessimism Removal (CPR):    0.562ns
  Clock Uncertainty:      0.130ns  ((TSJ^2 + DJ^2)^1/2) / 2 + PE
    Total System Jitter     (TSJ):    0.071ns
    Discrete Jitter          (DJ):    0.251ns
    Phase Error              (PE):    0.000ns

    Location             Delay type                Incr(ns)  Path(ns)    Netlist Resource(s)
  -------------------------------------------------------------------    -------------------
                         (clock clk_out1_clk_wiz_0 rise edge)
                                                      0.000     0.000 r  
    W5                                                0.000     0.000 r  clk (IN)
                         net (fo=0)                   0.000     0.000    CLK0/inst/clk
    W5                   IBUF (Prop_ibuf_I_O)         1.458     1.458 r  CLK0/inst/clkin1_ibufg/O
                         net (fo=1, routed)           1.233     2.691    CLK0/inst/clk_in_clk_wiz_0
    MMCME2_ADV_X1Y0      MMCME2_ADV (Prop_mmcme2_adv_CLKIN1_CLKOUT0)
                                                     -6.961    -4.269 r  CLK0/inst/mmcm_adv_inst/CLKOUT0
                         net (fo=2, routed)           1.661    -2.608    CLK0/inst/clk_out1_clk_wiz_0
    BUFGCTRL_X0Y0        BUFGCTRL (Prop_bufgctrl_I0_O)
                                                      0.096    -2.512 r  CLK0/inst/clkout1_buf/O
                         net (fo=1526, routed)        1.544    -0.968    u_top_fsm/u_pit_stop_core/u_system_fsm/clk_65M
    SLICE_X48Y78         FDRE                                         r  u_top_fsm/u_pit_stop_core/u_system_fsm/FSM_sequential_state_reg[2]/C
  -------------------------------------------------------------------    -------------------
    SLICE_X48Y78         FDRE (Prop_fdre_C_Q)         0.456    -0.512 r  u_top_fsm/u_pit_stop_core/u_system_fsm/FSM_sequential_state_reg[2]/Q
                         net (fo=149, routed)         1.427     0.915    u_top_fsm/u_pit_stop_core/u_system_fsm/Q[2]
    SLICE_X45Y66         LUT3 (Prop_lut3_I0_O)        0.124     1.039 r  u_top_fsm/u_pit_stop_core/u_system_fsm/gen_click_on_release.press_armed_i_65/O
                         net (fo=1, routed)           0.895     1.934    u_top_fsm/u_pit_stop_core/u_system_fsm/gen_click_on_release.press_armed_i_65_n_0
    SLICE_X46Y55         CARRY4 (Prop_carry4_CYINIT_CO[3])
                                                      0.595     2.529 r  u_top_fsm/u_pit_stop_core/u_system_fsm/gen_click_on_release.press_armed_reg_i_50/CO[3]
                         net (fo=1, routed)           0.000     2.529    u_top_fsm/u_pit_stop_core/u_system_fsm/gen_click_on_release.press_armed_reg_i_50_n_0
    SLICE_X46Y56         CARRY4 (Prop_carry4_CI_O[0])
                                                      0.219     2.748 f  u_top_fsm/u_pit_stop_core/u_system_fsm/gen_click_on_release.press_armed_reg_i_49/O[0]
                         net (fo=1, routed)           0.578     3.325    u_top_fsm/u_pit_stop_core/u_system_fsm/u_hitbox_back/p_1_out0[9]
    SLICE_X47Y56         LUT1 (Prop_lut1_I0_O)        0.295     3.620 r  u_top_fsm/u_pit_stop_core/u_system_fsm/gen_click_on_release.press_armed_i_15__0__0/O
                         net (fo=1, routed)           0.000     3.620    u_top_fsm/u_pit_stop_core/u_system_fsm/gen_click_on_release.press_armed_i_15__0__0_n_0
    SLICE_X47Y56         CARRY4 (Prop_carry4_S[1]_CO[3])
                                                      0.550     4.170 r  u_top_fsm/u_pit_stop_core/u_system_fsm/gen_click_on_release.press_armed_reg_i_6__1/CO[3]
                         net (fo=2, routed)           1.169     5.339    u_top_fsm/u_pit_stop_core/u_system_fsm/gen_click_on_release.press_armed_reg_i_6__1_n_0
    SLICE_X48Y63         LUT6 (Prop_lut6_I5_O)        0.124     5.463 r  u_top_fsm/u_pit_stop_core/u_system_fsm/local_button_y_s0[3]_i_10/O
                         net (fo=1, routed)           0.000     5.463    u_top_fsm/u_pit_stop_core/u_system_fsm/local_button_y_s0[3]_i_10_n_0
    SLICE_X48Y63         CARRY4 (Prop_carry4_S[1]_CO[2])
                                                      0.570     6.033 r  u_top_fsm/u_pit_stop_core/u_system_fsm/local_button_y_s0_reg[3]_i_7/CO[2]
                         net (fo=8, routed)           0.624     6.657    u_top_fsm/u_pit_stop_core/u_system_fsm/FSM_sequential_state_reg[2]_3[0]
    SLICE_X46Y61         CARRY4 (Prop_carry4_CYINIT_CO[3])
                                                      0.784     7.441 r  u_top_fsm/u_pit_stop_core/u_system_fsm/local_button_y_s0_reg[7]_i_7/CO[3]
                         net (fo=6, routed)           1.037     8.478    u_top_fsm/u_pit_stop_core/u_draw_game_panel/local_button_y_s0_reg[7]_0[0]
    SLICE_X45Y63         LUT4 (Prop_lut4_I3_O)        0.124     8.602 r  u_top_fsm/u_pit_stop_core/u_draw_game_panel/in_button_s0_i_44/O
                         net (fo=1, routed)           0.000     8.602    u_top_fsm/u_pit_stop_core/u_draw_game_panel/in_button_s0_i_44_n_0
    SLICE_X45Y63         CARRY4 (Prop_carry4_S[2]_CO[3])
                                                      0.398     9.000 r  u_top_fsm/u_pit_stop_core/u_draw_game_panel/in_button_s0_reg_i_15/CO[3]
                         net (fo=1, routed)           0.000     9.000    u_top_fsm/u_pit_stop_core/u_draw_game_panel/in_button_s0_reg_i_15_n_0
    SLICE_X45Y64         CARRY4 (Prop_carry4_CI_CO[0])
                                                      0.271     9.271 r  u_top_fsm/u_pit_stop_core/u_draw_game_panel/in_button_s0_reg_i_8/CO[0]
                         net (fo=1, routed)           0.700     9.971    u_top_fsm/u_pit_stop_core/u_draw_game_panel/u_draw_buttons/back_active1
    SLICE_X45Y66         LUT5 (Prop_lut5_I4_O)        0.373    10.344 r  u_top_fsm/u_pit_stop_core/u_draw_game_panel/in_button_s0_i_3/O
                         net (fo=20, routed)          0.811    11.155    u_top_fsm/u_pit_stop_core/u_draw_game_panel/u_draw_buttons/back_active
    SLICE_X49Y65         LUT4 (Prop_lut4_I2_O)        0.124    11.279 r  u_top_fsm/u_pit_stop_core/u_draw_game_panel/local_button_y_s0[3]_i_8/O
                         net (fo=1, routed)           0.681    11.960    u_top_fsm/u_pit_stop_core/u_draw_game_panel/local_button_y_s0[3]_i_8_n_0
    SLICE_X46Y62         LUT5 (Prop_lut5_I1_O)        0.124    12.084 r  u_top_fsm/u_pit_stop_core/u_draw_game_panel/local_button_y_s0[3]_i_4/O
                         net (fo=1, routed)           0.000    12.084    u_top_fsm/u_pit_stop_core/u_draw_game_panel/local_button_y_s0[3]_i_4_n_0
    SLICE_X46Y62         CARRY4 (Prop_carry4_S[1]_CO[3])
                                                      0.533    12.617 r  u_top_fsm/u_pit_stop_core/u_draw_game_panel/local_button_y_s0_reg[3]_i_1/CO[3]
                         net (fo=1, routed)           0.000    12.617    u_top_fsm/u_pit_stop_core/u_draw_game_panel/local_button_y_s0_reg[3]_i_1_n_0
    SLICE_X46Y63         CARRY4 (Prop_carry4_CI_O[1])
                                                      0.323    12.940 r  u_top_fsm/u_pit_stop_core/u_draw_game_panel/local_button_y_s0_reg[7]_i_1/O[1]
                         net (fo=1, routed)           0.000    12.940    u_top_fsm/u_pit_stop_core/u_draw_buttons/local_button_y_s0_reg[11]_0[5]
    SLICE_X46Y63         FDRE                                         r  u_top_fsm/u_pit_stop_core/u_draw_buttons/local_button_y_s0_reg[5]/D
  -------------------------------------------------------------------    -------------------

                         (clock clk_out1_clk_wiz_0 rise edge)
                                                     15.385    15.385 r  
    W5                                                0.000    15.385 r  clk (IN)
                         net (fo=0)                   0.000    15.385    CLK0/inst/clk
    W5                   IBUF (Prop_ibuf_I_O)         1.388    16.773 r  CLK0/inst/clkin1_ibufg/O
                         net (fo=1, routed)           1.162    17.935    CLK0/inst/clk_in_clk_wiz_0
    MMCME2_ADV_X1Y0      MMCME2_ADV (Prop_mmcme2_adv_CLKIN1_CLKOUT0)
                                                     -7.217    10.717 r  CLK0/inst/mmcm_adv_inst/CLKOUT0
                         net (fo=2, routed)           1.581    12.298    CLK0/inst/clk_out1_clk_wiz_0
    BUFGCTRL_X0Y0        BUFGCTRL (Prop_bufgctrl_I0_O)
                                                      0.091    12.389 r  CLK0/inst/clkout1_buf/O
                         net (fo=1526, routed)        1.433    13.822    u_top_fsm/u_pit_stop_core/u_draw_buttons/clk_65M
    SLICE_X46Y63         FDRE                                         r  u_top_fsm/u_pit_stop_core/u_draw_buttons/local_button_y_s0_reg[5]/C
                         clock pessimism              0.562    14.384    
                         clock uncertainty           -0.130    14.253    
    SLICE_X46Y63         FDRE (Setup_fdre_C_D)        0.109    14.362    u_top_fsm/u_pit_stop_core/u_draw_buttons/local_button_y_s0_reg[5]
  -------------------------------------------------------------------
                         required time                         14.362    
                         arrival time                         -12.940    
  -------------------------------------------------------------------
                         slack                                  1.422    

Slack (MET) :             1.430ns  (required time - arrival time)
  Source:                 u_top_fsm/u_pit_stop_core/u_system_fsm/FSM_sequential_state_reg[2]/C
                            (rising edge-triggered cell FDRE clocked by clk_out1_clk_wiz_0  {rise@0.000ns fall@7.692ns period=15.385ns})
  Destination:            u_top_fsm/u_pit_stop_core/u_draw_buttons/local_button_y_s0_reg[7]/D
                            (rising edge-triggered cell FDRE clocked by clk_out1_clk_wiz_0  {rise@0.000ns fall@7.692ns period=15.385ns})
  Path Group:             clk_out1_clk_wiz_0
  Path Type:              Setup (Max at Slow Process Corner)
  Requirement:            15.385ns  (clk_out1_clk_wiz_0 rise@15.385ns - clk_out1_clk_wiz_0 rise@0.000ns)
  Data Path Delay:        13.900ns  (logic 5.979ns (43.014%)  route 7.921ns (56.986%))
  Logic Levels:           16  (CARRY4=9 LUT1=1 LUT3=1 LUT4=2 LUT5=2 LUT6=1)
  Clock Path Skew:        -0.033ns (DCD - SCD + CPR)
    Destination Clock Delay (DCD):    -1.563ns = ( 13.822 - 15.385 ) 
    Source Clock Delay      (SCD):    -0.968ns
    Clock Pessimism Removal (CPR):    0.562ns
  Clock Uncertainty:      0.130ns  ((TSJ^2 + DJ^2)^1/2) / 2 + PE
    Total System Jitter     (TSJ):    0.071ns
    Discrete Jitter          (DJ):    0.251ns
    Phase Error              (PE):    0.000ns

    Location             Delay type                Incr(ns)  Path(ns)    Netlist Resource(s)
  -------------------------------------------------------------------    -------------------
                         (clock clk_out1_clk_wiz_0 rise edge)
                                                      0.000     0.000 r  
    W5                                                0.000     0.000 r  clk (IN)
                         net (fo=0)                   0.000     0.000    CLK0/inst/clk
    W5                   IBUF (Prop_ibuf_I_O)         1.458     1.458 r  CLK0/inst/clkin1_ibufg/O
                         net (fo=1, routed)           1.233     2.691    CLK0/inst/clk_in_clk_wiz_0
    MMCME2_ADV_X1Y0      MMCME2_ADV (Prop_mmcme2_adv_CLKIN1_CLKOUT0)
                                                     -6.961    -4.269 r  CLK0/inst/mmcm_adv_inst/CLKOUT0
                         net (fo=2, routed)           1.661    -2.608    CLK0/inst/clk_out1_clk_wiz_0
    BUFGCTRL_X0Y0        BUFGCTRL (Prop_bufgctrl_I0_O)
                                                      0.096    -2.512 r  CLK0/inst/clkout1_buf/O
                         net (fo=1526, routed)        1.544    -0.968    u_top_fsm/u_pit_stop_core/u_system_fsm/clk_65M
    SLICE_X48Y78         FDRE                                         r  u_top_fsm/u_pit_stop_core/u_system_fsm/FSM_sequential_state_reg[2]/C
  -------------------------------------------------------------------    -------------------
    SLICE_X48Y78         FDRE (Prop_fdre_C_Q)         0.456    -0.512 r  u_top_fsm/u_pit_stop_core/u_system_fsm/FSM_sequential_state_reg[2]/Q
                         net (fo=149, routed)         1.427     0.915    u_top_fsm/u_pit_stop_core/u_system_fsm/Q[2]
    SLICE_X45Y66         LUT3 (Prop_lut3_I0_O)        0.124     1.039 r  u_top_fsm/u_pit_stop_core/u_system_fsm/gen_click_on_release.press_armed_i_65/O
                         net (fo=1, routed)           0.895     1.934    u_top_fsm/u_pit_stop_core/u_system_fsm/gen_click_on_release.press_armed_i_65_n_0
    SLICE_X46Y55         CARRY4 (Prop_carry4_CYINIT_CO[3])
                                                      0.595     2.529 r  u_top_fsm/u_pit_stop_core/u_system_fsm/gen_click_on_release.press_armed_reg_i_50/CO[3]
                         net (fo=1, routed)           0.000     2.529    u_top_fsm/u_pit_stop_core/u_system_fsm/gen_click_on_release.press_armed_reg_i_50_n_0
    SLICE_X46Y56         CARRY4 (Prop_carry4_CI_O[0])
                                                      0.219     2.748 f  u_top_fsm/u_pit_stop_core/u_system_fsm/gen_click_on_release.press_armed_reg_i_49/O[0]
                         net (fo=1, routed)           0.578     3.325    u_top_fsm/u_pit_stop_core/u_system_fsm/u_hitbox_back/p_1_out0[9]
    SLICE_X47Y56         LUT1 (Prop_lut1_I0_O)        0.295     3.620 r  u_top_fsm/u_pit_stop_core/u_system_fsm/gen_click_on_release.press_armed_i_15__0__0/O
                         net (fo=1, routed)           0.000     3.620    u_top_fsm/u_pit_stop_core/u_system_fsm/gen_click_on_release.press_armed_i_15__0__0_n_0
    SLICE_X47Y56         CARRY4 (Prop_carry4_S[1]_CO[3])
                                                      0.550     4.170 r  u_top_fsm/u_pit_stop_core/u_system_fsm/gen_click_on_release.press_armed_reg_i_6__1/CO[3]
                         net (fo=2, routed)           1.169     5.339    u_top_fsm/u_pit_stop_core/u_system_fsm/gen_click_on_release.press_armed_reg_i_6__1_n_0
    SLICE_X48Y63         LUT6 (Prop_lut6_I5_O)        0.124     5.463 r  u_top_fsm/u_pit_stop_core/u_system_fsm/local_button_y_s0[3]_i_10/O
                         net (fo=1, routed)           0.000     5.463    u_top_fsm/u_pit_stop_core/u_system_fsm/local_button_y_s0[3]_i_10_n_0
    SLICE_X48Y63         CARRY4 (Prop_carry4_S[1]_CO[2])
                                                      0.570     6.033 r  u_top_fsm/u_pit_stop_core/u_system_fsm/local_button_y_s0_reg[3]_i_7/CO[2]
                         net (fo=8, routed)           0.624     6.657    u_top_fsm/u_pit_stop_core/u_system_fsm/FSM_sequential_state_reg[2]_3[0]
    SLICE_X46Y61         CARRY4 (Prop_carry4_CYINIT_CO[3])
                                                      0.784     7.441 r  u_top_fsm/u_pit_stop_core/u_system_fsm/local_button_y_s0_reg[7]_i_7/CO[3]
                         net (fo=6, routed)           1.037     8.478    u_top_fsm/u_pit_stop_core/u_draw_game_panel/local_button_y_s0_reg[7]_0[0]
    SLICE_X45Y63         LUT4 (Prop_lut4_I3_O)        0.124     8.602 r  u_top_fsm/u_pit_stop_core/u_draw_game_panel/in_button_s0_i_44/O
                         net (fo=1, routed)           0.000     8.602    u_top_fsm/u_pit_stop_core/u_draw_game_panel/in_button_s0_i_44_n_0
    SLICE_X45Y63         CARRY4 (Prop_carry4_S[2]_CO[3])
                                                      0.398     9.000 r  u_top_fsm/u_pit_stop_core/u_draw_game_panel/in_button_s0_reg_i_15/CO[3]
                         net (fo=1, routed)           0.000     9.000    u_top_fsm/u_pit_stop_core/u_draw_game_panel/in_button_s0_reg_i_15_n_0
    SLICE_X45Y64         CARRY4 (Prop_carry4_CI_CO[0])
                                                      0.271     9.271 r  u_top_fsm/u_pit_stop_core/u_draw_game_panel/in_button_s0_reg_i_8/CO[0]
                         net (fo=1, routed)           0.700     9.971    u_top_fsm/u_pit_stop_core/u_draw_game_panel/u_draw_buttons/back_active1
    SLICE_X45Y66         LUT5 (Prop_lut5_I4_O)        0.373    10.344 r  u_top_fsm/u_pit_stop_core/u_draw_game_panel/in_button_s0_i_3/O
                         net (fo=20, routed)          0.811    11.155    u_top_fsm/u_pit_stop_core/u_draw_game_panel/u_draw_buttons/back_active
    SLICE_X49Y65         LUT4 (Prop_lut4_I2_O)        0.124    11.279 r  u_top_fsm/u_pit_stop_core/u_draw_game_panel/local_button_y_s0[3]_i_8/O
                         net (fo=1, routed)           0.681    11.960    u_top_fsm/u_pit_stop_core/u_draw_game_panel/local_button_y_s0[3]_i_8_n_0
    SLICE_X46Y62         LUT5 (Prop_lut5_I1_O)        0.124    12.084 r  u_top_fsm/u_pit_stop_core/u_draw_game_panel/local_button_y_s0[3]_i_4/O
                         net (fo=1, routed)           0.000    12.084    u_top_fsm/u_pit_stop_core/u_draw_game_panel/local_button_y_s0[3]_i_4_n_0
    SLICE_X46Y62         CARRY4 (Prop_carry4_S[1]_CO[3])
                                                      0.533    12.617 r  u_top_fsm/u_pit_stop_core/u_draw_game_panel/local_button_y_s0_reg[3]_i_1/CO[3]
                         net (fo=1, routed)           0.000    12.617    u_top_fsm/u_pit_stop_core/u_draw_game_panel/local_button_y_s0_reg[3]_i_1_n_0
    SLICE_X46Y63         CARRY4 (Prop_carry4_CI_O[3])
                                                      0.315    12.932 r  u_top_fsm/u_pit_stop_core/u_draw_game_panel/local_button_y_s0_reg[7]_i_1/O[3]
                         net (fo=1, routed)           0.000    12.932    u_top_fsm/u_pit_stop_core/u_draw_buttons/local_button_y_s0_reg[11]_0[7]
    SLICE_X46Y63         FDRE                                         r  u_top_fsm/u_pit_stop_core/u_draw_buttons/local_button_y_s0_reg[7]/D
  -------------------------------------------------------------------    -------------------

                         (clock clk_out1_clk_wiz_0 rise edge)
                                                     15.385    15.385 r  
    W5                                                0.000    15.385 r  clk (IN)
                         net (fo=0)                   0.000    15.385    CLK0/inst/clk
    W5                   IBUF (Prop_ibuf_I_O)         1.388    16.773 r  CLK0/inst/clkin1_ibufg/O
                         net (fo=1, routed)           1.162    17.935    CLK0/inst/clk_in_clk_wiz_0
    MMCME2_ADV_X1Y0      MMCME2_ADV (Prop_mmcme2_adv_CLKIN1_CLKOUT0)
                                                     -7.217    10.717 r  CLK0/inst/mmcm_adv_inst/CLKOUT0
                         net (fo=2, routed)           1.581    12.298    CLK0/inst/clk_out1_clk_wiz_0
    BUFGCTRL_X0Y0        BUFGCTRL (Prop_bufgctrl_I0_O)
                                                      0.091    12.389 r  CLK0/inst/clkout1_buf/O
                         net (fo=1526, routed)        1.433    13.822    u_top_fsm/u_pit_stop_core/u_draw_buttons/clk_65M
    SLICE_X46Y63         FDRE                                         r  u_top_fsm/u_pit_stop_core/u_draw_buttons/local_button_y_s0_reg[7]/C
                         clock pessimism              0.562    14.384    
                         clock uncertainty           -0.130    14.253    
    SLICE_X46Y63         FDRE (Setup_fdre_C_D)        0.109    14.362    u_top_fsm/u_pit_stop_core/u_draw_buttons/local_button_y_s0_reg[7]
  -------------------------------------------------------------------
                         required time                         14.362    
                         arrival time                         -12.932    
  -------------------------------------------------------------------
                         slack                                  1.430    

Slack (MET) :             1.501ns  (required time - arrival time)
  Source:                 u_top_fsm/u_pit_stop_core/u_vga_timing/vga_out\\.vcount_reg[2]/C
                            (rising edge-triggered cell FDRE clocked by clk_out1_clk_wiz_0  {rise@0.000ns fall@7.692ns period=15.385ns})
  Destination:            u_top_fsm/u_pit_stop_core/u_draw_bg/u_Grandstand_Rom/LUT_value_reg/ADDRARDADDR[13]
                            (rising edge-triggered cell RAMB18E1 clocked by clk_out1_clk_wiz_0  {rise@0.000ns fall@7.692ns period=15.385ns})
  Path Group:             clk_out1_clk_wiz_0
  Path Type:              Setup (Max at Slow Process Corner)
  Requirement:            15.385ns  (clk_out1_clk_wiz_0 rise@15.385ns - clk_out1_clk_wiz_0 rise@0.000ns)
  Data Path Delay:        13.193ns  (logic 5.464ns (41.415%)  route 7.729ns (58.585%))
  Logic Levels:           15  (CARRY4=6 LUT2=3 LUT3=1 LUT4=1 LUT5=2 LUT6=2)
  Clock Path Skew:        0.006ns (DCD - SCD + CPR)
    Destination Clock Delay (DCD):    -1.528ns = ( 13.856 - 15.385 ) 
    Source Clock Delay      (SCD):    -0.973ns
    Clock Pessimism Removal (CPR):    0.562ns
  Clock Uncertainty:      0.130ns  ((TSJ^2 + DJ^2)^1/2) / 2 + PE
    Total System Jitter     (TSJ):    0.071ns
    Discrete Jitter          (DJ):    0.251ns
    Phase Error              (PE):    0.000ns

    Location             Delay type                Incr(ns)  Path(ns)    Netlist Resource(s)
  -------------------------------------------------------------------    -------------------
                         (clock clk_out1_clk_wiz_0 rise edge)
                                                      0.000     0.000 r  
    W5                                                0.000     0.000 r  clk (IN)
                         net (fo=0)                   0.000     0.000    CLK0/inst/clk
    W5                   IBUF (Prop_ibuf_I_O)         1.458     1.458 r  CLK0/inst/clkin1_ibufg/O
                         net (fo=1, routed)           1.233     2.691    CLK0/inst/clk_in_clk_wiz_0
    MMCME2_ADV_X1Y0      MMCME2_ADV (Prop_mmcme2_adv_CLKIN1_CLKOUT0)
                                                     -6.961    -4.269 r  CLK0/inst/mmcm_adv_inst/CLKOUT0
                         net (fo=2, routed)           1.661    -2.608    CLK0/inst/clk_out1_clk_wiz_0
    BUFGCTRL_X0Y0        BUFGCTRL (Prop_bufgctrl_I0_O)
                                                      0.096    -2.512 r  CLK0/inst/clkout1_buf/O
                         net (fo=1526, routed)        1.539    -0.973    u_top_fsm/u_pit_stop_core/u_vga_timing/clk_65M
    SLICE_X35Y79         FDRE                                         r  u_top_fsm/u_pit_stop_core/u_vga_timing/vga_out\\.vcount_reg[2]/C
  -------------------------------------------------------------------    -------------------
    SLICE_X35Y79         FDRE (Prop_fdre_C_Q)         0.456    -0.517 r  u_top_fsm/u_pit_stop_core/u_vga_timing/vga_out\\.vcount_reg[2]/Q
                         net (fo=37, routed)          1.121     0.604    u_top_fsm/u_pit_stop_core/u_draw_bg/u_Grandstand_Rom/is_cloud_d_reg_i_17_0[0]
    SLICE_X34Y78         LUT5 (Prop_lut5_I0_O)        0.124     0.728 r  u_top_fsm/u_pit_stop_core/u_draw_bg/u_Grandstand_Rom/is_cloud_d_i_42/O
                         net (fo=1, routed)           0.000     0.728    u_top_fsm/u_pit_stop_core/u_draw_bg/u_Grandstand_Rom/is_cloud_d_i_42_n_0
    SLICE_X34Y78         CARRY4 (Prop_carry4_S[0]_CO[3])
                                                      0.513     1.241 r  u_top_fsm/u_pit_stop_core/u_draw_bg/u_Grandstand_Rom/is_cloud_d_reg_i_17/CO[3]
                         net (fo=1, routed)           0.000     1.241    u_top_fsm/u_pit_stop_core/u_vga_timing/CO[0]
    SLICE_X34Y79         CARRY4 (Prop_carry4_CI_CO[0])
                                                      0.254     1.495 f  u_top_fsm/u_pit_stop_core/u_vga_timing/is_cloud_d_reg_i_8/CO[0]
                         net (fo=1, routed)           0.805     2.300    u_top_fsm/u_pit_stop_core/u_vga_timing/u_draw_bg/is_c11
    SLICE_X34Y80         LUT5 (Prop_lut5_I4_O)        0.389     2.689 r  u_top_fsm/u_pit_stop_core/u_vga_timing/is_cloud_d_i_4/O
                         net (fo=1, routed)           0.612     3.300    u_top_fsm/u_pit_stop_core/u_vga_timing/is_cloud_d_i_4_n_0
    SLICE_X30Y78         LUT6 (Prop_lut6_I2_O)        0.328     3.628 f  u_top_fsm/u_pit_stop_core/u_vga_timing/is_cloud_d_i_2/O
                         net (fo=25, routed)          0.879     4.507    u_top_fsm/u_pit_stop_core/u_vga_timing/is_cloud_d_i_2_n_0
    SLICE_X29Y76         LUT2 (Prop_lut2_I0_O)        0.124     4.631 f  u_top_fsm/u_pit_stop_core/u_vga_timing/LUT_value_reg_i_103/O
                         net (fo=1, routed)           0.670     5.302    u_top_fsm/u_pit_stop_core/u_vga_timing/LUT_value_reg_i_103_n_0
    SLICE_X29Y76         LUT6 (Prop_lut6_I0_O)        0.124     5.426 r  u_top_fsm/u_pit_stop_core/u_vga_timing/LUT_value_reg_i_72/O
                         net (fo=14, routed)          0.842     6.268    u_top_fsm/u_pit_stop_core/u_vga_timing/LUT_value_reg_i_53_n_0
    SLICE_X30Y72         LUT2 (Prop_lut2_I1_O)        0.124     6.392 r  u_top_fsm/u_pit_stop_core/u_vga_timing/LUT_value_reg_i_41__0/O
                         net (fo=1, routed)           0.000     6.392    u_top_fsm/u_pit_stop_core/u_vga_timing/LUT_value_reg_i_41__0_n_0
    SLICE_X30Y72         CARRY4 (Prop_carry4_S[3]_CO[3])
                                                      0.376     6.768 r  u_top_fsm/u_pit_stop_core/u_vga_timing/LUT_value_reg_i_22/CO[3]
                         net (fo=1, routed)           0.000     6.768    u_top_fsm/u_pit_stop_core/u_vga_timing/LUT_value_reg_i_22_n_0
    SLICE_X30Y73         CARRY4 (Prop_carry4_CI_O[3])
                                                      0.315     7.083 r  u_top_fsm/u_pit_stop_core/u_vga_timing/LUT_value_reg_i_46/O[3]
                         net (fo=2, routed)           0.626     7.709    u_top_fsm/u_pit_stop_core/u_vga_timing/LUT_value_reg_i_46_n_4
    SLICE_X31Y73         LUT3 (Prop_lut3_I2_O)        0.332     8.041 r  u_top_fsm/u_pit_stop_core/u_vga_timing/LUT_value_reg_i_29__0/O
                         net (fo=2, routed)           0.645     8.686    u_top_fsm/u_pit_stop_core/u_vga_timing/LUT_value_reg_i_29__0_n_0
    SLICE_X31Y74         LUT4 (Prop_lut4_I3_O)        0.332     9.018 r  u_top_fsm/u_pit_stop_core/u_vga_timing/LUT_value_reg_i_33__0/O
                         net (fo=1, routed)           0.000     9.018    u_top_fsm/u_pit_stop_core/u_vga_timing/LUT_value_reg_i_33__0_n_0
    SLICE_X31Y74         CARRY4 (Prop_carry4_S[0]_O[1])
                                                      0.424     9.442 r  u_top_fsm/u_pit_stop_core/u_vga_timing/LUT_value_reg_i_17/O[1]
                         net (fo=1, routed)           0.300     9.742    u_top_fsm/u_pit_stop_core/u_vga_timing/u_draw_bg/addr_grandstand1[9]
    SLICE_X29Y74         CARRY4 (Prop_carry4_S[1]_O[3])
                                                      0.943    10.685 r  u_top_fsm/u_pit_stop_core/u_vga_timing/LUT_value_reg_i_13__0/O[3]
                         net (fo=1, routed)           0.459    11.144    u_top_fsm/u_pit_stop_core/u_vga_timing/u_draw_bg/addr_grandstand0[11]
    SLICE_X15Y72         LUT2 (Prop_lut2_I0_O)        0.306    11.450 r  u_top_fsm/u_pit_stop_core/u_vga_timing/LUT_value_reg_i_1__0/O
                         net (fo=1, routed)           0.770    12.220    u_top_fsm/u_pit_stop_core/u_draw_bg/u_Grandstand_Rom/LUT_value_reg_0[11]
    RAMB18_X0Y29         RAMB18E1                                     r  u_top_fsm/u_pit_stop_core/u_draw_bg/u_Grandstand_Rom/LUT_value_reg/ADDRARDADDR[13]
  -------------------------------------------------------------------    -------------------

                         (clock clk_out1_clk_wiz_0 rise edge)
                                                     15.385    15.385 r  
    W5                                                0.000    15.385 r  clk (IN)
                         net (fo=0)                   0.000    15.385    CLK0/inst/clk
    W5                   IBUF (Prop_ibuf_I_O)         1.388    16.773 r  CLK0/inst/clkin1_ibufg/O
                         net (fo=1, routed)           1.162    17.935    CLK0/inst/clk_in_clk_wiz_0
    MMCME2_ADV_X1Y0      MMCME2_ADV (Prop_mmcme2_adv_CLKIN1_CLKOUT0)
                                                     -7.217    10.717 r  CLK0/inst/mmcm_adv_inst/CLKOUT0
                         net (fo=2, routed)           1.581    12.298    CLK0/inst/clk_out1_clk_wiz_0
    BUFGCTRL_X0Y0        BUFGCTRL (Prop_bufgctrl_I0_O)
                                                      0.091    12.389 r  CLK0/inst/clkout1_buf/O
                         net (fo=1526, routed)        1.467    13.856    u_top_fsm/u_pit_stop_core/u_draw_bg/u_Grandstand_Rom/clk_65M
    RAMB18_X0Y29         RAMB18E1                                     r  u_top_fsm/u_pit_stop_core/u_draw_bg/u_Grandstand_Rom/LUT_value_reg/CLKARDCLK
                         clock pessimism              0.562    14.418    
                         clock uncertainty           -0.130    14.288    
    RAMB18_X0Y29         RAMB18E1 (Setup_ramb18e1_CLKARDCLK_ADDRARDADDR[13])
                                                     -0.566    13.722    u_top_fsm/u_pit_stop_core/u_draw_bg/u_Grandstand_Rom/LUT_value_reg
  -------------------------------------------------------------------
                         required time                         13.722    
                         arrival time                         -12.220    
  -------------------------------------------------------------------
                         slack                                  1.501    

Slack (MET) :             1.506ns  (required time - arrival time)
  Source:                 u_top_fsm/u_pit_stop_core/u_system_fsm/FSM_sequential_state_reg[2]/C
                            (rising edge-triggered cell FDRE clocked by clk_out1_clk_wiz_0  {rise@0.000ns fall@7.692ns period=15.385ns})
  Destination:            u_top_fsm/u_pit_stop_core/u_draw_buttons/local_button_y_s0_reg[6]/D
                            (rising edge-triggered cell FDRE clocked by clk_out1_clk_wiz_0  {rise@0.000ns fall@7.692ns period=15.385ns})
  Path Group:             clk_out1_clk_wiz_0
  Path Type:              Setup (Max at Slow Process Corner)
  Requirement:            15.385ns  (clk_out1_clk_wiz_0 rise@15.385ns - clk_out1_clk_wiz_0 rise@0.000ns)
  Data Path Delay:        13.824ns  (logic 5.903ns (42.701%)  route 7.921ns (57.299%))
  Logic Levels:           16  (CARRY4=9 LUT1=1 LUT3=1 LUT4=2 LUT5=2 LUT6=1)
  Clock Path Skew:        -0.033ns (DCD - SCD + CPR)
    Destination Clock Delay (DCD):    -1.563ns = ( 13.822 - 15.385 ) 
    Source Clock Delay      (SCD):    -0.968ns
    Clock Pessimism Removal (CPR):    0.562ns
  Clock Uncertainty:      0.130ns  ((TSJ^2 + DJ^2)^1/2) / 2 + PE
    Total System Jitter     (TSJ):    0.071ns
    Discrete Jitter          (DJ):    0.251ns
    Phase Error              (PE):    0.000ns

    Location             Delay type                Incr(ns)  Path(ns)    Netlist Resource(s)
  -------------------------------------------------------------------    -------------------
                         (clock clk_out1_clk_wiz_0 rise edge)
                                                      0.000     0.000 r  
    W5                                                0.000     0.000 r  clk (IN)
                         net (fo=0)                   0.000     0.000    CLK0/inst/clk
    W5                   IBUF (Prop_ibuf_I_O)         1.458     1.458 r  CLK0/inst/clkin1_ibufg/O
                         net (fo=1, routed)           1.233     2.691    CLK0/inst/clk_in_clk_wiz_0
    MMCME2_ADV_X1Y0      MMCME2_ADV (Prop_mmcme2_adv_CLKIN1_CLKOUT0)
                                                     -6.961    -4.269 r  CLK0/inst/mmcm_adv_inst/CLKOUT0
                         net (fo=2, routed)           1.661    -2.608    CLK0/inst/clk_out1_clk_wiz_0
    BUFGCTRL_X0Y0        BUFGCTRL (Prop_bufgctrl_I0_O)
                                                      0.096    -2.512 r  CLK0/inst/clkout1_buf/O
                         net (fo=1526, routed)        1.544    -0.968    u_top_fsm/u_pit_stop_core/u_system_fsm/clk_65M
    SLICE_X48Y78         FDRE                                         r  u_top_fsm/u_pit_stop_core/u_system_fsm/FSM_sequential_state_reg[2]/C
  -------------------------------------------------------------------    -------------------
    SLICE_X48Y78         FDRE (Prop_fdre_C_Q)         0.456    -0.512 r  u_top_fsm/u_pit_stop_core/u_system_fsm/FSM_sequential_state_reg[2]/Q
                         net (fo=149, routed)         1.427     0.915    u_top_fsm/u_pit_stop_core/u_system_fsm/Q[2]
    SLICE_X45Y66         LUT3 (Prop_lut3_I0_O)        0.124     1.039 r  u_top_fsm/u_pit_stop_core/u_system_fsm/gen_click_on_release.press_armed_i_65/O
                         net (fo=1, routed)           0.895     1.934    u_top_fsm/u_pit_stop_core/u_system_fsm/gen_click_on_release.press_armed_i_65_n_0
    SLICE_X46Y55         CARRY4 (Prop_carry4_CYINIT_CO[3])
                                                      0.595     2.529 r  u_top_fsm/u_pit_stop_core/u_system_fsm/gen_click_on_release.press_armed_reg_i_50/CO[3]
                         net (fo=1, routed)           0.000     2.529    u_top_fsm/u_pit_stop_core/u_system_fsm/gen_click_on_release.press_armed_reg_i_50_n_0
    SLICE_X46Y56         CARRY4 (Prop_carry4_CI_O[0])
                                                      0.219     2.748 f  u_top_fsm/u_pit_stop_core/u_system_fsm/gen_click_on_release.press_armed_reg_i_49/O[0]
                         net (fo=1, routed)           0.578     3.325    u_top_fsm/u_pit_stop_core/u_system_fsm/u_hitbox_back/p_1_out0[9]
    SLICE_X47Y56         LUT1 (Prop_lut1_I0_O)        0.295     3.620 r  u_top_fsm/u_pit_stop_core/u_system_fsm/gen_click_on_release.press_armed_i_15__0__0/O
                         net (fo=1, routed)           0.000     3.620    u_top_fsm/u_pit_stop_core/u_system_fsm/gen_click_on_release.press_armed_i_15__0__0_n_0
    SLICE_X47Y56         CARRY4 (Prop_carry4_S[1]_CO[3])
                                                      0.550     4.170 r  u_top_fsm/u_pit_stop_core/u_system_fsm/gen_click_on_release.press_armed_reg_i_6__1/CO[3]
                         net (fo=2, routed)           1.169     5.339    u_top_fsm/u_pit_stop_core/u_system_fsm/gen_click_on_release.press_armed_reg_i_6__1_n_0
    SLICE_X48Y63         LUT6 (Prop_lut6_I5_O)        0.124     5.463 r  u_top_fsm/u_pit_stop_core/u_system_fsm/local_button_y_s0[3]_i_10/O
                         net (fo=1, routed)           0.000     5.463    u_top_fsm/u_pit_stop_core/u_system_fsm/local_button_y_s0[3]_i_10_n_0
    SLICE_X48Y63         CARRY4 (Prop_carry4_S[1]_CO[2])
                                                      0.570     6.033 r  u_top_fsm/u_pit_stop_core/u_system_fsm/local_button_y_s0_reg[3]_i_7/CO[2]
                         net (fo=8, routed)           0.624     6.657    u_top_fsm/u_pit_stop_core/u_system_fsm/FSM_sequential_state_reg[2]_3[0]
    SLICE_X46Y61         CARRY4 (Prop_carry4_CYINIT_CO[3])
                                                      0.784     7.441 r  u_top_fsm/u_pit_stop_core/u_system_fsm/local_button_y_s0_reg[7]_i_7/CO[3]
                         net (fo=6, routed)           1.037     8.478    u_top_fsm/u_pit_stop_core/u_draw_game_panel/local_button_y_s0_reg[7]_0[0]
    SLICE_X45Y63         LUT4 (Prop_lut4_I3_O)        0.124     8.602 r  u_top_fsm/u_pit_stop_core/u_draw_game_panel/in_button_s0_i_44/O
                         net (fo=1, routed)           0.000     8.602    u_top_fsm/u_pit_stop_core/u_draw_game_panel/in_button_s0_i_44_n_0
    SLICE_X45Y63         CARRY4 (Prop_carry4_S[2]_CO[3])
                                                      0.398     9.000 r  u_top_fsm/u_pit_stop_core/u_draw_game_panel/in_button_s0_reg_i_15/CO[3]
                         net (fo=1, routed)           0.000     9.000    u_top_fsm/u_pit_stop_core/u_draw_game_panel/in_button_s0_reg_i_15_n_0
    SLICE_X45Y64         CARRY4 (Prop_carry4_CI_CO[0])
                                                      0.271     9.271 r  u_top_fsm/u_pit_stop_core/u_draw_game_panel/in_button_s0_reg_i_8/CO[0]
                         net (fo=1, routed)           0.700     9.971    u_top_fsm/u_pit_stop_core/u_draw_game_panel/u_draw_buttons/back_active1
    SLICE_X45Y66         LUT5 (Prop_lut5_I4_O)        0.373    10.344 r  u_top_fsm/u_pit_stop_core/u_draw_game_panel/in_button_s0_i_3/O
                         net (fo=20, routed)          0.811    11.155    u_top_fsm/u_pit_stop_core/u_draw_game_panel/u_draw_buttons/back_active
    SLICE_X49Y65         LUT4 (Prop_lut4_I2_O)        0.124    11.279 r  u_top_fsm/u_pit_stop_core/u_draw_game_panel/local_button_y_s0[3]_i_8/O
                         net (fo=1, routed)           0.681    11.960    u_top_fsm/u_pit_stop_core/u_draw_game_panel/local_button_y_s0[3]_i_8_n_0
    SLICE_X46Y62         LUT5 (Prop_lut5_I1_O)        0.124    12.084 r  u_top_fsm/u_pit_stop_core/u_draw_game_panel/local_button_y_s0[3]_i_4/O
                         net (fo=1, routed)           0.000    12.084    u_top_fsm/u_pit_stop_core/u_draw_game_panel/local_button_y_s0[3]_i_4_n_0
    SLICE_X46Y62         CARRY4 (Prop_carry4_S[1]_CO[3])
                                                      0.533    12.617 r  u_top_fsm/u_pit_stop_core/u_draw_game_panel/local_button_y_s0_reg[3]_i_1/CO[3]
                         net (fo=1, routed)           0.000    12.617    u_top_fsm/u_pit_stop_core/u_draw_game_panel/local_button_y_s0_reg[3]_i_1_n_0
    SLICE_X46Y63         CARRY4 (Prop_carry4_CI_O[2])
                                                      0.239    12.856 r  u_top_fsm/u_pit_stop_core/u_draw_game_panel/local_button_y_s0_reg[7]_i_1/O[2]
                         net (fo=1, routed)           0.000    12.856    u_top_fsm/u_pit_stop_core/u_draw_buttons/local_button_y_s0_reg[11]_0[6]
    SLICE_X46Y63         FDRE                                         r  u_top_fsm/u_pit_stop_core/u_draw_buttons/local_button_y_s0_reg[6]/D
  -------------------------------------------------------------------    -------------------

                         (clock clk_out1_clk_wiz_0 rise edge)
                                                     15.385    15.385 r  
    W5                                                0.000    15.385 r  clk (IN)
                         net (fo=0)                   0.000    15.385    CLK0/inst/clk
    W5                   IBUF (Prop_ibuf_I_O)         1.388    16.773 r  CLK0/inst/clkin1_ibufg/O
                         net (fo=1, routed)           1.162    17.935    CLK0/inst/clk_in_clk_wiz_0
    MMCME2_ADV_X1Y0      MMCME2_ADV (Prop_mmcme2_adv_CLKIN1_CLKOUT0)
                                                     -7.217    10.717 r  CLK0/inst/mmcm_adv_inst/CLKOUT0
                         net (fo=2, routed)           1.581    12.298    CLK0/inst/clk_out1_clk_wiz_0
    BUFGCTRL_X0Y0        BUFGCTRL (Prop_bufgctrl_I0_O)
                                                      0.091    12.389 r  CLK0/inst/clkout1_buf/O
                         net (fo=1526, routed)        1.433    13.822    u_top_fsm/u_pit_stop_core/u_draw_buttons/clk_65M
    SLICE_X46Y63         FDRE                                         r  u_top_fsm/u_pit_stop_core/u_draw_buttons/local_button_y_s0_reg[6]/C
                         clock pessimism              0.562    14.384    
                         clock uncertainty           -0.130    14.253    
    SLICE_X46Y63         FDRE (Setup_fdre_C_D)        0.109    14.362    u_top_fsm/u_pit_stop_core/u_draw_buttons/local_button_y_s0_reg[6]
  -------------------------------------------------------------------
                         required time                         14.362    
                         arrival time                         -12.856    
  -------------------------------------------------------------------
                         slack                                  1.506    

Slack (MET) :             1.526ns  (required time - arrival time)
  Source:                 u_top_fsm/u_pit_stop_core/u_system_fsm/FSM_sequential_state_reg[2]/C
                            (rising edge-triggered cell FDRE clocked by clk_out1_clk_wiz_0  {rise@0.000ns fall@7.692ns period=15.385ns})
  Destination:            u_top_fsm/u_pit_stop_core/u_draw_buttons/local_button_y_s0_reg[4]/D
                            (rising edge-triggered cell FDRE clocked by clk_out1_clk_wiz_0  {rise@0.000ns fall@7.692ns period=15.385ns})
  Path Group:             clk_out1_clk_wiz_0
  Path Type:              Setup (Max at Slow Process Corner)
  Requirement:            15.385ns  (clk_out1_clk_wiz_0 rise@15.385ns - clk_out1_clk_wiz_0 rise@0.000ns)
  Data Path Delay:        13.804ns  (logic 5.883ns (42.618%)  route 7.921ns (57.382%))
  Logic Levels:           16  (CARRY4=9 LUT1=1 LUT3=1 LUT4=2 LUT5=2 LUT6=1)
  Clock Path Skew:        -0.033ns (DCD - SCD + CPR)
    Destination Clock Delay (DCD):    -1.563ns = ( 13.822 - 15.385 ) 
    Source Clock Delay      (SCD):    -0.968ns
    Clock Pessimism Removal (CPR):    0.562ns
  Clock Uncertainty:      0.130ns  ((TSJ^2 + DJ^2)^1/2) / 2 + PE
    Total System Jitter     (TSJ):    0.071ns
    Discrete Jitter          (DJ):    0.251ns
    Phase Error              (PE):    0.000ns

    Location             Delay type                Incr(ns)  Path(ns)    Netlist Resource(s)
  -------------------------------------------------------------------    -------------------
                         (clock clk_out1_clk_wiz_0 rise edge)
                                                      0.000     0.000 r  
    W5                                                0.000     0.000 r  clk (IN)
                         net (fo=0)                   0.000     0.000    CLK0/inst/clk
    W5                   IBUF (Prop_ibuf_I_O)         1.458     1.458 r  CLK0/inst/clkin1_ibufg/O
                         net (fo=1, routed)           1.233     2.691    CLK0/inst/clk_in_clk_wiz_0
    MMCME2_ADV_X1Y0      MMCME2_ADV (Prop_mmcme2_adv_CLKIN1_CLKOUT0)
                                                     -6.961    -4.269 r  CLK0/inst/mmcm_adv_inst/CLKOUT0
                         net (fo=2, routed)           1.661    -2.608    CLK0/inst/clk_out1_clk_wiz_0
    BUFGCTRL_X0Y0        BUFGCTRL (Prop_bufgctrl_I0_O)
                                                      0.096    -2.512 r  CLK0/inst/clkout1_buf/O
                         net (fo=1526, routed)        1.544    -0.968    u_top_fsm/u_pit_stop_core/u_system_fsm/clk_65M
    SLICE_X48Y78         FDRE                                         r  u_top_fsm/u_pit_stop_core/u_system_fsm/FSM_sequential_state_reg[2]/C
  -------------------------------------------------------------------    -------------------
    SLICE_X48Y78         FDRE (Prop_fdre_C_Q)         0.456    -0.512 r  u_top_fsm/u_pit_stop_core/u_system_fsm/FSM_sequential_state_reg[2]/Q
                         net (fo=149, routed)         1.427     0.915    u_top_fsm/u_pit_stop_core/u_system_fsm/Q[2]
    SLICE_X45Y66         LUT3 (Prop_lut3_I0_O)        0.124     1.039 r  u_top_fsm/u_pit_stop_core/u_system_fsm/gen_click_on_release.press_armed_i_65/O
                         net (fo=1, routed)           0.895     1.934    u_top_fsm/u_pit_stop_core/u_system_fsm/gen_click_on_release.press_armed_i_65_n_0
    SLICE_X46Y55         CARRY4 (Prop_carry4_CYINIT_CO[3])
                                                      0.595     2.529 r  u_top_fsm/u_pit_stop_core/u_system_fsm/gen_click_on_release.press_armed_reg_i_50/CO[3]
                         net (fo=1, routed)           0.000     2.529    u_top_fsm/u_pit_stop_core/u_system_fsm/gen_click_on_release.press_armed_reg_i_50_n_0
    SLICE_X46Y56         CARRY4 (Prop_carry4_CI_O[0])
                                                      0.219     2.748 f  u_top_fsm/u_pit_stop_core/u_system_fsm/gen_click_on_release.press_armed_reg_i_49/O[0]
                         net (fo=1, routed)           0.578     3.325    u_top_fsm/u_pit_stop_core/u_system_fsm/u_hitbox_back/p_1_out0[9]
    SLICE_X47Y56         LUT1 (Prop_lut1_I0_O)        0.295     3.620 r  u_top_fsm/u_pit_stop_core/u_system_fsm/gen_click_on_release.press_armed_i_15__0__0/O
                         net (fo=1, routed)           0.000     3.620    u_top_fsm/u_pit_stop_core/u_system_fsm/gen_click_on_release.press_armed_i_15__0__0_n_0
    SLICE_X47Y56         CARRY4 (Prop_carry4_S[1]_CO[3])
                                                      0.550     4.170 r  u_top_fsm/u_pit_stop_core/u_system_fsm/gen_click_on_release.press_armed_reg_i_6__1/CO[3]
                         net (fo=2, routed)           1.169     5.339    u_top_fsm/u_pit_stop_core/u_system_fsm/gen_click_on_release.press_armed_reg_i_6__1_n_0
    SLICE_X48Y63         LUT6 (Prop_lut6_I5_O)        0.124     5.463 r  u_top_fsm/u_pit_stop_core/u_system_fsm/local_button_y_s0[3]_i_10/O
                         net (fo=1, routed)           0.000     5.463    u_top_fsm/u_pit_stop_core/u_system_fsm/local_button_y_s0[3]_i_10_n_0
    SLICE_X48Y63         CARRY4 (Prop_carry4_S[1]_CO[2])
                                                      0.570     6.033 r  u_top_fsm/u_pit_stop_core/u_system_fsm/local_button_y_s0_reg[3]_i_7/CO[2]
                         net (fo=8, routed)           0.624     6.657    u_top_fsm/u_pit_stop_core/u_system_fsm/FSM_sequential_state_reg[2]_3[0]
    SLICE_X46Y61         CARRY4 (Prop_carry4_CYINIT_CO[3])
                                                      0.784     7.441 r  u_top_fsm/u_pit_stop_core/u_system_fsm/local_button_y_s0_reg[7]_i_7/CO[3]
                         net (fo=6, routed)           1.037     8.478    u_top_fsm/u_pit_stop_core/u_draw_game_panel/local_button_y_s0_reg[7]_0[0]
    SLICE_X45Y63         LUT4 (Prop_lut4_I3_O)        0.124     8.602 r  u_top_fsm/u_pit_stop_core/u_draw_game_panel/in_button_s0_i_44/O
                         net (fo=1, routed)           0.000     8.602    u_top_fsm/u_pit_stop_core/u_draw_game_panel/in_button_s0_i_44_n_0
    SLICE_X45Y63         CARRY4 (Prop_carry4_S[2]_CO[3])
                                                      0.398     9.000 r  u_top_fsm/u_pit_stop_core/u_draw_game_panel/in_button_s0_reg_i_15/CO[3]
                         net (fo=1, routed)           0.000     9.000    u_top_fsm/u_pit_stop_core/u_draw_game_panel/in_button_s0_reg_i_15_n_0
    SLICE_X45Y64         CARRY4 (Prop_carry4_CI_CO[0])
                                                      0.271     9.271 r  u_top_fsm/u_pit_stop_core/u_draw_game_panel/in_button_s0_reg_i_8/CO[0]
                         net (fo=1, routed)           0.700     9.971    u_top_fsm/u_pit_stop_core/u_draw_game_panel/u_draw_buttons/back_active1
    SLICE_X45Y66         LUT5 (Prop_lut5_I4_O)        0.373    10.344 r  u_top_fsm/u_pit_stop_core/u_draw_game_panel/in_button_s0_i_3/O
                         net (fo=20, routed)          0.811    11.155    u_top_fsm/u_pit_stop_core/u_draw_game_panel/u_draw_buttons/back_active
    SLICE_X49Y65         LUT4 (Prop_lut4_I2_O)        0.124    11.279 r  u_top_fsm/u_pit_stop_core/u_draw_game_panel/local_button_y_s0[3]_i_8/O
                         net (fo=1, routed)           0.681    11.960    u_top_fsm/u_pit_stop_core/u_draw_game_panel/local_button_y_s0[3]_i_8_n_0
    SLICE_X46Y62         LUT5 (Prop_lut5_I1_O)        0.124    12.084 r  u_top_fsm/u_pit_stop_core/u_draw_game_panel/local_button_y_s0[3]_i_4/O
                         net (fo=1, routed)           0.000    12.084    u_top_fsm/u_pit_stop_core/u_draw_game_panel/local_button_y_s0[3]_i_4_n_0
    SLICE_X46Y62         CARRY4 (Prop_carry4_S[1]_CO[3])
                                                      0.533    12.617 r  u_top_fsm/u_pit_stop_core/u_draw_game_panel/local_button_y_s0_reg[3]_i_1/CO[3]
                         net (fo=1, routed)           0.000    12.617    u_top_fsm/u_pit_stop_core/u_draw_game_panel/local_button_y_s0_reg[3]_i_1_n_0
    SLICE_X46Y63         CARRY4 (Prop_carry4_CI_O[0])
                                                      0.219    12.836 r  u_top_fsm/u_pit_stop_core/u_draw_game_panel/local_button_y_s0_reg[7]_i_1/O[0]
                         net (fo=1, routed)           0.000    12.836    u_top_fsm/u_pit_stop_core/u_draw_buttons/local_button_y_s0_reg[11]_0[4]
    SLICE_X46Y63         FDRE                                         r  u_top_fsm/u_pit_stop_core/u_draw_buttons/local_button_y_s0_reg[4]/D
  -------------------------------------------------------------------    -------------------

                         (clock clk_out1_clk_wiz_0 rise edge)
                                                     15.385    15.385 r  
    W5                                                0.000    15.385 r  clk (IN)
                         net (fo=0)                   0.000    15.385    CLK0/inst/clk
    W5                   IBUF (Prop_ibuf_I_O)         1.388    16.773 r  CLK0/inst/clkin1_ibufg/O
                         net (fo=1, routed)           1.162    17.935    CLK0/inst/clk_in_clk_wiz_0
    MMCME2_ADV_X1Y0      MMCME2_ADV (Prop_mmcme2_adv_CLKIN1_CLKOUT0)
                                                     -7.217    10.717 r  CLK0/inst/mmcm_adv_inst/CLKOUT0
                         net (fo=2, routed)           1.581    12.298    CLK0/inst/clk_out1_clk_wiz_0
    BUFGCTRL_X0Y0        BUFGCTRL (Prop_bufgctrl_I0_O)
                                                      0.091    12.389 r  CLK0/inst/clkout1_buf/O
                         net (fo=1526, routed)        1.433    13.822    u_top_fsm/u_pit_stop_core/u_draw_buttons/clk_65M
    SLICE_X46Y63         FDRE                                         r  u_top_fsm/u_pit_stop_core/u_draw_buttons/local_button_y_s0_reg[4]/C
                         clock pessimism              0.562    14.384    
                         clock uncertainty           -0.130    14.253    
    SLICE_X46Y63         FDRE (Setup_fdre_C_D)        0.109    14.362    u_top_fsm/u_pit_stop_core/u_draw_buttons/local_button_y_s0_reg[4]
  -------------------------------------------------------------------
                         required time                         14.362    
                         arrival time                         -12.836    
  -------------------------------------------------------------------
                         slack                                  1.526    

Slack (MET) :             1.636ns  (required time - arrival time)
  Source:                 u_top_fsm/u_pit_stop_core/u_system_fsm/FSM_sequential_state_reg[2]/C
                            (rising edge-triggered cell FDRE clocked by clk_out1_clk_wiz_0  {rise@0.000ns fall@7.692ns period=15.385ns})
  Destination:            u_top_fsm/u_pit_stop_core/u_draw_buttons/local_button_y_s0_reg[3]/D
                            (rising edge-triggered cell FDRE clocked by clk_out1_clk_wiz_0  {rise@0.000ns fall@7.692ns period=15.385ns})
  Path Group:             clk_out1_clk_wiz_0
  Path Type:              Setup (Max at Slow Process Corner)
  Requirement:            15.385ns  (clk_out1_clk_wiz_0 rise@15.385ns - clk_out1_clk_wiz_0 rise@0.000ns)
  Data Path Delay:        13.695ns  (logic 5.774ns (42.161%)  route 7.921ns (57.839%))
  Logic Levels:           15  (CARRY4=8 LUT1=1 LUT3=1 LUT4=2 LUT5=2 LUT6=1)
  Clock Path Skew:        -0.032ns (DCD - SCD + CPR)
    Destination Clock Delay (DCD):    -1.562ns = ( 13.823 - 15.385 ) 
    Source Clock Delay      (SCD):    -0.968ns
    Clock Pessimism Removal (CPR):    0.562ns
  Clock Uncertainty:      0.130ns  ((TSJ^2 + DJ^2)^1/2) / 2 + PE
    Total System Jitter     (TSJ):    0.071ns
    Discrete Jitter          (DJ):    0.251ns
    Phase Error              (PE):    0.000ns

    Location             Delay type                Incr(ns)  Path(ns)    Netlist Resource(s)
  -------------------------------------------------------------------    -------------------
                         (clock clk_out1_clk_wiz_0 rise edge)
                                                      0.000     0.000 r  
    W5                                                0.000     0.000 r  clk (IN)
                         net (fo=0)                   0.000     0.000    CLK0/inst/clk
    W5                   IBUF (Prop_ibuf_I_O)         1.458     1.458 r  CLK0/inst/clkin1_ibufg/O
                         net (fo=1, routed)           1.233     2.691    CLK0/inst/clk_in_clk_wiz_0
    MMCME2_ADV_X1Y0      MMCME2_ADV (Prop_mmcme2_adv_CLKIN1_CLKOUT0)
                                                     -6.961    -4.269 r  CLK0/inst/mmcm_adv_inst/CLKOUT0
                         net (fo=2, routed)           1.661    -2.608    CLK0/inst/clk_out1_clk_wiz_0
    BUFGCTRL_X0Y0        BUFGCTRL (Prop_bufgctrl_I0_O)
                                                      0.096    -2.512 r  CLK0/inst/clkout1_buf/O
                         net (fo=1526, routed)        1.544    -0.968    u_top_fsm/u_pit_stop_core/u_system_fsm/clk_65M
    SLICE_X48Y78         FDRE                                         r  u_top_fsm/u_pit_stop_core/u_system_fsm/FSM_sequential_state_reg[2]/C
  -------------------------------------------------------------------    -------------------
    SLICE_X48Y78         FDRE (Prop_fdre_C_Q)         0.456    -0.512 r  u_top_fsm/u_pit_stop_core/u_system_fsm/FSM_sequential_state_reg[2]/Q
                         net (fo=149, routed)         1.427     0.915    u_top_fsm/u_pit_stop_core/u_system_fsm/Q[2]
    SLICE_X45Y66         LUT3 (Prop_lut3_I0_O)        0.124     1.039 r  u_top_fsm/u_pit_stop_core/u_system_fsm/gen_click_on_release.press_armed_i_65/O
                         net (fo=1, routed)           0.895     1.934    u_top_fsm/u_pit_stop_core/u_system_fsm/gen_click_on_release.press_armed_i_65_n_0
    SLICE_X46Y55         CARRY4 (Prop_carry4_CYINIT_CO[3])
                                                      0.595     2.529 r  u_top_fsm/u_pit_stop_core/u_system_fsm/gen_click_on_release.press_armed_reg_i_50/CO[3]
                         net (fo=1, routed)           0.000     2.529    u_top_fsm/u_pit_stop_core/u_system_fsm/gen_click_on_release.press_armed_reg_i_50_n_0
    SLICE_X46Y56         CARRY4 (Prop_carry4_CI_O[0])
                                                      0.219     2.748 f  u_top_fsm/u_pit_stop_core/u_system_fsm/gen_click_on_release.press_armed_reg_i_49/O[0]
                         net (fo=1, routed)           0.578     3.325    u_top_fsm/u_pit_stop_core/u_system_fsm/u_hitbox_back/p_1_out0[9]
    SLICE_X47Y56         LUT1 (Prop_lut1_I0_O)        0.295     3.620 r  u_top_fsm/u_pit_stop_core/u_system_fsm/gen_click_on_release.press_armed_i_15__0__0/O
                         net (fo=1, routed)           0.000     3.620    u_top_fsm/u_pit_stop_core/u_system_fsm/gen_click_on_release.press_armed_i_15__0__0_n_0
    SLICE_X47Y56         CARRY4 (Prop_carry4_S[1]_CO[3])
                                                      0.550     4.170 r  u_top_fsm/u_pit_stop_core/u_system_fsm/gen_click_on_release.press_armed_reg_i_6__1/CO[3]
                         net (fo=2, routed)           1.169     5.339    u_top_fsm/u_pit_stop_core/u_system_fsm/gen_click_on_release.press_armed_reg_i_6__1_n_0
    SLICE_X48Y63         LUT6 (Prop_lut6_I5_O)        0.124     5.463 r  u_top_fsm/u_pit_stop_core/u_system_fsm/local_button_y_s0[3]_i_10/O
                         net (fo=1, routed)           0.000     5.463    u_top_fsm/u_pit_stop_core/u_system_fsm/local_button_y_s0[3]_i_10_n_0
    SLICE_X48Y63         CARRY4 (Prop_carry4_S[1]_CO[2])
                                                      0.570     6.033 r  u_top_fsm/u_pit_stop_core/u_system_fsm/local_button_y_s0_reg[3]_i_7/CO[2]
                         net (fo=8, routed)           0.624     6.657    u_top_fsm/u_pit_stop_core/u_system_fsm/FSM_sequential_state_reg[2]_3[0]
    SLICE_X46Y61         CARRY4 (Prop_carry4_CYINIT_CO[3])
                                                      0.784     7.441 r  u_top_fsm/u_pit_stop_core/u_system_fsm/local_button_y_s0_reg[7]_i_7/CO[3]
                         net (fo=6, routed)           1.037     8.478    u_top_fsm/u_pit_stop_core/u_draw_game_panel/local_button_y_s0_reg[7]_0[0]
    SLICE_X45Y63         LUT4 (Prop_lut4_I3_O)        0.124     8.602 r  u_top_fsm/u_pit_stop_core/u_draw_game_panel/in_button_s0_i_44/O
                         net (fo=1, routed)           0.000     8.602    u_top_fsm/u_pit_stop_core/u_draw_game_panel/in_button_s0_i_44_n_0
    SLICE_X45Y63         CARRY4 (Prop_carry4_S[2]_CO[3])
                                                      0.398     9.000 r  u_top_fsm/u_pit_stop_core/u_draw_game_panel/in_button_s0_reg_i_15/CO[3]
                         net (fo=1, routed)           0.000     9.000    u_top_fsm/u_pit_stop_core/u_draw_game_panel/in_button_s0_reg_i_15_n_0
    SLICE_X45Y64         CARRY4 (Prop_carry4_CI_CO[0])
                                                      0.271     9.271 r  u_top_fsm/u_pit_stop_core/u_draw_game_panel/in_button_s0_reg_i_8/CO[0]
                         net (fo=1, routed)           0.700     9.971    u_top_fsm/u_pit_stop_core/u_draw_game_panel/u_draw_buttons/back_active1
    SLICE_X45Y66         LUT5 (Prop_lut5_I4_O)        0.373    10.344 r  u_top_fsm/u_pit_stop_core/u_draw_game_panel/in_button_s0_i_3/O
                         net (fo=20, routed)          0.811    11.155    u_top_fsm/u_pit_stop_core/u_draw_game_panel/u_draw_buttons/back_active
    SLICE_X49Y65         LUT4 (Prop_lut4_I2_O)        0.124    11.279 r  u_top_fsm/u_pit_stop_core/u_draw_game_panel/local_button_y_s0[3]_i_8/O
                         net (fo=1, routed)           0.681    11.960    u_top_fsm/u_pit_stop_core/u_draw_game_panel/local_button_y_s0[3]_i_8_n_0
    SLICE_X46Y62         LUT5 (Prop_lut5_I1_O)        0.124    12.084 r  u_top_fsm/u_pit_stop_core/u_draw_game_panel/local_button_y_s0[3]_i_4/O
                         net (fo=1, routed)           0.000    12.084    u_top_fsm/u_pit_stop_core/u_draw_game_panel/local_button_y_s0[3]_i_4_n_0
    SLICE_X46Y62         CARRY4 (Prop_carry4_S[1]_O[3])
                                                      0.643    12.727 r  u_top_fsm/u_pit_stop_core/u_draw_game_panel/local_button_y_s0_reg[3]_i_1/O[3]
                         net (fo=1, routed)           0.000    12.727    u_top_fsm/u_pit_stop_core/u_draw_buttons/local_button_y_s0_reg[11]_0[3]
    SLICE_X46Y62         FDRE                                         r  u_top_fsm/u_pit_stop_core/u_draw_buttons/local_button_y_s0_reg[3]/D
  -------------------------------------------------------------------    -------------------

                         (clock clk_out1_clk_wiz_0 rise edge)
                                                     15.385    15.385 r  
    W5                                                0.000    15.385 r  clk (IN)
                         net (fo=0)                   0.000    15.385    CLK0/inst/clk
    W5                   IBUF (Prop_ibuf_I_O)         1.388    16.773 r  CLK0/inst/clkin1_ibufg/O
                         net (fo=1, routed)           1.162    17.935    CLK0/inst/clk_in_clk_wiz_0
    MMCME2_ADV_X1Y0      MMCME2_ADV (Prop_mmcme2_adv_CLKIN1_CLKOUT0)
                                                     -7.217    10.717 r  CLK0/inst/mmcm_adv_inst/CLKOUT0
                         net (fo=2, routed)           1.581    12.298    CLK0/inst/clk_out1_clk_wiz_0
    BUFGCTRL_X0Y0        BUFGCTRL (Prop_bufgctrl_I0_O)
                                                      0.091    12.389 r  CLK0/inst/clkout1_buf/O
                         net (fo=1526, routed)        1.434    13.823    u_top_fsm/u_pit_stop_core/u_draw_buttons/clk_65M
    SLICE_X46Y62         FDRE                                         r  u_top_fsm/u_pit_stop_core/u_draw_buttons/local_button_y_s0_reg[3]/C
                         clock pessimism              0.562    14.385    
                         clock uncertainty           -0.130    14.254    
    SLICE_X46Y62         FDRE (Setup_fdre_C_D)        0.109    14.363    u_top_fsm/u_pit_stop_core/u_draw_buttons/local_button_y_s0_reg[3]
  -------------------------------------------------------------------
                         required time                         14.363    
                         arrival time                         -12.727    
  -------------------------------------------------------------------
                         slack                                  1.636    

Slack (MET) :             1.701ns  (required time - arrival time)
  Source:                 u_top_fsm/u_pit_stop_core/u_system_fsm/FSM_sequential_state_reg[2]/C
                            (rising edge-triggered cell FDRE clocked by clk_out1_clk_wiz_0  {rise@0.000ns fall@7.692ns period=15.385ns})
  Destination:            u_top_fsm/u_pit_stop_core/u_draw_buttons/local_button_y_s0_reg[2]/D
                            (rising edge-triggered cell FDRE clocked by clk_out1_clk_wiz_0  {rise@0.000ns fall@7.692ns period=15.385ns})
  Path Group:             clk_out1_clk_wiz_0
  Path Type:              Setup (Max at Slow Process Corner)
  Requirement:            15.385ns  (clk_out1_clk_wiz_0 rise@15.385ns - clk_out1_clk_wiz_0 rise@0.000ns)
  Data Path Delay:        13.630ns  (logic 5.709ns (41.885%)  route 7.921ns (58.115%))
  Logic Levels:           15  (CARRY4=8 LUT1=1 LUT3=1 LUT4=2 LUT5=2 LUT6=1)
  Clock Path Skew:        -0.032ns (DCD - SCD + CPR)
    Destination Clock Delay (DCD):    -1.562ns = ( 13.823 - 15.385 ) 
    Source Clock Delay      (SCD):    -0.968ns
    Clock Pessimism Removal (CPR):    0.562ns
  Clock Uncertainty:      0.130ns  ((TSJ^2 + DJ^2)^1/2) / 2 + PE
    Total System Jitter     (TSJ):    0.071ns
    Discrete Jitter          (DJ):    0.251ns
    Phase Error              (PE):    0.000ns

    Location             Delay type                Incr(ns)  Path(ns)    Netlist Resource(s)
  -------------------------------------------------------------------    -------------------
                         (clock clk_out1_clk_wiz_0 rise edge)
                                                      0.000     0.000 r  
    W5                                                0.000     0.000 r  clk (IN)
                         net (fo=0)                   0.000     0.000    CLK0/inst/clk
    W5                   IBUF (Prop_ibuf_I_O)         1.458     1.458 r  CLK0/inst/clkin1_ibufg/O
                         net (fo=1, routed)           1.233     2.691    CLK0/inst/clk_in_clk_wiz_0
    MMCME2_ADV_X1Y0      MMCME2_ADV (Prop_mmcme2_adv_CLKIN1_CLKOUT0)
                                                     -6.961    -4.269 r  CLK0/inst/mmcm_adv_inst/CLKOUT0
                         net (fo=2, routed)           1.661    -2.608    CLK0/inst/clk_out1_clk_wiz_0
    BUFGCTRL_X0Y0        BUFGCTRL (Prop_bufgctrl_I0_O)
                                                      0.096    -2.512 r  CLK0/inst/clkout1_buf/O
                         net (fo=1526, routed)        1.544    -0.968    u_top_fsm/u_pit_stop_core/u_system_fsm/clk_65M
    SLICE_X48Y78         FDRE                                         r  u_top_fsm/u_pit_stop_core/u_system_fsm/FSM_sequential_state_reg[2]/C
  -------------------------------------------------------------------    -------------------
    SLICE_X48Y78         FDRE (Prop_fdre_C_Q)         0.456    -0.512 r  u_top_fsm/u_pit_stop_core/u_system_fsm/FSM_sequential_state_reg[2]/Q
                         net (fo=149, routed)         1.427     0.915    u_top_fsm/u_pit_stop_core/u_system_fsm/Q[2]
    SLICE_X45Y66         LUT3 (Prop_lut3_I0_O)        0.124     1.039 r  u_top_fsm/u_pit_stop_core/u_system_fsm/gen_click_on_release.press_armed_i_65/O
                         net (fo=1, routed)           0.895     1.934    u_top_fsm/u_pit_stop_core/u_system_fsm/gen_click_on_release.press_armed_i_65_n_0
    SLICE_X46Y55         CARRY4 (Prop_carry4_CYINIT_CO[3])
                                                      0.595     2.529 r  u_top_fsm/u_pit_stop_core/u_system_fsm/gen_click_on_release.press_armed_reg_i_50/CO[3]
                         net (fo=1, routed)           0.000     2.529    u_top_fsm/u_pit_stop_core/u_system_fsm/gen_click_on_release.press_armed_reg_i_50_n_0
    SLICE_X46Y56         CARRY4 (Prop_carry4_CI_O[0])
                                                      0.219     2.748 f  u_top_fsm/u_pit_stop_core/u_system_fsm/gen_click_on_release.press_armed_reg_i_49/O[0]
                         net (fo=1, routed)           0.578     3.325    u_top_fsm/u_pit_stop_core/u_system_fsm/u_hitbox_back/p_1_out0[9]
    SLICE_X47Y56         LUT1 (Prop_lut1_I0_O)        0.295     3.620 r  u_top_fsm/u_pit_stop_core/u_system_fsm/gen_click_on_release.press_armed_i_15__0__0/O
                         net (fo=1, routed)           0.000     3.620    u_top_fsm/u_pit_stop_core/u_system_fsm/gen_click_on_release.press_armed_i_15__0__0_n_0
    SLICE_X47Y56         CARRY4 (Prop_carry4_S[1]_CO[3])
                                                      0.550     4.170 r  u_top_fsm/u_pit_stop_core/u_system_fsm/gen_click_on_release.press_armed_reg_i_6__1/CO[3]
                         net (fo=2, routed)           1.169     5.339    u_top_fsm/u_pit_stop_core/u_system_fsm/gen_click_on_release.press_armed_reg_i_6__1_n_0
    SLICE_X48Y63         LUT6 (Prop_lut6_I5_O)        0.124     5.463 r  u_top_fsm/u_pit_stop_core/u_system_fsm/local_button_y_s0[3]_i_10/O
                         net (fo=1, routed)           0.000     5.463    u_top_fsm/u_pit_stop_core/u_system_fsm/local_button_y_s0[3]_i_10_n_0
    SLICE_X48Y63         CARRY4 (Prop_carry4_S[1]_CO[2])
                                                      0.570     6.033 r  u_top_fsm/u_pit_stop_core/u_system_fsm/local_button_y_s0_reg[3]_i_7/CO[2]
                         net (fo=8, routed)           0.624     6.657    u_top_fsm/u_pit_stop_core/u_system_fsm/FSM_sequential_state_reg[2]_3[0]
    SLICE_X46Y61         CARRY4 (Prop_carry4_CYINIT_CO[3])
                                                      0.784     7.441 r  u_top_fsm/u_pit_stop_core/u_system_fsm/local_button_y_s0_reg[7]_i_7/CO[3]
                         net (fo=6, routed)           1.037     8.478    u_top_fsm/u_pit_stop_core/u_draw_game_panel/local_button_y_s0_reg[7]_0[0]
    SLICE_X45Y63         LUT4 (Prop_lut4_I3_O)        0.124     8.602 r  u_top_fsm/u_pit_stop_core/u_draw_game_panel/in_button_s0_i_44/O
                         net (fo=1, routed)           0.000     8.602    u_top_fsm/u_pit_stop_core/u_draw_game_panel/in_button_s0_i_44_n_0
    SLICE_X45Y63         CARRY4 (Prop_carry4_S[2]_CO[3])
                                                      0.398     9.000 r  u_top_fsm/u_pit_stop_core/u_draw_game_panel/in_button_s0_reg_i_15/CO[3]
                         net (fo=1, routed)           0.000     9.000    u_top_fsm/u_pit_stop_core/u_draw_game_panel/in_button_s0_reg_i_15_n_0
    SLICE_X45Y64         CARRY4 (Prop_carry4_CI_CO[0])
                                                      0.271     9.271 r  u_top_fsm/u_pit_stop_core/u_draw_game_panel/in_button_s0_reg_i_8/CO[0]
                         net (fo=1, routed)           0.700     9.971    u_top_fsm/u_pit_stop_core/u_draw_game_panel/u_draw_buttons/back_active1
    SLICE_X45Y66         LUT5 (Prop_lut5_I4_O)        0.373    10.344 r  u_top_fsm/u_pit_stop_core/u_draw_game_panel/in_button_s0_i_3/O
                         net (fo=20, routed)          0.811    11.155    u_top_fsm/u_pit_stop_core/u_draw_game_panel/u_draw_buttons/back_active
    SLICE_X49Y65         LUT4 (Prop_lut4_I2_O)        0.124    11.279 r  u_top_fsm/u_pit_stop_core/u_draw_game_panel/local_button_y_s0[3]_i_8/O
                         net (fo=1, routed)           0.681    11.960    u_top_fsm/u_pit_stop_core/u_draw_game_panel/local_button_y_s0[3]_i_8_n_0
    SLICE_X46Y62         LUT5 (Prop_lut5_I1_O)        0.124    12.084 r  u_top_fsm/u_pit_stop_core/u_draw_game_panel/local_button_y_s0[3]_i_4/O
                         net (fo=1, routed)           0.000    12.084    u_top_fsm/u_pit_stop_core/u_draw_game_panel/local_button_y_s0[3]_i_4_n_0
    SLICE_X46Y62         CARRY4 (Prop_carry4_S[1]_O[2])
                                                      0.578    12.662 r  u_top_fsm/u_pit_stop_core/u_draw_game_panel/local_button_y_s0_reg[3]_i_1/O[2]
                         net (fo=1, routed)           0.000    12.662    u_top_fsm/u_pit_stop_core/u_draw_buttons/local_button_y_s0_reg[11]_0[2]
    SLICE_X46Y62         FDRE                                         r  u_top_fsm/u_pit_stop_core/u_draw_buttons/local_button_y_s0_reg[2]/D
  -------------------------------------------------------------------    -------------------

                         (clock clk_out1_clk_wiz_0 rise edge)
                                                     15.385    15.385 r  
    W5                                                0.000    15.385 r  clk (IN)
                         net (fo=0)                   0.000    15.385    CLK0/inst/clk
    W5                   IBUF (Prop_ibuf_I_O)         1.388    16.773 r  CLK0/inst/clkin1_ibufg/O
                         net (fo=1, routed)           1.162    17.935    CLK0/inst/clk_in_clk_wiz_0
    MMCME2_ADV_X1Y0      MMCME2_ADV (Prop_mmcme2_adv_CLKIN1_CLKOUT0)
                                                     -7.217    10.717 r  CLK0/inst/mmcm_adv_inst/CLKOUT0
                         net (fo=2, routed)           1.581    12.298    CLK0/inst/clk_out1_clk_wiz_0
    BUFGCTRL_X0Y0        BUFGCTRL (Prop_bufgctrl_I0_O)
                                                      0.091    12.389 r  CLK0/inst/clkout1_buf/O
                         net (fo=1526, routed)        1.434    13.823    u_top_fsm/u_pit_stop_core/u_draw_buttons/clk_65M
    SLICE_X46Y62         FDRE                                         r  u_top_fsm/u_pit_stop_core/u_draw_buttons/local_button_y_s0_reg[2]/C
                         clock pessimism              0.562    14.385    
                         clock uncertainty           -0.130    14.254    
    SLICE_X46Y62         FDRE (Setup_fdre_C_D)        0.109    14.363    u_top_fsm/u_pit_stop_core/u_draw_buttons/local_button_y_s0_reg[2]
  -------------------------------------------------------------------
                         required time                         14.363    
                         arrival time                         -12.662    
  -------------------------------------------------------------------
                         slack                                  1.701    

Slack (MET) :             1.766ns  (required time - arrival time)
  Source:                 u_top_fsm/u_pit_stop_core/u_vga_timing/vga_out\\.vcount_reg[2]/C
                            (rising edge-triggered cell FDRE clocked by clk_out1_clk_wiz_0  {rise@0.000ns fall@7.692ns period=15.385ns})
  Destination:            u_top_fsm/u_pit_stop_core/u_draw_bg/u_Grandstand_Rom/LUT_value_reg/ADDRARDADDR[9]
                            (rising edge-triggered cell RAMB18E1 clocked by clk_out1_clk_wiz_0  {rise@0.000ns fall@7.692ns period=15.385ns})
  Path Group:             clk_out1_clk_wiz_0
  Path Type:              Setup (Max at Slow Process Corner)
  Requirement:            15.385ns  (clk_out1_clk_wiz_0 rise@15.385ns - clk_out1_clk_wiz_0 rise@0.000ns)
  Data Path Delay:        12.720ns  (logic 4.776ns (37.546%)  route 7.944ns (62.454%))
  Logic Levels:           15  (CARRY4=6 LUT2=3 LUT3=1 LUT4=1 LUT5=2 LUT6=2)
  Clock Path Skew:        0.006ns (DCD - SCD + CPR)
    Destination Clock Delay (DCD):    -1.528ns = ( 13.856 - 15.385 ) 
    Source Clock Delay      (SCD):    -0.973ns
    Clock Pessimism Removal (CPR):    0.562ns
  Clock Uncertainty:      0.130ns  ((TSJ^2 + DJ^2)^1/2) / 2 + PE
    Total System Jitter     (TSJ):    0.071ns
    Discrete Jitter          (DJ):    0.251ns
    Phase Error              (PE):    0.000ns

    Location             Delay type                Incr(ns)  Path(ns)    Netlist Resource(s)
  -------------------------------------------------------------------    -------------------
                         (clock clk_out1_clk_wiz_0 rise edge)
                                                      0.000     0.000 r  
    W5                                                0.000     0.000 r  clk (IN)
                         net (fo=0)                   0.000     0.000    CLK0/inst/clk
    W5                   IBUF (Prop_ibuf_I_O)         1.458     1.458 r  CLK0/inst/clkin1_ibufg/O
                         net (fo=1, routed)           1.233     2.691    CLK0/inst/clk_in_clk_wiz_0
    MMCME2_ADV_X1Y0      MMCME2_ADV (Prop_mmcme2_adv_CLKIN1_CLKOUT0)
                                                     -6.961    -4.269 r  CLK0/inst/mmcm_adv_inst/CLKOUT0
                         net (fo=2, routed)           1.661    -2.608    CLK0/inst/clk_out1_clk_wiz_0
    BUFGCTRL_X0Y0        BUFGCTRL (Prop_bufgctrl_I0_O)
                                                      0.096    -2.512 r  CLK0/inst/clkout1_buf/O
                         net (fo=1526, routed)        1.539    -0.973    u_top_fsm/u_pit_stop_core/u_vga_timing/clk_65M
    SLICE_X35Y79         FDRE                                         r  u_top_fsm/u_pit_stop_core/u_vga_timing/vga_out\\.vcount_reg[2]/C
  -------------------------------------------------------------------    -------------------
    SLICE_X35Y79         FDRE (Prop_fdre_C_Q)         0.456    -0.517 r  u_top_fsm/u_pit_stop_core/u_vga_timing/vga_out\\.vcount_reg[2]/Q
                         net (fo=37, routed)          1.121     0.604    u_top_fsm/u_pit_stop_core/u_draw_bg/u_Grandstand_Rom/is_cloud_d_reg_i_17_0[0]
    SLICE_X34Y78         LUT5 (Prop_lut5_I0_O)        0.124     0.728 r  u_top_fsm/u_pit_stop_core/u_draw_bg/u_Grandstand_Rom/is_cloud_d_i_42/O
                         net (fo=1, routed)           0.000     0.728    u_top_fsm/u_pit_stop_core/u_draw_bg/u_Grandstand_Rom/is_cloud_d_i_42_n_0
    SLICE_X34Y78         CARRY4 (Prop_carry4_S[0]_CO[3])
                                                      0.513     1.241 r  u_top_fsm/u_pit_stop_core/u_draw_bg/u_Grandstand_Rom/is_cloud_d_reg_i_17/CO[3]
                         net (fo=1, routed)           0.000     1.241    u_top_fsm/u_pit_stop_core/u_vga_timing/CO[0]
    SLICE_X34Y79         CARRY4 (Prop_carry4_CI_CO[0])
                                                      0.254     1.495 f  u_top_fsm/u_pit_stop_core/u_vga_timing/is_cloud_d_reg_i_8/CO[0]
                         net (fo=1, routed)           0.805     2.300    u_top_fsm/u_pit_stop_core/u_vga_timing/u_draw_bg/is_c11
    SLICE_X34Y80         LUT5 (Prop_lut5_I4_O)        0.389     2.689 r  u_top_fsm/u_pit_stop_core/u_vga_timing/is_cloud_d_i_4/O
                         net (fo=1, routed)           0.612     3.300    u_top_fsm/u_pit_stop_core/u_vga_timing/is_cloud_d_i_4_n_0
    SLICE_X30Y78         LUT6 (Prop_lut6_I2_O)        0.328     3.628 f  u_top_fsm/u_pit_stop_core/u_vga_timing/is_cloud_d_i_2/O
                         net (fo=25, routed)          0.879     4.507    u_top_fsm/u_pit_stop_core/u_vga_timing/is_cloud_d_i_2_n_0
    SLICE_X29Y76         LUT2 (Prop_lut2_I0_O)        0.124     4.631 f  u_top_fsm/u_pit_stop_core/u_vga_timing/LUT_value_reg_i_103/O
                         net (fo=1, routed)           0.670     5.302    u_top_fsm/u_pit_stop_core/u_vga_timing/LUT_value_reg_i_103_n_0
    SLICE_X29Y76         LUT6 (Prop_lut6_I0_O)        0.124     5.426 r  u_top_fsm/u_pit_stop_core/u_vga_timing/LUT_value_reg_i_72/O
                         net (fo=14, routed)          0.842     6.268    u_top_fsm/u_pit_stop_core/u_vga_timing/LUT_value_reg_i_53_n_0
    SLICE_X30Y72         LUT2 (Prop_lut2_I1_O)        0.124     6.392 r  u_top_fsm/u_pit_stop_core/u_vga_timing/LUT_value_reg_i_41__0/O
                         net (fo=1, routed)           0.000     6.392    u_top_fsm/u_pit_stop_core/u_vga_timing/LUT_value_reg_i_41__0_n_0
    SLICE_X30Y72         CARRY4 (Prop_carry4_S[3]_CO[3])
                                                      0.376     6.768 r  u_top_fsm/u_pit_stop_core/u_vga_timing/LUT_value_reg_i_22/CO[3]
                         net (fo=1, routed)           0.000     6.768    u_top_fsm/u_pit_stop_core/u_vga_timing/LUT_value_reg_i_22_n_0
    SLICE_X30Y73         CARRY4 (Prop_carry4_CI_O[2])
                                                      0.239     7.007 r  u_top_fsm/u_pit_stop_core/u_vga_timing/LUT_value_reg_i_46/O[2]
                         net (fo=3, routed)           0.590     7.597    u_top_fsm/u_pit_stop_core/u_vga_timing/LUT_value_reg_i_46_n_5
    SLICE_X31Y73         LUT3 (Prop_lut3_I0_O)        0.297     7.894 r  u_top_fsm/u_pit_stop_core/u_vga_timing/LUT_value_reg_i_34/O
                         net (fo=2, routed)           0.422     8.316    u_top_fsm/u_pit_stop_core/u_vga_timing/LUT_value_reg_i_34_n_0
    SLICE_X31Y73         LUT4 (Prop_lut4_I3_O)        0.327     8.643 r  u_top_fsm/u_pit_stop_core/u_vga_timing/LUT_value_reg_i_37/O
                         net (fo=1, routed)           0.000     8.643    u_top_fsm/u_pit_stop_core/u_vga_timing/LUT_value_reg_i_37_n_0
    SLICE_X31Y73         CARRY4 (Prop_carry4_S[3]_O[3])
                                                      0.248     8.891 r  u_top_fsm/u_pit_stop_core/u_vga_timing/LUT_value_reg_i_19__0/O[3]
                         net (fo=2, routed)           0.455     9.347    u_top_fsm/u_pit_stop_core/u_vga_timing/u_draw_bg/addr_grandstand1[7]
    SLICE_X29Y73         CARRY4 (Prop_carry4_S[3]_O[3])
                                                      0.554     9.901 r  u_top_fsm/u_pit_stop_core/u_vga_timing/LUT_value_reg_i_15/O[3]
                         net (fo=1, routed)           0.599    10.500    u_top_fsm/u_pit_stop_core/u_vga_timing/u_draw_bg/addr_grandstand0[7]
    SLICE_X29Y71         LUT2 (Prop_lut2_I0_O)        0.299    10.799 r  u_top_fsm/u_pit_stop_core/u_vga_timing/LUT_value_reg_i_5__0/O
                         net (fo=1, routed)           0.949    11.747    u_top_fsm/u_pit_stop_core/u_draw_bg/u_Grandstand_Rom/LUT_value_reg_0[7]
    RAMB18_X0Y29         RAMB18E1                                     r  u_top_fsm/u_pit_stop_core/u_draw_bg/u_Grandstand_Rom/LUT_value_reg/ADDRARDADDR[9]
  -------------------------------------------------------------------    -------------------

                         (clock clk_out1_clk_wiz_0 rise edge)
                                                     15.385    15.385 r  
    W5                                                0.000    15.385 r  clk (IN)
                         net (fo=0)                   0.000    15.385    CLK0/inst/clk
    W5                   IBUF (Prop_ibuf_I_O)         1.388    16.773 r  CLK0/inst/clkin1_ibufg/O
                         net (fo=1, routed)           1.162    17.935    CLK0/inst/clk_in_clk_wiz_0
    MMCME2_ADV_X1Y0      MMCME2_ADV (Prop_mmcme2_adv_CLKIN1_CLKOUT0)
                                                     -7.217    10.717 r  CLK0/inst/mmcm_adv_inst/CLKOUT0
                         net (fo=2, routed)           1.581    12.298    CLK0/inst/clk_out1_clk_wiz_0
    BUFGCTRL_X0Y0        BUFGCTRL (Prop_bufgctrl_I0_O)
                                                      0.091    12.389 r  CLK0/inst/clkout1_buf/O
                         net (fo=1526, routed)        1.467    13.856    u_top_fsm/u_pit_stop_core/u_draw_bg/u_Grandstand_Rom/clk_65M
    RAMB18_X0Y29         RAMB18E1                                     r  u_top_fsm/u_pit_stop_core/u_draw_bg/u_Grandstand_Rom/LUT_value_reg/CLKARDCLK
                         clock pessimism              0.562    14.418    
                         clock uncertainty           -0.130    14.288    
    RAMB18_X0Y29         RAMB18E1 (Setup_ramb18e1_CLKARDCLK_ADDRARDADDR[9])
                                                     -0.774    13.514    u_top_fsm/u_pit_stop_core/u_draw_bg/u_Grandstand_Rom/LUT_value_reg
  -------------------------------------------------------------------
                         required time                         13.514    
                         arrival time                         -11.747    
  -------------------------------------------------------------------
                         slack                                  1.766    

Slack (MET) :             1.788ns  (required time - arrival time)
  Source:                 u_top_fsm/u_pit_stop_core/u_system_fsm/FSM_sequential_state_reg[3]/C
                            (rising edge-triggered cell FDRE clocked by clk_out1_clk_wiz_0  {rise@0.000ns fall@7.692ns period=15.385ns})
  Destination:            u_top_fsm/u_pit_stop_core/u_rear_wheel_service/service_progress_reg[0]/CE
                            (rising edge-triggered cell FDRE clocked by clk_out1_clk_wiz_0  {rise@0.000ns fall@7.692ns period=15.385ns})
  Path Group:             clk_out1_clk_wiz_0
  Path Type:              Setup (Max at Slow Process Corner)
  Requirement:            15.385ns  (clk_out1_clk_wiz_0 rise@15.385ns - clk_out1_clk_wiz_0 rise@0.000ns)
  Data Path Delay:        13.160ns  (logic 4.305ns (32.713%)  route 8.855ns (67.287%))
  Logic Levels:           14  (CARRY4=4 LUT1=1 LUT3=2 LUT4=3 LUT5=2 LUT6=2)
  Clock Path Skew:        -0.101ns (DCD - SCD + CPR)
    Destination Clock Delay (DCD):    -1.560ns = ( 13.825 - 15.385 ) 
    Source Clock Delay      (SCD):    -0.968ns
    Clock Pessimism Removal (CPR):    0.491ns
  Clock Uncertainty:      0.130ns  ((TSJ^2 + DJ^2)^1/2) / 2 + PE
    Total System Jitter     (TSJ):    0.071ns
    Discrete Jitter          (DJ):    0.251ns
    Phase Error              (PE):    0.000ns

    Location             Delay type                Incr(ns)  Path(ns)    Netlist Resource(s)
  -------------------------------------------------------------------    -------------------
                         (clock clk_out1_clk_wiz_0 rise edge)
                                                      0.000     0.000 r  
    W5                                                0.000     0.000 r  clk (IN)
                         net (fo=0)                   0.000     0.000    CLK0/inst/clk
    W5                   IBUF (Prop_ibuf_I_O)         1.458     1.458 r  CLK0/inst/clkin1_ibufg/O
                         net (fo=1, routed)           1.233     2.691    CLK0/inst/clk_in_clk_wiz_0
    MMCME2_ADV_X1Y0      MMCME2_ADV (Prop_mmcme2_adv_CLKIN1_CLKOUT0)
                                                     -6.961    -4.269 r  CLK0/inst/mmcm_adv_inst/CLKOUT0
                         net (fo=2, routed)           1.661    -2.608    CLK0/inst/clk_out1_clk_wiz_0
    BUFGCTRL_X0Y0        BUFGCTRL (Prop_bufgctrl_I0_O)
                                                      0.096    -2.512 r  CLK0/inst/clkout1_buf/O
                         net (fo=1526, routed)        1.544    -0.968    u_top_fsm/u_pit_stop_core/u_system_fsm/clk_65M
    SLICE_X49Y78         FDRE                                         r  u_top_fsm/u_pit_stop_core/u_system_fsm/FSM_sequential_state_reg[3]/C
  -------------------------------------------------------------------    -------------------
    SLICE_X49Y78         FDRE (Prop_fdre_C_Q)         0.456    -0.512 r  u_top_fsm/u_pit_stop_core/u_system_fsm/FSM_sequential_state_reg[3]/Q
                         net (fo=148, routed)         1.056     0.544    u_top_fsm/u_pit_stop_core/u_system_fsm/Q[3]
    SLICE_X49Y78         LUT4 (Prop_lut4_I3_O)        0.152     0.696 f  u_top_fsm/u_pit_stop_core/u_system_fsm/service_frame_counter[5]_i_4/O
                         net (fo=56, routed)          1.554     2.250    u_top_fsm/u_pit_stop_core/u_rear_wheel_service/FSM_onehot_state_reg[1]
    SLICE_X32Y64         LUT6 (Prop_lut6_I3_O)        0.326     2.576 f  u_top_fsm/u_pit_stop_core/u_rear_wheel_service/FSM_sequential_state[2]_i_7/O
                         net (fo=3, routed)           0.783     3.359    u_top_fsm/u_pit_stop_core/u_rear_wheel_service/rear_rack_take
    SLICE_X33Y56         LUT4 (Prop_lut4_I0_O)        0.119     3.478 f  u_top_fsm/u_pit_stop_core/u_rear_wheel_service/prev_mouse_y[7]_i_3/O
                         net (fo=5, routed)           0.631     4.109    u_top_fsm/u_pit_stop_core/u_rear_wheel_service/FSM_sequential_state_reg[2]_1
    SLICE_X33Y56         LUT4 (Prop_lut4_I3_O)        0.332     4.441 f  u_top_fsm/u_pit_stop_core/u_rear_wheel_service/pos_y[11]_i_4__0/O
                         net (fo=46, routed)          0.968     5.409    u_top_fsm/u_pit_stop_core/u_rear_wheel_physics/rear_anchor_at_rack
    SLICE_X40Y54         LUT3 (Prop_lut3_I2_O)        0.124     5.533 r  u_top_fsm/u_pit_stop_core/u_rear_wheel_physics/FSM_onehot_state[2]_i_118__0/O
                         net (fo=1, routed)           0.000     5.533    u_top_fsm/u_pit_stop_core/u_rear_wheel_physics/FSM_onehot_state[2]_i_118__0_n_0
    SLICE_X40Y54         CARRY4 (Prop_carry4_S[3]_CO[3])
                                                      0.401     5.934 r  u_top_fsm/u_pit_stop_core/u_rear_wheel_physics/FSM_onehot_state_reg[2]_i_84/CO[3]
                         net (fo=1, routed)           0.000     5.934    u_top_fsm/u_pit_stop_core/u_rear_wheel_physics/FSM_onehot_state_reg[2]_i_84_n_0
    SLICE_X40Y55         CARRY4 (Prop_carry4_CI_O[3])
                                                      0.313     6.247 f  u_top_fsm/u_pit_stop_core/u_rear_wheel_physics/FSM_onehot_state_reg[2]_i_45/O[3]
                         net (fo=1, routed)           0.456     6.703    u_top_fsm/u_pit_stop_core/u_rear_wheel_physics/u_hover_rear_wheel/obj_bottom[8]
    SLICE_X41Y55         LUT1 (Prop_lut1_I0_O)        0.306     7.009 r  u_top_fsm/u_pit_stop_core/u_rear_wheel_physics/FSM_onehot_state[2]_i_44/O
                         net (fo=1, routed)           0.000     7.009    u_top_fsm/u_pit_stop_core/u_rear_wheel_physics/FSM_onehot_state[2]_i_44_n_0
    SLICE_X41Y55         CARRY4 (Prop_carry4_S[0]_CO[3])
                                                      0.532     7.541 r  u_top_fsm/u_pit_stop_core/u_rear_wheel_physics/FSM_onehot_state_reg[2]_i_16/CO[3]
                         net (fo=1, routed)           0.000     7.541    u_top_fsm/u_pit_stop_core/u_rear_wheel_physics/FSM_onehot_state_reg[2]_i_16_n_0
    SLICE_X41Y56         CARRY4 (Prop_carry4_CI_CO[0])
                                                      0.271     7.812 f  u_top_fsm/u_pit_stop_core/u_rear_wheel_physics/FSM_onehot_state_reg[2]_i_7__0/CO[0]
                         net (fo=1, routed)           0.734     8.546    u_top_fsm/u_pit_stop_core/u_rear_wheel_physics/FSM_onehot_state_reg[2]_i_7__0_n_3
    SLICE_X42Y54         LUT6 (Prop_lut6_I4_O)        0.373     8.919 r  u_top_fsm/u_pit_stop_core/u_rear_wheel_physics/FSM_onehot_state[2]_i_3__0/O
                         net (fo=5, routed)           0.832     9.750    u_top_fsm/u_mouse_ctl/rear_hover
    SLICE_X41Y57         LUT3 (Prop_lut3_I0_O)        0.150     9.900 r  u_top_fsm/u_mouse_ctl/service_progress[1]_i_6/O
                         net (fo=8, routed)           0.983    10.883    u_top_fsm/u_pit_stop_core/u_rear_wheel_service/state10_out
    SLICE_X29Y56         LUT5 (Prop_lut5_I0_O)        0.326    11.209 r  u_top_fsm/u_pit_stop_core/u_rear_wheel_service/service_progress[3]_i_4__0/O
                         net (fo=2, routed)           0.315    11.524    u_top_fsm/u_pit_stop_core/u_rear_wheel_service/service_progress[3]_i_4__0_n_0
    SLICE_X28Y57         LUT5 (Prop_lut5_I1_O)        0.124    11.648 r  u_top_fsm/u_pit_stop_core/u_rear_wheel_service/service_progress[3]_i_1__0/O
                         net (fo=4, routed)           0.544    12.192    u_top_fsm/u_pit_stop_core/u_rear_wheel_service/service_progress[3]_i_1__0_n_0
    SLICE_X29Y57         FDRE                                         r  u_top_fsm/u_pit_stop_core/u_rear_wheel_service/service_progress_reg[0]/CE
  -------------------------------------------------------------------    -------------------

                         (clock clk_out1_clk_wiz_0 rise edge)
                                                     15.385    15.385 r  
    W5                                                0.000    15.385 r  clk (IN)
                         net (fo=0)                   0.000    15.385    CLK0/inst/clk
    W5                   IBUF (Prop_ibuf_I_O)         1.388    16.773 r  CLK0/inst/clkin1_ibufg/O
                         net (fo=1, routed)           1.162    17.935    CLK0/inst/clk_in_clk_wiz_0
    MMCME2_ADV_X1Y0      MMCME2_ADV (Prop_mmcme2_adv_CLKIN1_CLKOUT0)
                                                     -7.217    10.717 r  CLK0/inst/mmcm_adv_inst/CLKOUT0
                         net (fo=2, routed)           1.581    12.298    CLK0/inst/clk_out1_clk_wiz_0
    BUFGCTRL_X0Y0        BUFGCTRL (Prop_bufgctrl_I0_O)
                                                      0.091    12.389 r  CLK0/inst/clkout1_buf/O
                         net (fo=1526, routed)        1.436    13.825    u_top_fsm/u_pit_stop_core/u_rear_wheel_service/clk_65M
    SLICE_X29Y57         FDRE                                         r  u_top_fsm/u_pit_stop_core/u_rear_wheel_service/service_progress_reg[0]/C
                         clock pessimism              0.491    14.315    
                         clock uncertainty           -0.130    14.185    
    SLICE_X29Y57         FDRE (Setup_fdre_C_CE)      -0.205    13.980    u_top_fsm/u_pit_stop_core/u_rear_wheel_service/service_progress_reg[0]
  -------------------------------------------------------------------
                         required time                         13.980    
                         arrival time                         -12.192    
  -------------------------------------------------------------------
                         slack                                  1.788    

Slack (MET) :             1.832ns  (required time - arrival time)
  Source:                 u_top_fsm/u_pit_stop_core/u_vga_timing/vga_out\\.vcount_reg[2]/C
                            (rising edge-triggered cell FDRE clocked by clk_out1_clk_wiz_0  {rise@0.000ns fall@7.692ns period=15.385ns})
  Destination:            u_top_fsm/u_pit_stop_core/u_draw_bg/u_Grandstand_Rom/LUT_value_reg/ADDRARDADDR[10]
                            (rising edge-triggered cell RAMB18E1 clocked by clk_out1_clk_wiz_0  {rise@0.000ns fall@7.692ns period=15.385ns})
  Path Group:             clk_out1_clk_wiz_0
  Path Type:              Setup (Max at Slow Process Corner)
  Requirement:            15.385ns  (clk_out1_clk_wiz_0 rise@15.385ns - clk_out1_clk_wiz_0 rise@0.000ns)
  Data Path Delay:        12.862ns  (logic 5.151ns (40.047%)  route 7.711ns (59.953%))
  Logic Levels:           16  (CARRY4=7 LUT2=3 LUT3=1 LUT4=1 LUT5=2 LUT6=2)
  Clock Path Skew:        0.006ns (DCD - SCD + CPR)
    Destination Clock Delay (DCD):    -1.528ns = ( 13.856 - 15.385 ) 
    Source Clock Delay      (SCD):    -0.973ns
    Clock Pessimism Removal (CPR):    0.562ns
  Clock Uncertainty:      0.130ns  ((TSJ^2 + DJ^2)^1/2) / 2 + PE
    Total System Jitter     (TSJ):    0.071ns
    Discrete Jitter          (DJ):    0.251ns
    Phase Error              (PE):    0.000ns

    Location             Delay type                Incr(ns)  Path(ns)    Netlist Resource(s)
  -------------------------------------------------------------------    -------------------
                         (clock clk_out1_clk_wiz_0 rise edge)
                                                      0.000     0.000 r  
    W5                                                0.000     0.000 r  clk (IN)
                         net (fo=0)                   0.000     0.000    CLK0/inst/clk
    W5                   IBUF (Prop_ibuf_I_O)         1.458     1.458 r  CLK0/inst/clkin1_ibufg/O
                         net (fo=1, routed)           1.233     2.691    CLK0/inst/clk_in_clk_wiz_0
    MMCME2_ADV_X1Y0      MMCME2_ADV (Prop_mmcme2_adv_CLKIN1_CLKOUT0)
                                                     -6.961    -4.269 r  CLK0/inst/mmcm_adv_inst/CLKOUT0
                         net (fo=2, routed)           1.661    -2.608    CLK0/inst/clk_out1_clk_wiz_0
    BUFGCTRL_X0Y0        BUFGCTRL (Prop_bufgctrl_I0_O)
                                                      0.096    -2.512 r  CLK0/inst/clkout1_buf/O
                         net (fo=1526, routed)        1.539    -0.973    u_top_fsm/u_pit_stop_core/u_vga_timing/clk_65M
    SLICE_X35Y79         FDRE                                         r  u_top_fsm/u_pit_stop_core/u_vga_timing/vga_out\\.vcount_reg[2]/C
  -------------------------------------------------------------------    -------------------
    SLICE_X35Y79         FDRE (Prop_fdre_C_Q)         0.456    -0.517 r  u_top_fsm/u_pit_stop_core/u_vga_timing/vga_out\\.vcount_reg[2]/Q
                         net (fo=37, routed)          1.121     0.604    u_top_fsm/u_pit_stop_core/u_draw_bg/u_Grandstand_Rom/is_cloud_d_reg_i_17_0[0]
    SLICE_X34Y78         LUT5 (Prop_lut5_I0_O)        0.124     0.728 r  u_top_fsm/u_pit_stop_core/u_draw_bg/u_Grandstand_Rom/is_cloud_d_i_42/O
                         net (fo=1, routed)           0.000     0.728    u_top_fsm/u_pit_stop_core/u_draw_bg/u_Grandstand_Rom/is_cloud_d_i_42_n_0
    SLICE_X34Y78         CARRY4 (Prop_carry4_S[0]_CO[3])
                                                      0.513     1.241 r  u_top_fsm/u_pit_stop_core/u_draw_bg/u_Grandstand_Rom/is_cloud_d_reg_i_17/CO[3]
                         net (fo=1, routed)           0.000     1.241    u_top_fsm/u_pit_stop_core/u_vga_timing/CO[0]
    SLICE_X34Y79         CARRY4 (Prop_carry4_CI_CO[0])
                                                      0.254     1.495 f  u_top_fsm/u_pit_stop_core/u_vga_timing/is_cloud_d_reg_i_8/CO[0]
                         net (fo=1, routed)           0.805     2.300    u_top_fsm/u_pit_stop_core/u_vga_timing/u_draw_bg/is_c11
    SLICE_X34Y80         LUT5 (Prop_lut5_I4_O)        0.389     2.689 r  u_top_fsm/u_pit_stop_core/u_vga_timing/is_cloud_d_i_4/O
                         net (fo=1, routed)           0.612     3.300    u_top_fsm/u_pit_stop_core/u_vga_timing/is_cloud_d_i_4_n_0
    SLICE_X30Y78         LUT6 (Prop_lut6_I2_O)        0.328     3.628 f  u_top_fsm/u_pit_stop_core/u_vga_timing/is_cloud_d_i_2/O
                         net (fo=25, routed)          0.879     4.507    u_top_fsm/u_pit_stop_core/u_vga_timing/is_cloud_d_i_2_n_0
    SLICE_X29Y76         LUT2 (Prop_lut2_I0_O)        0.124     4.631 f  u_top_fsm/u_pit_stop_core/u_vga_timing/LUT_value_reg_i_103/O
                         net (fo=1, routed)           0.670     5.302    u_top_fsm/u_pit_stop_core/u_vga_timing/LUT_value_reg_i_103_n_0
    SLICE_X29Y76         LUT6 (Prop_lut6_I0_O)        0.124     5.426 r  u_top_fsm/u_pit_stop_core/u_vga_timing/LUT_value_reg_i_72/O
                         net (fo=14, routed)          0.842     6.268    u_top_fsm/u_pit_stop_core/u_vga_timing/LUT_value_reg_i_53_n_0
    SLICE_X30Y72         LUT2 (Prop_lut2_I1_O)        0.124     6.392 r  u_top_fsm/u_pit_stop_core/u_vga_timing/LUT_value_reg_i_41__0/O
                         net (fo=1, routed)           0.000     6.392    u_top_fsm/u_pit_stop_core/u_vga_timing/LUT_value_reg_i_41__0_n_0
    SLICE_X30Y72         CARRY4 (Prop_carry4_S[3]_CO[3])
                                                      0.376     6.768 r  u_top_fsm/u_pit_stop_core/u_vga_timing/LUT_value_reg_i_22/CO[3]
                         net (fo=1, routed)           0.000     6.768    u_top_fsm/u_pit_stop_core/u_vga_timing/LUT_value_reg_i_22_n_0
    SLICE_X30Y73         CARRY4 (Prop_carry4_CI_O[2])
                                                      0.239     7.007 r  u_top_fsm/u_pit_stop_core/u_vga_timing/LUT_value_reg_i_46/O[2]
                         net (fo=3, routed)           0.590     7.597    u_top_fsm/u_pit_stop_core/u_vga_timing/LUT_value_reg_i_46_n_5
    SLICE_X31Y73         LUT3 (Prop_lut3_I0_O)        0.297     7.894 r  u_top_fsm/u_pit_stop_core/u_vga_timing/LUT_value_reg_i_34/O
                         net (fo=2, routed)           0.422     8.316    u_top_fsm/u_pit_stop_core/u_vga_timing/LUT_value_reg_i_34_n_0
    SLICE_X31Y73         LUT4 (Prop_lut4_I3_O)        0.327     8.643 r  u_top_fsm/u_pit_stop_core/u_vga_timing/LUT_value_reg_i_37/O
                         net (fo=1, routed)           0.000     8.643    u_top_fsm/u_pit_stop_core/u_vga_timing/LUT_value_reg_i_37_n_0
    SLICE_X31Y73         CARRY4 (Prop_carry4_S[3]_O[3])
                                                      0.248     8.891 r  u_top_fsm/u_pit_stop_core/u_vga_timing/LUT_value_reg_i_19__0/O[3]
                         net (fo=2, routed)           0.455     9.347    u_top_fsm/u_pit_stop_core/u_vga_timing/u_draw_bg/addr_grandstand1[7]
    SLICE_X29Y73         CARRY4 (Prop_carry4_S[3]_CO[3])
                                                      0.707    10.054 r  u_top_fsm/u_pit_stop_core/u_vga_timing/LUT_value_reg_i_15/CO[3]
                         net (fo=1, routed)           0.000    10.054    u_top_fsm/u_pit_stop_core/u_vga_timing/LUT_value_reg_i_15_n_0
    SLICE_X29Y74         CARRY4 (Prop_carry4_CI_O[0])
                                                      0.222    10.276 r  u_top_fsm/u_pit_stop_core/u_vga_timing/LUT_value_reg_i_13__0/O[0]
                         net (fo=1, routed)           0.323    10.599    u_top_fsm/u_pit_stop_core/u_vga_timing/u_draw_bg/addr_grandstand0[8]
    SLICE_X29Y75         LUT2 (Prop_lut2_I0_O)        0.299    10.898 r  u_top_fsm/u_pit_stop_core/u_vga_timing/LUT_value_reg_i_4__0/O
                         net (fo=1, routed)           0.991    11.889    u_top_fsm/u_pit_stop_core/u_draw_bg/u_Grandstand_Rom/LUT_value_reg_0[8]
    RAMB18_X0Y29         RAMB18E1                                     r  u_top_fsm/u_pit_stop_core/u_draw_bg/u_Grandstand_Rom/LUT_value_reg/ADDRARDADDR[10]
  -------------------------------------------------------------------    -------------------

                         (clock clk_out1_clk_wiz_0 rise edge)
                                                     15.385    15.385 r  
    W5                                                0.000    15.385 r  clk (IN)
                         net (fo=0)                   0.000    15.385    CLK0/inst/clk
    W5                   IBUF (Prop_ibuf_I_O)         1.388    16.773 r  CLK0/inst/clkin1_ibufg/O
                         net (fo=1, routed)           1.162    17.935    CLK0/inst/clk_in_clk_wiz_0
    MMCME2_ADV_X1Y0      MMCME2_ADV (Prop_mmcme2_adv_CLKIN1_CLKOUT0)
                                                     -7.217    10.717 r  CLK0/inst/mmcm_adv_inst/CLKOUT0
                         net (fo=2, routed)           1.581    12.298    CLK0/inst/clk_out1_clk_wiz_0
    BUFGCTRL_X0Y0        BUFGCTRL (Prop_bufgctrl_I0_O)
                                                      0.091    12.389 r  CLK0/inst/clkout1_buf/O
                         net (fo=1526, routed)        1.467    13.856    u_top_fsm/u_pit_stop_core/u_draw_bg/u_Grandstand_Rom/clk_65M
    RAMB18_X0Y29         RAMB18E1                                     r  u_top_fsm/u_pit_stop_core/u_draw_bg/u_Grandstand_Rom/LUT_value_reg/CLKARDCLK
                         clock pessimism              0.562    14.418    
                         clock uncertainty           -0.130    14.288    
    RAMB18_X0Y29         RAMB18E1 (Setup_ramb18e1_CLKARDCLK_ADDRARDADDR[10])
                                                     -0.566    13.722    u_top_fsm/u_pit_stop_core/u_draw_bg/u_Grandstand_Rom/LUT_value_reg
  -------------------------------------------------------------------
                         required time                         13.722    
                         arrival time                         -11.889    
  -------------------------------------------------------------------
                         slack                                  1.832    

Slack (MET) :             1.895ns  (required time - arrival time)
  Source:                 u_top_fsm/u_pit_stop_core/u_system_fsm/FSM_sequential_state_reg[3]/C
                            (rising edge-triggered cell FDRE clocked by clk_out1_clk_wiz_0  {rise@0.000ns fall@7.692ns period=15.385ns})
  Destination:            u_top_fsm/u_pit_stop_core/u_rear_wheel_service/service_progress_reg[2]/D
                            (rising edge-triggered cell FDRE clocked by clk_out1_clk_wiz_0  {rise@0.000ns fall@7.692ns period=15.385ns})
  Path Group:             clk_out1_clk_wiz_0
  Path Type:              Setup (Max at Slow Process Corner)
  Requirement:            15.385ns  (clk_out1_clk_wiz_0 rise@15.385ns - clk_out1_clk_wiz_0 rise@0.000ns)
  Data Path Delay:        13.287ns  (logic 4.533ns (34.116%)  route 8.754ns (65.884%))
  Logic Levels:           14  (CARRY4=4 LUT1=1 LUT3=2 LUT4=3 LUT5=2 LUT6=2)
  Clock Path Skew:        -0.101ns (DCD - SCD + CPR)
    Destination Clock Delay (DCD):    -1.560ns = ( 13.825 - 15.385 ) 
    Source Clock Delay      (SCD):    -0.968ns
    Clock Pessimism Removal (CPR):    0.491ns
  Clock Uncertainty:      0.130ns  ((TSJ^2 + DJ^2)^1/2) / 2 + PE
    Total System Jitter     (TSJ):    0.071ns
    Discrete Jitter          (DJ):    0.251ns
    Phase Error              (PE):    0.000ns

    Location             Delay type                Incr(ns)  Path(ns)    Netlist Resource(s)
  -------------------------------------------------------------------    -------------------
                         (clock clk_out1_clk_wiz_0 rise edge)
                                                      0.000     0.000 r  
    W5                                                0.000     0.000 r  clk (IN)
                         net (fo=0)                   0.000     0.000    CLK0/inst/clk
    W5                   IBUF (Prop_ibuf_I_O)         1.458     1.458 r  CLK0/inst/clkin1_ibufg/O
                         net (fo=1, routed)           1.233     2.691    CLK0/inst/clk_in_clk_wiz_0
    MMCME2_ADV_X1Y0      MMCME2_ADV (Prop_mmcme2_adv_CLKIN1_CLKOUT0)
                                                     -6.961    -4.269 r  CLK0/inst/mmcm_adv_inst/CLKOUT0
                         net (fo=2, routed)           1.661    -2.608    CLK0/inst/clk_out1_clk_wiz_0
    BUFGCTRL_X0Y0        BUFGCTRL (Prop_bufgctrl_I0_O)
                                                      0.096    -2.512 r  CLK0/inst/clkout1_buf/O
                         net (fo=1526, routed)        1.544    -0.968    u_top_fsm/u_pit_stop_core/u_system_fsm/clk_65M
    SLICE_X49Y78         FDRE                                         r  u_top_fsm/u_pit_stop_core/u_system_fsm/FSM_sequential_state_reg[3]/C
  -------------------------------------------------------------------    -------------------
    SLICE_X49Y78         FDRE (Prop_fdre_C_Q)         0.456    -0.512 r  u_top_fsm/u_pit_stop_core/u_system_fsm/FSM_sequential_state_reg[3]/Q
                         net (fo=148, routed)         1.056     0.544    u_top_fsm/u_pit_stop_core/u_system_fsm/Q[3]
    SLICE_X49Y78         LUT4 (Prop_lut4_I3_O)        0.152     0.696 f  u_top_fsm/u_pit_stop_core/u_system_fsm/service_frame_counter[5]_i_4/O
                         net (fo=56, routed)          1.554     2.250    u_top_fsm/u_pit_stop_core/u_rear_wheel_service/FSM_onehot_state_reg[1]
    SLICE_X32Y64         LUT6 (Prop_lut6_I3_O)        0.326     2.576 f  u_top_fsm/u_pit_stop_core/u_rear_wheel_service/FSM_sequential_state[2]_i_7/O
                         net (fo=3, routed)           0.783     3.359    u_top_fsm/u_pit_stop_core/u_rear_wheel_service/rear_rack_take
    SLICE_X33Y56         LUT4 (Prop_lut4_I0_O)        0.119     3.478 f  u_top_fsm/u_pit_stop_core/u_rear_wheel_service/prev_mouse_y[7]_i_3/O
                         net (fo=5, routed)           0.631     4.109    u_top_fsm/u_pit_stop_core/u_rear_wheel_service/FSM_sequential_state_reg[2]_1
    SLICE_X33Y56         LUT4 (Prop_lut4_I3_O)        0.332     4.441 f  u_top_fsm/u_pit_stop_core/u_rear_wheel_service/pos_y[11]_i_4__0/O
                         net (fo=46, routed)          0.968     5.409    u_top_fsm/u_pit_stop_core/u_rear_wheel_physics/rear_anchor_at_rack
    SLICE_X40Y54         LUT3 (Prop_lut3_I2_O)        0.124     5.533 r  u_top_fsm/u_pit_stop_core/u_rear_wheel_physics/FSM_onehot_state[2]_i_118__0/O
                         net (fo=1, routed)           0.000     5.533    u_top_fsm/u_pit_stop_core/u_rear_wheel_physics/FSM_onehot_state[2]_i_118__0_n_0
    SLICE_X40Y54         CARRY4 (Prop_carry4_S[3]_CO[3])
                                                      0.401     5.934 r  u_top_fsm/u_pit_stop_core/u_rear_wheel_physics/FSM_onehot_state_reg[2]_i_84/CO[3]
                         net (fo=1, routed)           0.000     5.934    u_top_fsm/u_pit_stop_core/u_rear_wheel_physics/FSM_onehot_state_reg[2]_i_84_n_0
    SLICE_X40Y55         CARRY4 (Prop_carry4_CI_O[3])
                                                      0.313     6.247 f  u_top_fsm/u_pit_stop_core/u_rear_wheel_physics/FSM_onehot_state_reg[2]_i_45/O[3]
                         net (fo=1, routed)           0.456     6.703    u_top_fsm/u_pit_stop_core/u_rear_wheel_physics/u_hover_rear_wheel/obj_bottom[8]
    SLICE_X41Y55         LUT1 (Prop_lut1_I0_O)        0.306     7.009 r  u_top_fsm/u_pit_stop_core/u_rear_wheel_physics/FSM_onehot_state[2]_i_44/O
                         net (fo=1, routed)           0.000     7.009    u_top_fsm/u_pit_stop_core/u_rear_wheel_physics/FSM_onehot_state[2]_i_44_n_0
    SLICE_X41Y55         CARRY4 (Prop_carry4_S[0]_CO[3])
                                                      0.532     7.541 r  u_top_fsm/u_pit_stop_core/u_rear_wheel_physics/FSM_onehot_state_reg[2]_i_16/CO[3]
                         net (fo=1, routed)           0.000     7.541    u_top_fsm/u_pit_stop_core/u_rear_wheel_physics/FSM_onehot_state_reg[2]_i_16_n_0
    SLICE_X41Y56         CARRY4 (Prop_carry4_CI_CO[0])
                                                      0.271     7.812 r  u_top_fsm/u_pit_stop_core/u_rear_wheel_physics/FSM_onehot_state_reg[2]_i_7__0/CO[0]
                         net (fo=1, routed)           0.734     8.546    u_top_fsm/u_pit_stop_core/u_rear_wheel_physics/FSM_onehot_state_reg[2]_i_7__0_n_3
    SLICE_X42Y54         LUT6 (Prop_lut6_I4_O)        0.373     8.919 f  u_top_fsm/u_pit_stop_core/u_rear_wheel_physics/FSM_onehot_state[2]_i_3__0/O
                         net (fo=5, routed)           0.832     9.750    u_top_fsm/u_mouse_ctl/rear_hover
    SLICE_X41Y57         LUT3 (Prop_lut3_I0_O)        0.150     9.900 f  u_top_fsm/u_mouse_ctl/service_progress[1]_i_6/O
                         net (fo=8, routed)           0.975    10.875    u_top_fsm/u_pit_stop_core/u_rear_wheel_service/state10_out
    SLICE_X32Y59         LUT5 (Prop_lut5_I2_O)        0.352    11.227 r  u_top_fsm/u_pit_stop_core/u_rear_wheel_service/service_progress[3]_i_7__0/O
                         net (fo=3, routed)           0.766    11.993    u_top_fsm/u_pit_stop_core/u_rear_wheel_service/service_progress[3]_i_7__0_n_0
    SLICE_X28Y58         LUT5 (Prop_lut5_I4_O)        0.326    12.319 r  u_top_fsm/u_pit_stop_core/u_rear_wheel_service/service_progress[2]_i_1__0/O
                         net (fo=1, routed)           0.000    12.319    u_top_fsm/u_pit_stop_core/u_rear_wheel_service/service_progress[2]_i_1__0_n_0
    SLICE_X28Y58         FDRE                                         r  u_top_fsm/u_pit_stop_core/u_rear_wheel_service/service_progress_reg[2]/D
  -------------------------------------------------------------------    -------------------

                         (clock clk_out1_clk_wiz_0 rise edge)
                                                     15.385    15.385 r  
    W5                                                0.000    15.385 r  clk (IN)
                         net (fo=0)                   0.000    15.385    CLK0/inst/clk
    W5                   IBUF (Prop_ibuf_I_O)         1.388    16.773 r  CLK0/inst/clkin1_ibufg/O
                         net (fo=1, routed)           1.162    17.935    CLK0/inst/clk_in_clk_wiz_0
    MMCME2_ADV_X1Y0      MMCME2_ADV (Prop_mmcme2_adv_CLKIN1_CLKOUT0)
                                                     -7.217    10.717 r  CLK0/inst/mmcm_adv_inst/CLKOUT0
                         net (fo=2, routed)           1.581    12.298    CLK0/inst/clk_out1_clk_wiz_0
    BUFGCTRL_X0Y0        BUFGCTRL (Prop_bufgctrl_I0_O)
                                                      0.091    12.389 r  CLK0/inst/clkout1_buf/O
                         net (fo=1526, routed)        1.436    13.825    u_top_fsm/u_pit_stop_core/u_rear_wheel_service/clk_65M
    SLICE_X28Y58         FDRE                                         r  u_top_fsm/u_pit_stop_core/u_rear_wheel_service/service_progress_reg[2]/C
                         clock pessimism              0.491    14.315    
                         clock uncertainty           -0.130    14.185    
    SLICE_X28Y58         FDRE (Setup_fdre_C_D)        0.029    14.214    u_top_fsm/u_pit_stop_core/u_rear_wheel_service/service_progress_reg[2]
  -------------------------------------------------------------------
                         required time                         14.214    
                         arrival time                         -12.319    
  -------------------------------------------------------------------
                         slack                                  1.895    

Slack (MET) :             1.929ns  (required time - arrival time)
  Source:                 u_top_fsm/u_pit_stop_core/u_system_fsm/FSM_sequential_state_reg[3]/C
                            (rising edge-triggered cell FDRE clocked by clk_out1_clk_wiz_0  {rise@0.000ns fall@7.692ns period=15.385ns})
  Destination:            u_top_fsm/u_pit_stop_core/u_rear_wheel_service/service_progress_reg[1]/CE
                            (rising edge-triggered cell FDRE clocked by clk_out1_clk_wiz_0  {rise@0.000ns fall@7.692ns period=15.385ns})
  Path Group:             clk_out1_clk_wiz_0
  Path Type:              Setup (Max at Slow Process Corner)
  Requirement:            15.385ns  (clk_out1_clk_wiz_0 rise@15.385ns - clk_out1_clk_wiz_0 rise@0.000ns)
  Data Path Delay:        13.019ns  (logic 4.305ns (33.067%)  route 8.714ns (66.933%))
  Logic Levels:           14  (CARRY4=4 LUT1=1 LUT3=2 LUT4=3 LUT5=2 LUT6=2)
  Clock Path Skew:        -0.101ns (DCD - SCD + CPR)
    Destination Clock Delay (DCD):    -1.560ns = ( 13.825 - 15.385 ) 
    Source Clock Delay      (SCD):    -0.968ns
    Clock Pessimism Removal (CPR):    0.491ns
  Clock Uncertainty:      0.130ns  ((TSJ^2 + DJ^2)^1/2) / 2 + PE
    Total System Jitter     (TSJ):    0.071ns
    Discrete Jitter          (DJ):    0.251ns
    Phase Error              (PE):    0.000ns

    Location             Delay type                Incr(ns)  Path(ns)    Netlist Resource(s)
  -------------------------------------------------------------------    -------------------
                         (clock clk_out1_clk_wiz_0 rise edge)
                                                      0.000     0.000 r  
    W5                                                0.000     0.000 r  clk (IN)
                         net (fo=0)                   0.000     0.000    CLK0/inst/clk
    W5                   IBUF (Prop_ibuf_I_O)         1.458     1.458 r  CLK0/inst/clkin1_ibufg/O
                         net (fo=1, routed)           1.233     2.691    CLK0/inst/clk_in_clk_wiz_0
    MMCME2_ADV_X1Y0      MMCME2_ADV (Prop_mmcme2_adv_CLKIN1_CLKOUT0)
                                                     -6.961    -4.269 r  CLK0/inst/mmcm_adv_inst/CLKOUT0
                         net (fo=2, routed)           1.661    -2.608    CLK0/inst/clk_out1_clk_wiz_0
    BUFGCTRL_X0Y0        BUFGCTRL (Prop_bufgctrl_I0_O)
                                                      0.096    -2.512 r  CLK0/inst/clkout1_buf/O
                         net (fo=1526, routed)        1.544    -0.968    u_top_fsm/u_pit_stop_core/u_system_fsm/clk_65M
    SLICE_X49Y78         FDRE                                         r  u_top_fsm/u_pit_stop_core/u_system_fsm/FSM_sequential_state_reg[3]/C
  -------------------------------------------------------------------    -------------------
    SLICE_X49Y78         FDRE (Prop_fdre_C_Q)         0.456    -0.512 r  u_top_fsm/u_pit_stop_core/u_system_fsm/FSM_sequential_state_reg[3]/Q
                         net (fo=148, routed)         1.056     0.544    u_top_fsm/u_pit_stop_core/u_system_fsm/Q[3]
    SLICE_X49Y78         LUT4 (Prop_lut4_I3_O)        0.152     0.696 f  u_top_fsm/u_pit_stop_core/u_system_fsm/service_frame_counter[5]_i_4/O
                         net (fo=56, routed)          1.554     2.250    u_top_fsm/u_pit_stop_core/u_rear_wheel_service/FSM_onehot_state_reg[1]
    SLICE_X32Y64         LUT6 (Prop_lut6_I3_O)        0.326     2.576 f  u_top_fsm/u_pit_stop_core/u_rear_wheel_service/FSM_sequential_state[2]_i_7/O
                         net (fo=3, routed)           0.783     3.359    u_top_fsm/u_pit_stop_core/u_rear_wheel_service/rear_rack_take
    SLICE_X33Y56         LUT4 (Prop_lut4_I0_O)        0.119     3.478 f  u_top_fsm/u_pit_stop_core/u_rear_wheel_service/prev_mouse_y[7]_i_3/O
                         net (fo=5, routed)           0.631     4.109    u_top_fsm/u_pit_stop_core/u_rear_wheel_service/FSM_sequential_state_reg[2]_1
    SLICE_X33Y56         LUT4 (Prop_lut4_I3_O)        0.332     4.441 f  u_top_fsm/u_pit_stop_core/u_rear_wheel_service/pos_y[11]_i_4__0/O
                         net (fo=46, routed)          0.968     5.409    u_top_fsm/u_pit_stop_core/u_rear_wheel_physics/rear_anchor_at_rack
    SLICE_X40Y54         LUT3 (Prop_lut3_I2_O)        0.124     5.533 r  u_top_fsm/u_pit_stop_core/u_rear_wheel_physics/FSM_onehot_state[2]_i_118__0/O
                         net (fo=1, routed)           0.000     5.533    u_top_fsm/u_pit_stop_core/u_rear_wheel_physics/FSM_onehot_state[2]_i_118__0_n_0
    SLICE_X40Y54         CARRY4 (Prop_carry4_S[3]_CO[3])
                                                      0.401     5.934 r  u_top_fsm/u_pit_stop_core/u_rear_wheel_physics/FSM_onehot_state_reg[2]_i_84/CO[3]
                         net (fo=1, routed)           0.000     5.934    u_top_fsm/u_pit_stop_core/u_rear_wheel_physics/FSM_onehot_state_reg[2]_i_84_n_0
    SLICE_X40Y55         CARRY4 (Prop_carry4_CI_O[3])
                                                      0.313     6.247 f  u_top_fsm/u_pit_stop_core/u_rear_wheel_physics/FSM_onehot_state_reg[2]_i_45/O[3]
                         net (fo=1, routed)           0.456     6.703    u_top_fsm/u_pit_stop_core/u_rear_wheel_physics/u_hover_rear_wheel/obj_bottom[8]
    SLICE_X41Y55         LUT1 (Prop_lut1_I0_O)        0.306     7.009 r  u_top_fsm/u_pit_stop_core/u_rear_wheel_physics/FSM_onehot_state[2]_i_44/O
                         net (fo=1, routed)           0.000     7.009    u_top_fsm/u_pit_stop_core/u_rear_wheel_physics/FSM_onehot_state[2]_i_44_n_0
    SLICE_X41Y55         CARRY4 (Prop_carry4_S[0]_CO[3])
                                                      0.532     7.541 r  u_top_fsm/u_pit_stop_core/u_rear_wheel_physics/FSM_onehot_state_reg[2]_i_16/CO[3]
                         net (fo=1, routed)           0.000     7.541    u_top_fsm/u_pit_stop_core/u_rear_wheel_physics/FSM_onehot_state_reg[2]_i_16_n_0
    SLICE_X41Y56         CARRY4 (Prop_carry4_CI_CO[0])
                                                      0.271     7.812 f  u_top_fsm/u_pit_stop_core/u_rear_wheel_physics/FSM_onehot_state_reg[2]_i_7__0/CO[0]
                         net (fo=1, routed)           0.734     8.546    u_top_fsm/u_pit_stop_core/u_rear_wheel_physics/FSM_onehot_state_reg[2]_i_7__0_n_3
    SLICE_X42Y54         LUT6 (Prop_lut6_I4_O)        0.373     8.919 r  u_top_fsm/u_pit_stop_core/u_rear_wheel_physics/FSM_onehot_state[2]_i_3__0/O
                         net (fo=5, routed)           0.832     9.750    u_top_fsm/u_mouse_ctl/rear_hover
    SLICE_X41Y57         LUT3 (Prop_lut3_I0_O)        0.150     9.900 r  u_top_fsm/u_mouse_ctl/service_progress[1]_i_6/O
                         net (fo=8, routed)           0.983    10.883    u_top_fsm/u_pit_stop_core/u_rear_wheel_service/state10_out
    SLICE_X29Y56         LUT5 (Prop_lut5_I0_O)        0.326    11.209 r  u_top_fsm/u_pit_stop_core/u_rear_wheel_service/service_progress[3]_i_4__0/O
                         net (fo=2, routed)           0.315    11.524    u_top_fsm/u_pit_stop_core/u_rear_wheel_service/service_progress[3]_i_4__0_n_0
    SLICE_X28Y57         LUT5 (Prop_lut5_I1_O)        0.124    11.648 r  u_top_fsm/u_pit_stop_core/u_rear_wheel_service/service_progress[3]_i_1__0/O
                         net (fo=4, routed)           0.403    12.051    u_top_fsm/u_pit_stop_core/u_rear_wheel_service/service_progress[3]_i_1__0_n_0
    SLICE_X28Y57         FDRE                                         r  u_top_fsm/u_pit_stop_core/u_rear_wheel_service/service_progress_reg[1]/CE
  -------------------------------------------------------------------    -------------------

                         (clock clk_out1_clk_wiz_0 rise edge)
                                                     15.385    15.385 r  
    W5                                                0.000    15.385 r  clk (IN)
                         net (fo=0)                   0.000    15.385    CLK0/inst/clk
    W5                   IBUF (Prop_ibuf_I_O)         1.388    16.773 r  CLK0/inst/clkin1_ibufg/O
                         net (fo=1, routed)           1.162    17.935    CLK0/inst/clk_in_clk_wiz_0
    MMCME2_ADV_X1Y0      MMCME2_ADV (Prop_mmcme2_adv_CLKIN1_CLKOUT0)
                                                     -7.217    10.717 r  CLK0/inst/mmcm_adv_inst/CLKOUT0
                         net (fo=2, routed)           1.581    12.298    CLK0/inst/clk_out1_clk_wiz_0
    BUFGCTRL_X0Y0        BUFGCTRL (Prop_bufgctrl_I0_O)
                                                      0.091    12.389 r  CLK0/inst/clkout1_buf/O
                         net (fo=1526, routed)        1.436    13.825    u_top_fsm/u_pit_stop_core/u_rear_wheel_service/clk_65M
    SLICE_X28Y57         FDRE                                         r  u_top_fsm/u_pit_stop_core/u_rear_wheel_service/service_progress_reg[1]/C
                         clock pessimism              0.491    14.315    
                         clock uncertainty           -0.130    14.185    
    SLICE_X28Y57         FDRE (Setup_fdre_C_CE)      -0.205    13.980    u_top_fsm/u_pit_stop_core/u_rear_wheel_service/service_progress_reg[1]
  -------------------------------------------------------------------
                         required time                         13.980    
                         arrival time                         -12.051    
  -------------------------------------------------------------------
                         slack                                  1.929    

Slack (MET) :             1.929ns  (required time - arrival time)
  Source:                 u_top_fsm/u_pit_stop_core/u_system_fsm/FSM_sequential_state_reg[3]/C
                            (rising edge-triggered cell FDRE clocked by clk_out1_clk_wiz_0  {rise@0.000ns fall@7.692ns period=15.385ns})
  Destination:            u_top_fsm/u_pit_stop_core/u_rear_wheel_service/service_progress_reg[3]/CE
                            (rising edge-triggered cell FDRE clocked by clk_out1_clk_wiz_0  {rise@0.000ns fall@7.692ns period=15.385ns})
  Path Group:             clk_out1_clk_wiz_0
  Path Type:              Setup (Max at Slow Process Corner)
  Requirement:            15.385ns  (clk_out1_clk_wiz_0 rise@15.385ns - clk_out1_clk_wiz_0 rise@0.000ns)
  Data Path Delay:        13.019ns  (logic 4.305ns (33.067%)  route 8.714ns (66.933%))
  Logic Levels:           14  (CARRY4=4 LUT1=1 LUT3=2 LUT4=3 LUT5=2 LUT6=2)
  Clock Path Skew:        -0.101ns (DCD - SCD + CPR)
    Destination Clock Delay (DCD):    -1.560ns = ( 13.825 - 15.385 ) 
    Source Clock Delay      (SCD):    -0.968ns
    Clock Pessimism Removal (CPR):    0.491ns
  Clock Uncertainty:      0.130ns  ((TSJ^2 + DJ^2)^1/2) / 2 + PE
    Total System Jitter     (TSJ):    0.071ns
    Discrete Jitter          (DJ):    0.251ns
    Phase Error              (PE):    0.000ns

    Location             Delay type                Incr(ns)  Path(ns)    Netlist Resource(s)
  -------------------------------------------------------------------    -------------------
                         (clock clk_out1_clk_wiz_0 rise edge)
                                                      0.000     0.000 r  
    W5                                                0.000     0.000 r  clk (IN)
                         net (fo=0)                   0.000     0.000    CLK0/inst/clk
    W5                   IBUF (Prop_ibuf_I_O)         1.458     1.458 r  CLK0/inst/clkin1_ibufg/O
                         net (fo=1, routed)           1.233     2.691    CLK0/inst/clk_in_clk_wiz_0
    MMCME2_ADV_X1Y0      MMCME2_ADV (Prop_mmcme2_adv_CLKIN1_CLKOUT0)
                                                     -6.961    -4.269 r  CLK0/inst/mmcm_adv_inst/CLKOUT0
                         net (fo=2, routed)           1.661    -2.608    CLK0/inst/clk_out1_clk_wiz_0
    BUFGCTRL_X0Y0        BUFGCTRL (Prop_bufgctrl_I0_O)
                                                      0.096    -2.512 r  CLK0/inst/clkout1_buf/O
                         net (fo=1526, routed)        1.544    -0.968    u_top_fsm/u_pit_stop_core/u_system_fsm/clk_65M
    SLICE_X49Y78         FDRE                                         r  u_top_fsm/u_pit_stop_core/u_system_fsm/FSM_sequential_state_reg[3]/C
  -------------------------------------------------------------------    -------------------
    SLICE_X49Y78         FDRE (Prop_fdre_C_Q)         0.456    -0.512 r  u_top_fsm/u_pit_stop_core/u_system_fsm/FSM_sequential_state_reg[3]/Q
                         net (fo=148, routed)         1.056     0.544    u_top_fsm/u_pit_stop_core/u_system_fsm/Q[3]
    SLICE_X49Y78         LUT4 (Prop_lut4_I3_O)        0.152     0.696 f  u_top_fsm/u_pit_stop_core/u_system_fsm/service_frame_counter[5]_i_4/O
                         net (fo=56, routed)          1.554     2.250    u_top_fsm/u_pit_stop_core/u_rear_wheel_service/FSM_onehot_state_reg[1]
    SLICE_X32Y64         LUT6 (Prop_lut6_I3_O)        0.326     2.576 f  u_top_fsm/u_pit_stop_core/u_rear_wheel_service/FSM_sequential_state[2]_i_7/O
                         net (fo=3, routed)           0.783     3.359    u_top_fsm/u_pit_stop_core/u_rear_wheel_service/rear_rack_take
    SLICE_X33Y56         LUT4 (Prop_lut4_I0_O)        0.119     3.478 f  u_top_fsm/u_pit_stop_core/u_rear_wheel_service/prev_mouse_y[7]_i_3/O
                         net (fo=5, routed)           0.631     4.109    u_top_fsm/u_pit_stop_core/u_rear_wheel_service/FSM_sequential_state_reg[2]_1
    SLICE_X33Y56         LUT4 (Prop_lut4_I3_O)        0.332     4.441 f  u_top_fsm/u_pit_stop_core/u_rear_wheel_service/pos_y[11]_i_4__0/O
                         net (fo=46, routed)          0.968     5.409    u_top_fsm/u_pit_stop_core/u_rear_wheel_physics/rear_anchor_at_rack
    SLICE_X40Y54         LUT3 (Prop_lut3_I2_O)        0.124     5.533 r  u_top_fsm/u_pit_stop_core/u_rear_wheel_physics/FSM_onehot_state[2]_i_118__0/O
                         net (fo=1, routed)           0.000     5.533    u_top_fsm/u_pit_stop_core/u_rear_wheel_physics/FSM_onehot_state[2]_i_118__0_n_0
    SLICE_X40Y54         CARRY4 (Prop_carry4_S[3]_CO[3])
                                                      0.401     5.934 r  u_top_fsm/u_pit_stop_core/u_rear_wheel_physics/FSM_onehot_state_reg[2]_i_84/CO[3]
                         net (fo=1, routed)           0.000     5.934    u_top_fsm/u_pit_stop_core/u_rear_wheel_physics/FSM_onehot_state_reg[2]_i_84_n_0
    SLICE_X40Y55         CARRY4 (Prop_carry4_CI_O[3])
                                                      0.313     6.247 f  u_top_fsm/u_pit_stop_core/u_rear_wheel_physics/FSM_onehot_state_reg[2]_i_45/O[3]
                         net (fo=1, routed)           0.456     6.703    u_top_fsm/u_pit_stop_core/u_rear_wheel_physics/u_hover_rear_wheel/obj_bottom[8]
    SLICE_X41Y55         LUT1 (Prop_lut1_I0_O)        0.306     7.009 r  u_top_fsm/u_pit_stop_core/u_rear_wheel_physics/FSM_onehot_state[2]_i_44/O
                         net (fo=1, routed)           0.000     7.009    u_top_fsm/u_pit_stop_core/u_rear_wheel_physics/FSM_onehot_state[2]_i_44_n_0
    SLICE_X41Y55         CARRY4 (Prop_carry4_S[0]_CO[3])
                                                      0.532     7.541 r  u_top_fsm/u_pit_stop_core/u_rear_wheel_physics/FSM_onehot_state_reg[2]_i_16/CO[3]
                         net (fo=1, routed)           0.000     7.541    u_top_fsm/u_pit_stop_core/u_rear_wheel_physics/FSM_onehot_state_reg[2]_i_16_n_0
    SLICE_X41Y56         CARRY4 (Prop_carry4_CI_CO[0])
                                                      0.271     7.812 f  u_top_fsm/u_pit_stop_core/u_rear_wheel_physics/FSM_onehot_state_reg[2]_i_7__0/CO[0]
                         net (fo=1, routed)           0.734     8.546    u_top_fsm/u_pit_stop_core/u_rear_wheel_physics/FSM_onehot_state_reg[2]_i_7__0_n_3
    SLICE_X42Y54         LUT6 (Prop_lut6_I4_O)        0.373     8.919 r  u_top_fsm/u_pit_stop_core/u_rear_wheel_physics/FSM_onehot_state[2]_i_3__0/O
                         net (fo=5, routed)           0.832     9.750    u_top_fsm/u_mouse_ctl/rear_hover
    SLICE_X41Y57         LUT3 (Prop_lut3_I0_O)        0.150     9.900 r  u_top_fsm/u_mouse_ctl/service_progress[1]_i_6/O
                         net (fo=8, routed)           0.983    10.883    u_top_fsm/u_pit_stop_core/u_rear_wheel_service/state10_out
    SLICE_X29Y56         LUT5 (Prop_lut5_I0_O)        0.326    11.209 r  u_top_fsm/u_pit_stop_core/u_rear_wheel_service/service_progress[3]_i_4__0/O
                         net (fo=2, routed)           0.315    11.524    u_top_fsm/u_pit_stop_core/u_rear_wheel_service/service_progress[3]_i_4__0_n_0
    SLICE_X28Y57         LUT5 (Prop_lut5_I1_O)        0.124    11.648 r  u_top_fsm/u_pit_stop_core/u_rear_wheel_service/service_progress[3]_i_1__0/O
                         net (fo=4, routed)           0.403    12.051    u_top_fsm/u_pit_stop_core/u_rear_wheel_service/service_progress[3]_i_1__0_n_0
    SLICE_X28Y57         FDRE                                         r  u_top_fsm/u_pit_stop_core/u_rear_wheel_service/service_progress_reg[3]/CE
  -------------------------------------------------------------------    -------------------

                         (clock clk_out1_clk_wiz_0 rise edge)
                                                     15.385    15.385 r  
    W5                                                0.000    15.385 r  clk (IN)
                         net (fo=0)                   0.000    15.385    CLK0/inst/clk
    W5                   IBUF (Prop_ibuf_I_O)         1.388    16.773 r  CLK0/inst/clkin1_ibufg/O
                         net (fo=1, routed)           1.162    17.935    CLK0/inst/clk_in_clk_wiz_0
    MMCME2_ADV_X1Y0      MMCME2_ADV (Prop_mmcme2_adv_CLKIN1_CLKOUT0)
                                                     -7.217    10.717 r  CLK0/inst/mmcm_adv_inst/CLKOUT0
                         net (fo=2, routed)           1.581    12.298    CLK0/inst/clk_out1_clk_wiz_0
    BUFGCTRL_X0Y0        BUFGCTRL (Prop_bufgctrl_I0_O)
                                                      0.091    12.389 r  CLK0/inst/clkout1_buf/O
                         net (fo=1526, routed)        1.436    13.825    u_top_fsm/u_pit_stop_core/u_rear_wheel_service/clk_65M
    SLICE_X28Y57         FDRE                                         r  u_top_fsm/u_pit_stop_core/u_rear_wheel_service/service_progress_reg[3]/C
                         clock pessimism              0.491    14.315    
                         clock uncertainty           -0.130    14.185    
    SLICE_X28Y57         FDRE (Setup_fdre_C_CE)      -0.205    13.980    u_top_fsm/u_pit_stop_core/u_rear_wheel_service/service_progress_reg[3]
  -------------------------------------------------------------------
                         required time                         13.980    
                         arrival time                         -12.051    
  -------------------------------------------------------------------
                         slack                                  1.929    

Slack (MET) :             1.978ns  (required time - arrival time)
  Source:                 u_top_fsm/u_pit_stop_core/u_system_fsm/FSM_sequential_state_reg[3]/C
                            (rising edge-triggered cell FDRE clocked by clk_out1_clk_wiz_0  {rise@0.000ns fall@7.692ns period=15.385ns})
  Destination:            u_top_fsm/u_pit_stop_core/u_rear_wheel_service/service_progress_reg[2]/CE
                            (rising edge-triggered cell FDRE clocked by clk_out1_clk_wiz_0  {rise@0.000ns fall@7.692ns period=15.385ns})
  Path Group:             clk_out1_clk_wiz_0
  Path Type:              Setup (Max at Slow Process Corner)
  Requirement:            15.385ns  (clk_out1_clk_wiz_0 rise@15.385ns - clk_out1_clk_wiz_0 rise@0.000ns)
  Data Path Delay:        12.970ns  (logic 4.305ns (33.193%)  route 8.665ns (66.807%))
  Logic Levels:           14  (CARRY4=4 LUT1=1 LUT3=2 LUT4=3 LUT5=2 LUT6=2)
  Clock Path Skew:        -0.101ns (DCD - SCD + CPR)
    Destination Clock Delay (DCD):    -1.560ns = ( 13.825 - 15.385 ) 
    Source Clock Delay      (SCD):    -0.968ns
    Clock Pessimism Removal (CPR):    0.491ns
  Clock Uncertainty:      0.130ns  ((TSJ^2 + DJ^2)^1/2) / 2 + PE
    Total System Jitter     (TSJ):    0.071ns
    Discrete Jitter          (DJ):    0.251ns
    Phase Error              (PE):    0.000ns

    Location             Delay type                Incr(ns)  Path(ns)    Netlist Resource(s)
  -------------------------------------------------------------------    -------------------
                         (clock clk_out1_clk_wiz_0 rise edge)
                                                      0.000     0.000 r  
    W5                                                0.000     0.000 r  clk (IN)
                         net (fo=0)                   0.000     0.000    CLK0/inst/clk
    W5                   IBUF (Prop_ibuf_I_O)         1.458     1.458 r  CLK0/inst/clkin1_ibufg/O
                         net (fo=1, routed)           1.233     2.691    CLK0/inst/clk_in_clk_wiz_0
    MMCME2_ADV_X1Y0      MMCME2_ADV (Prop_mmcme2_adv_CLKIN1_CLKOUT0)
                                                     -6.961    -4.269 r  CLK0/inst/mmcm_adv_inst/CLKOUT0
                         net (fo=2, routed)           1.661    -2.608    CLK0/inst/clk_out1_clk_wiz_0
    BUFGCTRL_X0Y0        BUFGCTRL (Prop_bufgctrl_I0_O)
                                                      0.096    -2.512 r  CLK0/inst/clkout1_buf/O
                         net (fo=1526, routed)        1.544    -0.968    u_top_fsm/u_pit_stop_core/u_system_fsm/clk_65M
    SLICE_X49Y78         FDRE                                         r  u_top_fsm/u_pit_stop_core/u_system_fsm/FSM_sequential_state_reg[3]/C
  -------------------------------------------------------------------    -------------------
    SLICE_X49Y78         FDRE (Prop_fdre_C_Q)         0.456    -0.512 r  u_top_fsm/u_pit_stop_core/u_system_fsm/FSM_sequential_state_reg[3]/Q
                         net (fo=148, routed)         1.056     0.544    u_top_fsm/u_pit_stop_core/u_system_fsm/Q[3]
    SLICE_X49Y78         LUT4 (Prop_lut4_I3_O)        0.152     0.696 f  u_top_fsm/u_pit_stop_core/u_system_fsm/service_frame_counter[5]_i_4/O
                         net (fo=56, routed)          1.554     2.250    u_top_fsm/u_pit_stop_core/u_rear_wheel_service/FSM_onehot_state_reg[1]
    SLICE_X32Y64         LUT6 (Prop_lut6_I3_O)        0.326     2.576 f  u_top_fsm/u_pit_stop_core/u_rear_wheel_service/FSM_sequential_state[2]_i_7/O
                         net (fo=3, routed)           0.783     3.359    u_top_fsm/u_pit_stop_core/u_rear_wheel_service/rear_rack_take
    SLICE_X33Y56         LUT4 (Prop_lut4_I0_O)        0.119     3.478 f  u_top_fsm/u_pit_stop_core/u_rear_wheel_service/prev_mouse_y[7]_i_3/O
                         net (fo=5, routed)           0.631     4.109    u_top_fsm/u_pit_stop_core/u_rear_wheel_service/FSM_sequential_state_reg[2]_1
    SLICE_X33Y56         LUT4 (Prop_lut4_I3_O)        0.332     4.441 f  u_top_fsm/u_pit_stop_core/u_rear_wheel_service/pos_y[11]_i_4__0/O
                         net (fo=46, routed)          0.968     5.409    u_top_fsm/u_pit_stop_core/u_rear_wheel_physics/rear_anchor_at_rack
    SLICE_X40Y54         LUT3 (Prop_lut3_I2_O)        0.124     5.533 r  u_top_fsm/u_pit_stop_core/u_rear_wheel_physics/FSM_onehot_state[2]_i_118__0/O
                         net (fo=1, routed)           0.000     5.533    u_top_fsm/u_pit_stop_core/u_rear_wheel_physics/FSM_onehot_state[2]_i_118__0_n_0
    SLICE_X40Y54         CARRY4 (Prop_carry4_S[3]_CO[3])
                                                      0.401     5.934 r  u_top_fsm/u_pit_stop_core/u_rear_wheel_physics/FSM_onehot_state_reg[2]_i_84/CO[3]
                         net (fo=1, routed)           0.000     5.934    u_top_fsm/u_pit_stop_core/u_rear_wheel_physics/FSM_onehot_state_reg[2]_i_84_n_0
    SLICE_X40Y55         CARRY4 (Prop_carry4_CI_O[3])
                                                      0.313     6.247 f  u_top_fsm/u_pit_stop_core/u_rear_wheel_physics/FSM_onehot_state_reg[2]_i_45/O[3]
                         net (fo=1, routed)           0.456     6.703    u_top_fsm/u_pit_stop_core/u_rear_wheel_physics/u_hover_rear_wheel/obj_bottom[8]
    SLICE_X41Y55         LUT1 (Prop_lut1_I0_O)        0.306     7.009 r  u_top_fsm/u_pit_stop_core/u_rear_wheel_physics/FSM_onehot_state[2]_i_44/O
                         net (fo=1, routed)           0.000     7.009    u_top_fsm/u_pit_stop_core/u_rear_wheel_physics/FSM_onehot_state[2]_i_44_n_0
    SLICE_X41Y55         CARRY4 (Prop_carry4_S[0]_CO[3])
                                                      0.532     7.541 r  u_top_fsm/u_pit_stop_core/u_rear_wheel_physics/FSM_onehot_state_reg[2]_i_16/CO[3]
                         net (fo=1, routed)           0.000     7.541    u_top_fsm/u_pit_stop_core/u_rear_wheel_physics/FSM_onehot_state_reg[2]_i_16_n_0
    SLICE_X41Y56         CARRY4 (Prop_carry4_CI_CO[0])
                                                      0.271     7.812 f  u_top_fsm/u_pit_stop_core/u_rear_wheel_physics/FSM_onehot_state_reg[2]_i_7__0/CO[0]
                         net (fo=1, routed)           0.734     8.546    u_top_fsm/u_pit_stop_core/u_rear_wheel_physics/FSM_onehot_state_reg[2]_i_7__0_n_3
    SLICE_X42Y54         LUT6 (Prop_lut6_I4_O)        0.373     8.919 r  u_top_fsm/u_pit_stop_core/u_rear_wheel_physics/FSM_onehot_state[2]_i_3__0/O
                         net (fo=5, routed)           0.832     9.750    u_top_fsm/u_mouse_ctl/rear_hover
    SLICE_X41Y57         LUT3 (Prop_lut3_I0_O)        0.150     9.900 r  u_top_fsm/u_mouse_ctl/service_progress[1]_i_6/O
                         net (fo=8, routed)           0.983    10.883    u_top_fsm/u_pit_stop_core/u_rear_wheel_service/state10_out
    SLICE_X29Y56         LUT5 (Prop_lut5_I0_O)        0.326    11.209 r  u_top_fsm/u_pit_stop_core/u_rear_wheel_service/service_progress[3]_i_4__0/O
                         net (fo=2, routed)           0.315    11.524    u_top_fsm/u_pit_stop_core/u_rear_wheel_service/service_progress[3]_i_4__0_n_0
    SLICE_X28Y57         LUT5 (Prop_lut5_I1_O)        0.124    11.648 r  u_top_fsm/u_pit_stop_core/u_rear_wheel_service/service_progress[3]_i_1__0/O
                         net (fo=4, routed)           0.354    12.002    u_top_fsm/u_pit_stop_core/u_rear_wheel_service/service_progress[3]_i_1__0_n_0
    SLICE_X28Y58         FDRE                                         r  u_top_fsm/u_pit_stop_core/u_rear_wheel_service/service_progress_reg[2]/CE
  -------------------------------------------------------------------    -------------------

                         (clock clk_out1_clk_wiz_0 rise edge)
                                                     15.385    15.385 r  
    W5                                                0.000    15.385 r  clk (IN)
                         net (fo=0)                   0.000    15.385    CLK0/inst/clk
    W5                   IBUF (Prop_ibuf_I_O)         1.388    16.773 r  CLK0/inst/clkin1_ibufg/O
                         net (fo=1, routed)           1.162    17.935    CLK0/inst/clk_in_clk_wiz_0
    MMCME2_ADV_X1Y0      MMCME2_ADV (Prop_mmcme2_adv_CLKIN1_CLKOUT0)
                                                     -7.217    10.717 r  CLK0/inst/mmcm_adv_inst/CLKOUT0
                         net (fo=2, routed)           1.581    12.298    CLK0/inst/clk_out1_clk_wiz_0
    BUFGCTRL_X0Y0        BUFGCTRL (Prop_bufgctrl_I0_O)
                                                      0.091    12.389 r  CLK0/inst/clkout1_buf/O
                         net (fo=1526, routed)        1.436    13.825    u_top_fsm/u_pit_stop_core/u_rear_wheel_service/clk_65M
    SLICE_X28Y58         FDRE                                         r  u_top_fsm/u_pit_stop_core/u_rear_wheel_service/service_progress_reg[2]/C
                         clock pessimism              0.491    14.315    
                         clock uncertainty           -0.130    14.185    
    SLICE_X28Y58         FDRE (Setup_fdre_C_CE)      -0.205    13.980    u_top_fsm/u_pit_stop_core/u_rear_wheel_service/service_progress_reg[2]
  -------------------------------------------------------------------
                         required time                         13.980    
                         arrival time                         -12.002    
  -------------------------------------------------------------------
                         slack                                  1.978    

Slack (MET) :             2.004ns  (required time - arrival time)
  Source:                 u_top_fsm/u_pit_stop_core/u_vga_timing/vga_out\\.hcount_reg[10]/C
                            (rising edge-triggered cell FDRE clocked by clk_out1_clk_wiz_0  {rise@0.000ns fall@7.692ns period=15.385ns})
  Destination:            u_top_fsm/u_pit_stop_core/u_draw_bg/u_Cloud_Rom/LUT_value_reg/ADDRARDADDR[13]
                            (rising edge-triggered cell RAMB18E1 clocked by clk_out1_clk_wiz_0  {rise@0.000ns fall@7.692ns period=15.385ns})
  Path Group:             clk_out1_clk_wiz_0
  Path Type:              Setup (Max at Slow Process Corner)
  Requirement:            15.385ns  (clk_out1_clk_wiz_0 rise@15.385ns - clk_out1_clk_wiz_0 rise@0.000ns)
  Data Path Delay:        12.484ns  (logic 3.740ns (29.958%)  route 8.744ns (70.042%))
  Logic Levels:           12  (CARRY4=4 LUT2=2 LUT3=1 LUT4=2 LUT5=1 LUT6=2)
  Clock Path Skew:        0.003ns (DCD - SCD + CPR)
    Destination Clock Delay (DCD):    -1.528ns = ( 13.856 - 15.385 ) 
    Source Clock Delay      (SCD):    -0.970ns
    Clock Pessimism Removal (CPR):    0.562ns
  Clock Uncertainty:      0.130ns  ((TSJ^2 + DJ^2)^1/2) / 2 + PE
    Total System Jitter     (TSJ):    0.071ns
    Discrete Jitter          (DJ):    0.251ns
    Phase Error              (PE):    0.000ns

    Location             Delay type                Incr(ns)  Path(ns)    Netlist Resource(s)
  -------------------------------------------------------------------    -------------------
                         (clock clk_out1_clk_wiz_0 rise edge)
                                                      0.000     0.000 r  
    W5                                                0.000     0.000 r  clk (IN)
                         net (fo=0)                   0.000     0.000    CLK0/inst/clk
    W5                   IBUF (Prop_ibuf_I_O)         1.458     1.458 r  CLK0/inst/clkin1_ibufg/O
                         net (fo=1, routed)           1.233     2.691    CLK0/inst/clk_in_clk_wiz_0
    MMCME2_ADV_X1Y0      MMCME2_ADV (Prop_mmcme2_adv_CLKIN1_CLKOUT0)
                                                     -6.961    -4.269 r  CLK0/inst/mmcm_adv_inst/CLKOUT0
                         net (fo=2, routed)           1.661    -2.608    CLK0/inst/clk_out1_clk_wiz_0
    BUFGCTRL_X0Y0        BUFGCTRL (Prop_bufgctrl_I0_O)
                                                      0.096    -2.512 r  CLK0/inst/clkout1_buf/O
                         net (fo=1526, routed)        1.542    -0.970    u_top_fsm/u_pit_stop_core/u_vga_timing/clk_65M
    SLICE_X31Y81         FDRE                                         r  u_top_fsm/u_pit_stop_core/u_vga_timing/vga_out\\.hcount_reg[10]/C
  -------------------------------------------------------------------    -------------------
    SLICE_X31Y81         FDRE (Prop_fdre_C_Q)         0.456    -0.514 r  u_top_fsm/u_pit_stop_core/u_vga_timing/vga_out\\.hcount_reg[10]/Q
                         net (fo=16, routed)          1.033     0.519    u_top_fsm/u_pit_stop_core/u_vga_timing/Q[8]
    SLICE_X34Y80         LUT2 (Prop_lut2_I0_O)        0.124     0.643 r  u_top_fsm/u_pit_stop_core/u_vga_timing/LUT_value_reg_i_67/O
                         net (fo=1, routed)           0.670     1.314    u_top_fsm/u_pit_stop_core/u_vga_timing/LUT_value_reg_i_67_n_0
    SLICE_X34Y80         LUT6 (Prop_lut6_I0_O)        0.124     1.438 r  u_top_fsm/u_pit_stop_core/u_vga_timing/LUT_value_reg_i_35/O
                         net (fo=2, routed)           0.874     2.312    u_top_fsm/u_pit_stop_core/u_vga_timing/LUT_value_reg_i_35_n_0
    SLICE_X30Y80         LUT4 (Prop_lut4_I1_O)        0.148     2.460 r  u_top_fsm/u_pit_stop_core/u_vga_timing/LUT_value_reg_i_27/O
                         net (fo=8, routed)           1.008     3.468    u_top_fsm/u_pit_stop_core/u_vga_timing/LUT_value_reg_i_27_n_0
    SLICE_X29Y78         LUT6 (Prop_lut6_I1_O)        0.328     3.796 r  u_top_fsm/u_pit_stop_core/u_vga_timing/LUT_value_reg_i_14__5/O
                         net (fo=21, routed)          1.030     4.826    u_top_fsm/u_pit_stop_core/u_vga_timing/is_grandstand
    SLICE_X30Y75         LUT5 (Prop_lut5_I2_O)        0.124     4.950 r  u_top_fsm/u_pit_stop_core/u_vga_timing/LUT_value_reg_i_22__0/O
                         net (fo=15, routed)          1.019     5.969    u_top_fsm/u_pit_stop_core/u_vga_timing/LUT_value_reg_i_22__0_n_0
    SLICE_X28Y71         LUT3 (Prop_lut3_I2_O)        0.153     6.122 r  u_top_fsm/u_pit_stop_core/u_vga_timing/LUT_value_reg_i_43__4/O
                         net (fo=2, routed)           0.690     6.812    u_top_fsm/u_pit_stop_core/u_vga_timing/LUT_value_reg_i_43__4_n_0
    SLICE_X28Y71         LUT4 (Prop_lut4_I3_O)        0.327     7.139 r  u_top_fsm/u_pit_stop_core/u_vga_timing/LUT_value_reg_i_46__0/O
                         net (fo=1, routed)           0.000     7.139    u_top_fsm/u_pit_stop_core/u_vga_timing/LUT_value_reg_i_46__0_n_0
    SLICE_X28Y71         CARRY4 (Prop_carry4_S[3]_CO[3])
                                                      0.401     7.540 r  u_top_fsm/u_pit_stop_core/u_vga_timing/LUT_value_reg_i_19/CO[3]
                         net (fo=1, routed)           0.000     7.540    u_top_fsm/u_pit_stop_core/u_vga_timing/LUT_value_reg_i_19_n_0
    SLICE_X28Y72         CARRY4 (Prop_carry4_CI_O[1])
                                                      0.334     7.874 r  u_top_fsm/u_pit_stop_core/u_vga_timing/LUT_value_reg_i_18/O[1]
                         net (fo=1, routed)           0.580     8.454    u_top_fsm/u_pit_stop_core/u_vga_timing/u_draw_bg/addr_cloud1[8]
    SLICE_X28Y74         CARRY4 (Prop_carry4_S[3]_CO[3])
                                                      0.704     9.158 r  u_top_fsm/u_pit_stop_core/u_vga_timing/LUT_value_reg_i_12/CO[3]
                         net (fo=1, routed)           0.009     9.167    u_top_fsm/u_pit_stop_core/u_vga_timing/LUT_value_reg_i_12_n_0
    SLICE_X28Y75         CARRY4 (Prop_carry4_CI_O[0])
                                                      0.222     9.389 r  u_top_fsm/u_pit_stop_core/u_vga_timing/LUT_value_reg_i_11/O[0]
                         net (fo=1, routed)           0.772    10.161    u_top_fsm/u_pit_stop_core/u_vga_timing/u_draw_bg/addr_cloud0[9]
    SLICE_X29Y71         LUT2 (Prop_lut2_I0_O)        0.295    10.456 r  u_top_fsm/u_pit_stop_core/u_vga_timing/LUT_value_reg_i_1/O
                         net (fo=1, routed)           1.058    11.514    u_top_fsm/u_pit_stop_core/u_draw_bg/u_Cloud_Rom/ADDRARDADDR[9]
    RAMB18_X0Y28         RAMB18E1                                     r  u_top_fsm/u_pit_stop_core/u_draw_bg/u_Cloud_Rom/LUT_value_reg/ADDRARDADDR[13]
  -------------------------------------------------------------------    -------------------

                         (clock clk_out1_clk_wiz_0 rise edge)
                                                     15.385    15.385 r  
    W5                                                0.000    15.385 r  clk (IN)
                         net (fo=0)                   0.000    15.385    CLK0/inst/clk
    W5                   IBUF (Prop_ibuf_I_O)         1.388    16.773 r  CLK0/inst/clkin1_ibufg/O
                         net (fo=1, routed)           1.162    17.935    CLK0/inst/clk_in_clk_wiz_0
    MMCME2_ADV_X1Y0      MMCME2_ADV (Prop_mmcme2_adv_CLKIN1_CLKOUT0)
                                                     -7.217    10.717 r  CLK0/inst/mmcm_adv_inst/CLKOUT0
                         net (fo=2, routed)           1.581    12.298    CLK0/inst/clk_out1_clk_wiz_0
    BUFGCTRL_X0Y0        BUFGCTRL (Prop_bufgctrl_I0_O)
                                                      0.091    12.389 r  CLK0/inst/clkout1_buf/O
                         net (fo=1526, routed)        1.467    13.856    u_top_fsm/u_pit_stop_core/u_draw_bg/u_Cloud_Rom/clk_65M
    RAMB18_X0Y28         RAMB18E1                                     r  u_top_fsm/u_pit_stop_core/u_draw_bg/u_Cloud_Rom/LUT_value_reg/CLKARDCLK
                         clock pessimism              0.562    14.418    
                         clock uncertainty           -0.130    14.288    
    RAMB18_X0Y28         RAMB18E1 (Setup_ramb18e1_CLKARDCLK_ADDRARDADDR[13])
                                                     -0.769    13.519    u_top_fsm/u_pit_stop_core/u_draw_bg/u_Cloud_Rom/LUT_value_reg
  -------------------------------------------------------------------
                         required time                         13.519    
                         arrival time                         -11.514    
  -------------------------------------------------------------------
                         slack                                  2.004    

Slack (MET) :             2.007ns  (required time - arrival time)
  Source:                 u_top_fsm/u_pit_stop_core/u_system_fsm/FSM_sequential_state_reg[3]/C
                            (rising edge-triggered cell FDRE clocked by clk_out1_clk_wiz_0  {rise@0.000ns fall@7.692ns period=15.385ns})
  Destination:            u_top_fsm/u_pit_stop_core/u_draw_front_wheel/u_rom/LUT_value_reg/ADDRBWRADDR[11]
                            (rising edge-triggered cell RAMB18E1 clocked by clk_out1_clk_wiz_0  {rise@0.000ns fall@7.692ns period=15.385ns})
  Path Group:             clk_out1_clk_wiz_0
  Path Type:              Setup (Max at Slow Process Corner)
  Requirement:            15.385ns  (clk_out1_clk_wiz_0 rise@15.385ns - clk_out1_clk_wiz_0 rise@0.000ns)
  Data Path Delay:        12.497ns  (logic 3.871ns (30.976%)  route 8.626ns (69.024%))
  Logic Levels:           13  (CARRY4=3 LUT2=1 LUT3=2 LUT4=5 LUT6=2)
  Clock Path Skew:        0.018ns (DCD - SCD + CPR)
    Destination Clock Delay (DCD):    -1.511ns = ( 13.873 - 15.385 ) 
    Source Clock Delay      (SCD):    -0.968ns
    Clock Pessimism Removal (CPR):    0.562ns
  Clock Uncertainty:      0.130ns  ((TSJ^2 + DJ^2)^1/2) / 2 + PE
    Total System Jitter     (TSJ):    0.071ns
    Discrete Jitter          (DJ):    0.251ns
    Phase Error              (PE):    0.000ns

    Location             Delay type                Incr(ns)  Path(ns)    Netlist Resource(s)
  -------------------------------------------------------------------    -------------------
                         (clock clk_out1_clk_wiz_0 rise edge)
                                                      0.000     0.000 r  
    W5                                                0.000     0.000 r  clk (IN)
                         net (fo=0)                   0.000     0.000    CLK0/inst/clk
    W5                   IBUF (Prop_ibuf_I_O)         1.458     1.458 r  CLK0/inst/clkin1_ibufg/O
                         net (fo=1, routed)           1.233     2.691    CLK0/inst/clk_in_clk_wiz_0
    MMCME2_ADV_X1Y0      MMCME2_ADV (Prop_mmcme2_adv_CLKIN1_CLKOUT0)
                                                     -6.961    -4.269 r  CLK0/inst/mmcm_adv_inst/CLKOUT0
                         net (fo=2, routed)           1.661    -2.608    CLK0/inst/clk_out1_clk_wiz_0
    BUFGCTRL_X0Y0        BUFGCTRL (Prop_bufgctrl_I0_O)
                                                      0.096    -2.512 r  CLK0/inst/clkout1_buf/O
                         net (fo=1526, routed)        1.544    -0.968    u_top_fsm/u_pit_stop_core/u_system_fsm/clk_65M
    SLICE_X49Y78         FDRE                                         r  u_top_fsm/u_pit_stop_core/u_system_fsm/FSM_sequential_state_reg[3]/C
  -------------------------------------------------------------------    -------------------
    SLICE_X49Y78         FDRE (Prop_fdre_C_Q)         0.456    -0.512 f  u_top_fsm/u_pit_stop_core/u_system_fsm/FSM_sequential_state_reg[3]/Q
                         net (fo=148, routed)         1.056     0.544    u_top_fsm/u_pit_stop_core/u_system_fsm/Q[3]
    SLICE_X49Y78         LUT4 (Prop_lut4_I3_O)        0.152     0.696 r  u_top_fsm/u_pit_stop_core/u_system_fsm/service_frame_counter[5]_i_4/O
                         net (fo=56, routed)          1.554     2.250    u_top_fsm/u_pit_stop_core/u_rear_wheel_service/FSM_onehot_state_reg[1]
    SLICE_X32Y64         LUT6 (Prop_lut6_I3_O)        0.326     2.576 r  u_top_fsm/u_pit_stop_core/u_rear_wheel_service/FSM_sequential_state[2]_i_7/O
                         net (fo=3, routed)           0.783     3.359    u_top_fsm/u_pit_stop_core/u_rear_wheel_service/rear_rack_take
    SLICE_X33Y56         LUT4 (Prop_lut4_I0_O)        0.119     3.478 r  u_top_fsm/u_pit_stop_core/u_rear_wheel_service/prev_mouse_y[7]_i_3/O
                         net (fo=5, routed)           0.631     4.109    u_top_fsm/u_pit_stop_core/u_rear_wheel_service/FSM_sequential_state_reg[2]_1
    SLICE_X33Y56         LUT4 (Prop_lut4_I3_O)        0.332     4.441 r  u_top_fsm/u_pit_stop_core/u_rear_wheel_service/pos_y[11]_i_4__0/O
                         net (fo=46, routed)          0.840     5.281    u_top_fsm/u_pit_stop_core/u_rear_wheel_physics/rear_anchor_at_rack
    SLICE_X37Y51         LUT4 (Prop_lut4_I2_O)        0.124     5.405 r  u_top_fsm/u_pit_stop_core/u_rear_wheel_physics/LUT_value_reg_i_113__1/O
                         net (fo=1, routed)           0.000     5.405    u_top_fsm/u_pit_stop_core/u_draw_front_wheel/u_rom/LUT_value_reg_i_44__3[0]
    SLICE_X37Y51         CARRY4 (Prop_carry4_S[0]_O[0])
                                                      0.247     5.652 r  u_top_fsm/u_pit_stop_core/u_draw_front_wheel/u_rom/LUT_value_reg_i_76__2/O[0]
                         net (fo=7, routed)           0.507     6.158    u_top_fsm/u_pit_stop_core/u_draw_front_wheel/u_rom/vga_out\\.vcount_reg[9][0]
    SLICE_X36Y51         LUT3 (Prop_lut3_I0_O)        0.294     6.452 r  u_top_fsm/u_pit_stop_core/u_draw_front_wheel/u_rom/LUT_value_reg_i_104__1/O
                         net (fo=2, routed)           0.302     6.754    u_top_fsm/u_pit_stop_core/u_draw_front_wheel/u_rom/LUT_value_reg_i_104__1_n_0
    SLICE_X36Y51         LUT4 (Prop_lut4_I3_O)        0.332     7.086 r  u_top_fsm/u_pit_stop_core/u_draw_front_wheel/u_rom/LUT_value_reg_i_107__2/O
                         net (fo=1, routed)           0.000     7.086    u_top_fsm/u_pit_stop_core/u_draw_front_wheel/u_rom/LUT_value_reg_i_107__2_n_0
    SLICE_X36Y51         CARRY4 (Prop_carry4_S[2]_O[2])
                                                      0.248     7.334 r  u_top_fsm/u_pit_stop_core/u_draw_front_wheel/u_rom/LUT_value_reg_i_75__3/O[2]
                         net (fo=2, routed)           0.581     7.916    u_top_fsm/u_pit_stop_core/u_draw_front_wheel/u_rom/LUT_value_reg_i_75__3_n_5
    SLICE_X39Y50         LUT3 (Prop_lut3_I1_O)        0.331     8.247 r  u_top_fsm/u_pit_stop_core/u_draw_front_wheel/u_rom/LUT_value_reg_i_47__3/O
                         net (fo=2, routed)           0.690     8.936    u_top_fsm/u_pit_stop_core/u_draw_front_wheel/u_rom/LUT_value_reg_i_47__3_n_0
    SLICE_X39Y50         LUT6 (Prop_lut6_I0_O)        0.327     9.263 r  u_top_fsm/u_pit_stop_core/u_draw_front_wheel/u_rom/LUT_value_reg_i_51__4/O
                         net (fo=1, routed)           0.000     9.263    u_top_fsm/u_pit_stop_core/u_draw_front_wheel/u_rom/LUT_value_reg_i_51__4_n_0
    SLICE_X39Y50         CARRY4 (Prop_carry4_S[3]_O[3])
                                                      0.248     9.511 r  u_top_fsm/u_pit_stop_core/u_draw_front_wheel/u_rom/LUT_value_reg_i_25__3/O[3]
                         net (fo=1, routed)           0.877    10.389    u_top_fsm/u_pit_stop_core/u_draw_front_wheel/u_rom/u_draw_rear_wheel/rom_addr0[7]
    SLICE_X44Y52         LUT2 (Prop_lut2_I1_O)        0.335    10.724 r  u_top_fsm/u_pit_stop_core/u_draw_front_wheel/u_rom/LUT_value_reg_i_13__4/O
                         net (fo=1, routed)           0.805    11.529    u_top_fsm/u_pit_stop_core/u_draw_front_wheel/u_rom/LUT_value_reg_i_13__4_n_0
    RAMB18_X1Y20         RAMB18E1                                     r  u_top_fsm/u_pit_stop_core/u_draw_front_wheel/u_rom/LUT_value_reg/ADDRBWRADDR[11]
  -------------------------------------------------------------------    -------------------

                         (clock clk_out1_clk_wiz_0 rise edge)
                                                     15.385    15.385 r  
    W5                                                0.000    15.385 r  clk (IN)
                         net (fo=0)                   0.000    15.385    CLK0/inst/clk
    W5                   IBUF (Prop_ibuf_I_O)         1.388    16.773 r  CLK0/inst/clkin1_ibufg/O
                         net (fo=1, routed)           1.162    17.935    CLK0/inst/clk_in_clk_wiz_0
    MMCME2_ADV_X1Y0      MMCME2_ADV (Prop_mmcme2_adv_CLKIN1_CLKOUT0)
                                                     -7.217    10.717 r  CLK0/inst/mmcm_adv_inst/CLKOUT0
                         net (fo=2, routed)           1.581    12.298    CLK0/inst/clk_out1_clk_wiz_0
    BUFGCTRL_X0Y0        BUFGCTRL (Prop_bufgctrl_I0_O)
                                                      0.091    12.389 r  CLK0/inst/clkout1_buf/O
                         net (fo=1526, routed)        1.484    13.873    u_top_fsm/u_pit_stop_core/u_draw_front_wheel/u_rom/clk_65M
    RAMB18_X1Y20         RAMB18E1                                     r  u_top_fsm/u_pit_stop_core/u_draw_front_wheel/u_rom/LUT_value_reg/CLKBWRCLK
                         clock pessimism              0.562    14.435    
                         clock uncertainty           -0.130    14.305    
    RAMB18_X1Y20         RAMB18E1 (Setup_ramb18e1_CLKBWRCLK_ADDRBWRADDR[11])
                                                     -0.769    13.536    u_top_fsm/u_pit_stop_core/u_draw_front_wheel/u_rom/LUT_value_reg
  -------------------------------------------------------------------
                         required time                         13.536    
                         arrival time                         -11.529    
  -------------------------------------------------------------------
                         slack                                  2.007    





Min Delay Paths
--------------------------------------------------------------------------------------
Slack (MET) :             0.070ns  (arrival time - required time)
  Source:                 u_top_fsm/u_mouse_ctl/y_pos_reg[3]/C
                            (rising edge-triggered cell FDRE clocked by clk_out1_clk_wiz_0  {rise@0.000ns fall@7.692ns period=15.385ns})
  Destination:            u_top_fsm/u_mouse_ctl/ypos_reg[3]/D
                            (rising edge-triggered cell FDRE clocked by clk_out1_clk_wiz_0  {rise@0.000ns fall@7.692ns period=15.385ns})
  Path Group:             clk_out1_clk_wiz_0
  Path Type:              Hold (Min at Fast Process Corner)
  Requirement:            0.000ns  (clk_out1_clk_wiz_0 rise@0.000ns - clk_out1_clk_wiz_0 rise@0.000ns)
  Data Path Delay:        0.410ns  (logic 0.141ns (34.407%)  route 0.269ns (65.593%))
  Logic Levels:           0  
  Clock Path Skew:        0.270ns (DCD - SCD - CPR)
    Destination Clock Delay (DCD):    -0.854ns
    Source Clock Delay      (SCD):    -0.615ns
    Clock Pessimism Removal (CPR):    -0.508ns

    Location             Delay type                Incr(ns)  Path(ns)    Netlist Resource(s)
  -------------------------------------------------------------------    -------------------
                         (clock clk_out1_clk_wiz_0 rise edge)
                                                      0.000     0.000 r  
    W5                                                0.000     0.000 r  clk (IN)
                         net (fo=0)                   0.000     0.000    CLK0/inst/clk
    W5                   IBUF (Prop_ibuf_I_O)         0.226     0.226 r  CLK0/inst/clkin1_ibufg/O
                         net (fo=1, routed)           0.440     0.667    CLK0/inst/clk_in_clk_wiz_0
    MMCME2_ADV_X1Y0      MMCME2_ADV (Prop_mmcme2_adv_CLKIN1_CLKOUT0)
                                                     -2.360    -1.693 r  CLK0/inst/mmcm_adv_inst/CLKOUT0
                         net (fo=2, routed)           0.486    -1.207    CLK0/inst/clk_out1_clk_wiz_0
    BUFGCTRL_X0Y0        BUFGCTRL (Prop_bufgctrl_I0_O)
                                                      0.026    -1.181 r  CLK0/inst/clkout1_buf/O
                         net (fo=1526, routed)        0.566    -0.615    u_top_fsm/u_mouse_ctl/clk_65M
    SLICE_X51Y45         FDRE                                         r  u_top_fsm/u_mouse_ctl/y_pos_reg[3]/C
  -------------------------------------------------------------------    -------------------
    SLICE_X51Y45         FDRE (Prop_fdre_C_Q)         0.141    -0.474 r  u_top_fsm/u_mouse_ctl/y_pos_reg[3]/Q
                         net (fo=3, routed)           0.269    -0.206    u_top_fsm/u_mouse_ctl/y_pos[3]
    SLICE_X51Y52         FDRE                                         r  u_top_fsm/u_mouse_ctl/ypos_reg[3]/D
  -------------------------------------------------------------------    -------------------

                         (clock clk_out1_clk_wiz_0 rise edge)
                                                      0.000     0.000 r  
    W5                                                0.000     0.000 r  clk (IN)
                         net (fo=0)                   0.000     0.000    CLK0/inst/clk
    W5                   IBUF (Prop_ibuf_I_O)         0.414     0.414 r  CLK0/inst/clkin1_ibufg/O
                         net (fo=1, routed)           0.480     0.894    CLK0/inst/clk_in_clk_wiz_0
    MMCME2_ADV_X1Y0      MMCME2_ADV (Prop_mmcme2_adv_CLKIN1_CLKOUT0)
                                                     -3.142    -2.248 r  CLK0/inst/mmcm_adv_inst/CLKOUT0
                         net (fo=2, routed)           0.530    -1.718    CLK0/inst/clk_out1_clk_wiz_0
    BUFGCTRL_X0Y0        BUFGCTRL (Prop_bufgctrl_I0_O)
                                                      0.029    -1.689 r  CLK0/inst/clkout1_buf/O
                         net (fo=1526, routed)        0.835    -0.854    u_top_fsm/u_mouse_ctl/clk_65M
    SLICE_X51Y52         FDRE                                         r  u_top_fsm/u_mouse_ctl/ypos_reg[3]/C
                         clock pessimism              0.508    -0.345    
    SLICE_X51Y52         FDRE (Hold_fdre_C_D)         0.070    -0.275    u_top_fsm/u_mouse_ctl/ypos_reg[3]
  -------------------------------------------------------------------
                         required time                          0.275    
                         arrival time                          -0.206    
  -------------------------------------------------------------------
                         slack                                  0.070    

Slack (MET) :             0.076ns  (arrival time - required time)
  Source:                 u_top_fsm/u_mouse_ctl/x_max_reg[9]/C
                            (rising edge-triggered cell FDRE clocked by clk_out1_clk_wiz_0  {rise@0.000ns fall@7.692ns period=15.385ns})
  Destination:            u_top_fsm/u_mouse_ctl/x_pos_reg[8]/D
                            (rising edge-triggered cell FDRE clocked by clk_out1_clk_wiz_0  {rise@0.000ns fall@7.692ns period=15.385ns})
  Path Group:             clk_out1_clk_wiz_0
  Path Type:              Hold (Min at Fast Process Corner)
  Requirement:            0.000ns  (clk_out1_clk_wiz_0 rise@0.000ns - clk_out1_clk_wiz_0 rise@0.000ns)
  Data Path Delay:        0.474ns  (logic 0.184ns (38.829%)  route 0.290ns (61.171%))
  Logic Levels:           1  (LUT5=1)
  Clock Path Skew:        0.267ns (DCD - SCD - CPR)
    Destination Clock Delay (DCD):    -0.858ns
    Source Clock Delay      (SCD):    -0.616ns
    Clock Pessimism Removal (CPR):    -0.508ns

    Location             Delay type                Incr(ns)  Path(ns)    Netlist Resource(s)
  -------------------------------------------------------------------    -------------------
                         (clock clk_out1_clk_wiz_0 rise edge)
                                                      0.000     0.000 r  
    W5                                                0.000     0.000 r  clk (IN)
                         net (fo=0)                   0.000     0.000    CLK0/inst/clk
    W5                   IBUF (Prop_ibuf_I_O)         0.226     0.226 r  CLK0/inst/clkin1_ibufg/O
                         net (fo=1, routed)           0.440     0.667    CLK0/inst/clk_in_clk_wiz_0
    MMCME2_ADV_X1Y0      MMCME2_ADV (Prop_mmcme2_adv_CLKIN1_CLKOUT0)
                                                     -2.360    -1.693 r  CLK0/inst/mmcm_adv_inst/CLKOUT0
                         net (fo=2, routed)           0.486    -1.207    CLK0/inst/clk_out1_clk_wiz_0
    BUFGCTRL_X0Y0        BUFGCTRL (Prop_bufgctrl_I0_O)
                                                      0.026    -1.181 r  CLK0/inst/clkout1_buf/O
                         net (fo=1526, routed)        0.565    -0.616    u_top_fsm/u_mouse_ctl/clk_65M
    SLICE_X47Y48         FDRE                                         r  u_top_fsm/u_mouse_ctl/x_max_reg[9]/C
  -------------------------------------------------------------------    -------------------
    SLICE_X47Y48         FDRE (Prop_fdre_C_Q)         0.141    -0.475 r  u_top_fsm/u_mouse_ctl/x_max_reg[9]/Q
                         net (fo=4, routed)           0.290    -0.185    u_top_fsm/u_mouse_ctl/x_max[9]
    SLICE_X42Y50         LUT5 (Prop_lut5_I2_O)        0.043    -0.142 r  u_top_fsm/u_mouse_ctl/x_pos[8]_i_1/O
                         net (fo=1, routed)           0.000    -0.142    u_top_fsm/u_mouse_ctl/x_pos[8]_i_1_n_0
    SLICE_X42Y50         FDRE                                         r  u_top_fsm/u_mouse_ctl/x_pos_reg[8]/D
  -------------------------------------------------------------------    -------------------

                         (clock clk_out1_clk_wiz_0 rise edge)
                                                      0.000     0.000 r  
    W5                                                0.000     0.000 r  clk (IN)
                         net (fo=0)                   0.000     0.000    CLK0/inst/clk
    W5                   IBUF (Prop_ibuf_I_O)         0.414     0.414 r  CLK0/inst/clkin1_ibufg/O
                         net (fo=1, routed)           0.480     0.894    CLK0/inst/clk_in_clk_wiz_0
    MMCME2_ADV_X1Y0      MMCME2_ADV (Prop_mmcme2_adv_CLKIN1_CLKOUT0)
                                                     -3.142    -2.248 r  CLK0/inst/mmcm_adv_inst/CLKOUT0
                         net (fo=2, routed)           0.530    -1.718    CLK0/inst/clk_out1_clk_wiz_0
    BUFGCTRL_X0Y0        BUFGCTRL (Prop_bufgctrl_I0_O)
                                                      0.029    -1.689 r  CLK0/inst/clkout1_buf/O
                         net (fo=1526, routed)        0.832    -0.858    u_top_fsm/u_mouse_ctl/clk_65M
    SLICE_X42Y50         FDRE                                         r  u_top_fsm/u_mouse_ctl/x_pos_reg[8]/C
                         clock pessimism              0.508    -0.349    
    SLICE_X42Y50         FDRE (Hold_fdre_C_D)         0.131    -0.218    u_top_fsm/u_mouse_ctl/x_pos_reg[8]
  -------------------------------------------------------------------
                         required time                          0.218    
                         arrival time                          -0.142    
  -------------------------------------------------------------------
                         slack                                  0.076    

Slack (MET) :             0.077ns  (arrival time - required time)
  Source:                 u_top_fsm/u_mouse_ctl/Inst_Ps2Interface/rx_data_reg[1]/C
                            (rising edge-triggered cell FDRE clocked by clk_out1_clk_wiz_0  {rise@0.000ns fall@7.692ns period=15.385ns})
  Destination:            u_top_fsm/u_mouse_ctl/zpos_reg[1]/D
                            (rising edge-triggered cell FDRE clocked by clk_out1_clk_wiz_0  {rise@0.000ns fall@7.692ns period=15.385ns})
  Path Group:             clk_out1_clk_wiz_0
  Path Type:              Hold (Min at Fast Process Corner)
  Requirement:            0.000ns  (clk_out1_clk_wiz_0 rise@0.000ns - clk_out1_clk_wiz_0 rise@0.000ns)
  Data Path Delay:        0.412ns  (logic 0.141ns (34.201%)  route 0.271ns (65.799%))
  Logic Levels:           0  
  Clock Path Skew:        0.269ns (DCD - SCD - CPR)
    Destination Clock Delay (DCD):    -0.858ns
    Source Clock Delay      (SCD):    -0.618ns
    Clock Pessimism Removal (CPR):    -0.508ns

    Location             Delay type                Incr(ns)  Path(ns)    Netlist Resource(s)
  -------------------------------------------------------------------    -------------------
                         (clock clk_out1_clk_wiz_0 rise edge)
                                                      0.000     0.000 r  
    W5                                                0.000     0.000 r  clk (IN)
                         net (fo=0)                   0.000     0.000    CLK0/inst/clk
    W5                   IBUF (Prop_ibuf_I_O)         0.226     0.226 r  CLK0/inst/clkin1_ibufg/O
                         net (fo=1, routed)           0.440     0.667    CLK0/inst/clk_in_clk_wiz_0
    MMCME2_ADV_X1Y0      MMCME2_ADV (Prop_mmcme2_adv_CLKIN1_CLKOUT0)
                                                     -2.360    -1.693 r  CLK0/inst/mmcm_adv_inst/CLKOUT0
                         net (fo=2, routed)           0.486    -1.207    CLK0/inst/clk_out1_clk_wiz_0
    BUFGCTRL_X0Y0        BUFGCTRL (Prop_bufgctrl_I0_O)
                                                      0.026    -1.181 r  CLK0/inst/clkout1_buf/O
                         net (fo=1526, routed)        0.563    -0.618    u_top_fsm/u_mouse_ctl/Inst_Ps2Interface/clk_65M
    SLICE_X41Y46         FDRE                                         r  u_top_fsm/u_mouse_ctl/Inst_Ps2Interface/rx_data_reg[1]/C
  -------------------------------------------------------------------    -------------------
    SLICE_X41Y46         FDRE (Prop_fdre_C_Q)         0.141    -0.477 r  u_top_fsm/u_mouse_ctl/Inst_Ps2Interface/rx_data_reg[1]/Q
                         net (fo=10, routed)          0.271    -0.206    u_top_fsm/u_mouse_ctl/Inst_Ps2Interface_n_45
    SLICE_X41Y50         FDRE                                         r  u_top_fsm/u_mouse_ctl/zpos_reg[1]/D
  -------------------------------------------------------------------    -------------------

                         (clock clk_out1_clk_wiz_0 rise edge)
                                                      0.000     0.000 r  
    W5                                                0.000     0.000 r  clk (IN)
                         net (fo=0)                   0.000     0.000    CLK0/inst/clk
    W5                   IBUF (Prop_ibuf_I_O)         0.414     0.414 r  CLK0/inst/clkin1_ibufg/O
                         net (fo=1, routed)           0.480     0.894    CLK0/inst/clk_in_clk_wiz_0
    MMCME2_ADV_X1Y0      MMCME2_ADV (Prop_mmcme2_adv_CLKIN1_CLKOUT0)
                                                     -3.142    -2.248 r  CLK0/inst/mmcm_adv_inst/CLKOUT0
                         net (fo=2, routed)           0.530    -1.718    CLK0/inst/clk_out1_clk_wiz_0
    BUFGCTRL_X0Y0        BUFGCTRL (Prop_bufgctrl_I0_O)
                                                      0.029    -1.689 r  CLK0/inst/clkout1_buf/O
                         net (fo=1526, routed)        0.832    -0.858    u_top_fsm/u_mouse_ctl/clk_65M
    SLICE_X41Y50         FDRE                                         r  u_top_fsm/u_mouse_ctl/zpos_reg[1]/C
                         clock pessimism              0.508    -0.349    
    SLICE_X41Y50         FDRE (Hold_fdre_C_D)         0.066    -0.283    u_top_fsm/u_mouse_ctl/zpos_reg[1]
  -------------------------------------------------------------------
                         required time                          0.283    
                         arrival time                          -0.206    
  -------------------------------------------------------------------
                         slack                                  0.077    

Slack (MET) :             0.079ns  (arrival time - required time)
  Source:                 u_top_fsm/u_mouse_ctl/y_pos_reg[5]/C
                            (rising edge-triggered cell FDRE clocked by clk_out1_clk_wiz_0  {rise@0.000ns fall@7.692ns period=15.385ns})
  Destination:            u_top_fsm/u_mouse_ctl/ypos_reg[5]/D
                            (rising edge-triggered cell FDRE clocked by clk_out1_clk_wiz_0  {rise@0.000ns fall@7.692ns period=15.385ns})
  Path Group:             clk_out1_clk_wiz_0
  Path Type:              Hold (Min at Fast Process Corner)
  Requirement:            0.000ns  (clk_out1_clk_wiz_0 rise@0.000ns - clk_out1_clk_wiz_0 rise@0.000ns)
  Data Path Delay:        0.415ns  (logic 0.141ns (34.016%)  route 0.274ns (65.984%))
  Logic Levels:           0  
  Clock Path Skew:        0.270ns (DCD - SCD - CPR)
    Destination Clock Delay (DCD):    -0.854ns
    Source Clock Delay      (SCD):    -0.615ns
    Clock Pessimism Removal (CPR):    -0.508ns

    Location             Delay type                Incr(ns)  Path(ns)    Netlist Resource(s)
  -------------------------------------------------------------------    -------------------
                         (clock clk_out1_clk_wiz_0 rise edge)
                                                      0.000     0.000 r  
    W5                                                0.000     0.000 r  clk (IN)
                         net (fo=0)                   0.000     0.000    CLK0/inst/clk
    W5                   IBUF (Prop_ibuf_I_O)         0.226     0.226 r  CLK0/inst/clkin1_ibufg/O
                         net (fo=1, routed)           0.440     0.667    CLK0/inst/clk_in_clk_wiz_0
    MMCME2_ADV_X1Y0      MMCME2_ADV (Prop_mmcme2_adv_CLKIN1_CLKOUT0)
                                                     -2.360    -1.693 r  CLK0/inst/mmcm_adv_inst/CLKOUT0
                         net (fo=2, routed)           0.486    -1.207    CLK0/inst/clk_out1_clk_wiz_0
    BUFGCTRL_X0Y0        BUFGCTRL (Prop_bufgctrl_I0_O)
                                                      0.026    -1.181 r  CLK0/inst/clkout1_buf/O
                         net (fo=1526, routed)        0.566    -0.615    u_top_fsm/u_mouse_ctl/clk_65M
    SLICE_X51Y46         FDRE                                         r  u_top_fsm/u_mouse_ctl/y_pos_reg[5]/C
  -------------------------------------------------------------------    -------------------
    SLICE_X51Y46         FDRE (Prop_fdre_C_Q)         0.141    -0.474 r  u_top_fsm/u_mouse_ctl/y_pos_reg[5]/Q
                         net (fo=3, routed)           0.274    -0.201    u_top_fsm/u_mouse_ctl/y_pos[5]
    SLICE_X51Y50         FDRE                                         r  u_top_fsm/u_mouse_ctl/ypos_reg[5]/D
  -------------------------------------------------------------------    -------------------

                         (clock clk_out1_clk_wiz_0 rise edge)
                                                      0.000     0.000 r  
    W5                                                0.000     0.000 r  clk (IN)
                         net (fo=0)                   0.000     0.000    CLK0/inst/clk
    W5                   IBUF (Prop_ibuf_I_O)         0.414     0.414 r  CLK0/inst/clkin1_ibufg/O
                         net (fo=1, routed)           0.480     0.894    CLK0/inst/clk_in_clk_wiz_0
    MMCME2_ADV_X1Y0      MMCME2_ADV (Prop_mmcme2_adv_CLKIN1_CLKOUT0)
                                                     -3.142    -2.248 r  CLK0/inst/mmcm_adv_inst/CLKOUT0
                         net (fo=2, routed)           0.530    -1.718    CLK0/inst/clk_out1_clk_wiz_0
    BUFGCTRL_X0Y0        BUFGCTRL (Prop_bufgctrl_I0_O)
                                                      0.029    -1.689 r  CLK0/inst/clkout1_buf/O
                         net (fo=1526, routed)        0.835    -0.854    u_top_fsm/u_mouse_ctl/clk_65M
    SLICE_X51Y50         FDRE                                         r  u_top_fsm/u_mouse_ctl/ypos_reg[5]/C
                         clock pessimism              0.508    -0.345    
    SLICE_X51Y50         FDRE (Hold_fdre_C_D)         0.066    -0.279    u_top_fsm/u_mouse_ctl/ypos_reg[5]
  -------------------------------------------------------------------
                         required time                          0.279    
                         arrival time                          -0.201    
  -------------------------------------------------------------------
                         slack                                  0.079    

Slack (MET) :             0.085ns  (arrival time - required time)
  Source:                 u_top_fsm/u_pit_stop_core/u_draw_rear_wheel/lut_in_d_reg[0]/C
                            (rising edge-triggered cell FDRE clocked by clk_out1_clk_wiz_0  {rise@0.000ns fall@7.692ns period=15.385ns})
  Destination:            u_top_fsm/u_pit_stop_core/u_draw_cursor/lut_in_d_reg[0]/D
                            (rising edge-triggered cell FDRE clocked by clk_out1_clk_wiz_0  {rise@0.000ns fall@7.692ns period=15.385ns})
  Path Group:             clk_out1_clk_wiz_0
  Path Type:              Hold (Min at Fast Process Corner)
  Requirement:            0.000ns  (clk_out1_clk_wiz_0 rise@0.000ns - clk_out1_clk_wiz_0 rise@0.000ns)
  Data Path Delay:        0.473ns  (logic 0.186ns (39.315%)  route 0.287ns (60.685%))
  Logic Levels:           1  (LUT5=1)
  Clock Path Skew:        0.268ns (DCD - SCD - CPR)
    Destination Clock Delay (DCD):    -0.860ns
    Source Clock Delay      (SCD):    -0.624ns
    Clock Pessimism Removal (CPR):    -0.503ns

    Location             Delay type                Incr(ns)  Path(ns)    Netlist Resource(s)
  -------------------------------------------------------------------    -------------------
                         (clock clk_out1_clk_wiz_0 rise edge)
                                                      0.000     0.000 r  
    W5                                                0.000     0.000 r  clk (IN)
                         net (fo=0)                   0.000     0.000    CLK0/inst/clk
    W5                   IBUF (Prop_ibuf_I_O)         0.226     0.226 r  CLK0/inst/clkin1_ibufg/O
                         net (fo=1, routed)           0.440     0.667    CLK0/inst/clk_in_clk_wiz_0
    MMCME2_ADV_X1Y0      MMCME2_ADV (Prop_mmcme2_adv_CLKIN1_CLKOUT0)
                                                     -2.360    -1.693 r  CLK0/inst/mmcm_adv_inst/CLKOUT0
                         net (fo=2, routed)           0.486    -1.207    CLK0/inst/clk_out1_clk_wiz_0
    BUFGCTRL_X0Y0        BUFGCTRL (Prop_bufgctrl_I0_O)
                                                      0.026    -1.181 r  CLK0/inst/clkout1_buf/O
                         net (fo=1526, routed)        0.557    -0.624    u_top_fsm/u_pit_stop_core/u_draw_rear_wheel/clk_65M
    SLICE_X36Y65         FDRE                                         r  u_top_fsm/u_pit_stop_core/u_draw_rear_wheel/lut_in_d_reg[0]/C
  -------------------------------------------------------------------    -------------------
    SLICE_X36Y65         FDRE (Prop_fdre_C_Q)         0.141    -0.483 r  u_top_fsm/u_pit_stop_core/u_draw_rear_wheel/lut_in_d_reg[0]/Q
                         net (fo=2, routed)           0.287    -0.196    u_top_fsm/u_pit_stop_core/u_draw_rear_wheel/lut_in_d[0]
    SLICE_X30Y56         LUT5 (Prop_lut5_I4_O)        0.045    -0.151 r  u_top_fsm/u_pit_stop_core/u_draw_rear_wheel/lut_in_d[0]_i_1__4/O
                         net (fo=1, routed)           0.000    -0.151    u_top_fsm/u_pit_stop_core/u_draw_cursor/D[0]
    SLICE_X30Y56         FDRE                                         r  u_top_fsm/u_pit_stop_core/u_draw_cursor/lut_in_d_reg[0]/D
  -------------------------------------------------------------------    -------------------

                         (clock clk_out1_clk_wiz_0 rise edge)
                                                      0.000     0.000 r  
    W5                                                0.000     0.000 r  clk (IN)
                         net (fo=0)                   0.000     0.000    CLK0/inst/clk
    W5                   IBUF (Prop_ibuf_I_O)         0.414     0.414 r  CLK0/inst/clkin1_ibufg/O
                         net (fo=1, routed)           0.480     0.894    CLK0/inst/clk_in_clk_wiz_0
    MMCME2_ADV_X1Y0      MMCME2_ADV (Prop_mmcme2_adv_CLKIN1_CLKOUT0)
                                                     -3.142    -2.248 r  CLK0/inst/mmcm_adv_inst/CLKOUT0
                         net (fo=2, routed)           0.530    -1.718    CLK0/inst/clk_out1_clk_wiz_0
    BUFGCTRL_X0Y0        BUFGCTRL (Prop_bufgctrl_I0_O)
                                                      0.029    -1.689 r  CLK0/inst/clkout1_buf/O
                         net (fo=1526, routed)        0.829    -0.860    u_top_fsm/u_pit_stop_core/u_draw_cursor/clk_65M
    SLICE_X30Y56         FDRE                                         r  u_top_fsm/u_pit_stop_core/u_draw_cursor/lut_in_d_reg[0]/C
                         clock pessimism              0.503    -0.356    
    SLICE_X30Y56         FDRE (Hold_fdre_C_D)         0.120    -0.236    u_top_fsm/u_pit_stop_core/u_draw_cursor/lut_in_d_reg[0]
  -------------------------------------------------------------------
                         required time                          0.236    
                         arrival time                          -0.151    
  -------------------------------------------------------------------
                         slack                                  0.085    

Slack (MET) :             0.088ns  (arrival time - required time)
  Source:                 u_top_fsm/u_pit_stop_core/u_draw_front_wheel/vga_out\\.hcount_reg[8]/C
                            (rising edge-triggered cell FDRE clocked by clk_out1_clk_wiz_0  {rise@0.000ns fall@7.692ns period=15.385ns})
  Destination:            u_top_fsm/u_pit_stop_core/u_draw_rear_wheel/vga_out\\.hcount_reg[8]/D
                            (rising edge-triggered cell FDRE clocked by clk_out1_clk_wiz_0  {rise@0.000ns fall@7.692ns period=15.385ns})
  Path Group:             clk_out1_clk_wiz_0
  Path Type:              Hold (Min at Fast Process Corner)
  Requirement:            0.000ns  (clk_out1_clk_wiz_0 rise@0.000ns - clk_out1_clk_wiz_0 rise@0.000ns)
  Data Path Delay:        0.427ns  (logic 0.141ns (33.055%)  route 0.286ns (66.945%))
  Logic Levels:           0  
  Clock Path Skew:        0.273ns (DCD - SCD - CPR)
    Destination Clock Delay (DCD):    -0.857ns
    Source Clock Delay      (SCD):    -0.621ns
    Clock Pessimism Removal (CPR):    -0.508ns

    Location             Delay type                Incr(ns)  Path(ns)    Netlist Resource(s)
  -------------------------------------------------------------------    -------------------
                         (clock clk_out1_clk_wiz_0 rise edge)
                                                      0.000     0.000 r  
    W5                                                0.000     0.000 r  clk (IN)
                         net (fo=0)                   0.000     0.000    CLK0/inst/clk
    W5                   IBUF (Prop_ibuf_I_O)         0.226     0.226 r  CLK0/inst/clkin1_ibufg/O
                         net (fo=1, routed)           0.440     0.667    CLK0/inst/clk_in_clk_wiz_0
    MMCME2_ADV_X1Y0      MMCME2_ADV (Prop_mmcme2_adv_CLKIN1_CLKOUT0)
                                                     -2.360    -1.693 r  CLK0/inst/mmcm_adv_inst/CLKOUT0
                         net (fo=2, routed)           0.486    -1.207    CLK0/inst/clk_out1_clk_wiz_0
    BUFGCTRL_X0Y0        BUFGCTRL (Prop_bufgctrl_I0_O)
                                                      0.026    -1.181 r  CLK0/inst/clkout1_buf/O
                         net (fo=1526, routed)        0.560    -0.621    u_top_fsm/u_pit_stop_core/u_draw_front_wheel/clk_65M
    SLICE_X32Y57         FDRE                                         r  u_top_fsm/u_pit_stop_core/u_draw_front_wheel/vga_out\\.hcount_reg[8]/C
  -------------------------------------------------------------------    -------------------
    SLICE_X32Y57         FDRE (Prop_fdre_C_Q)         0.141    -0.480 r  u_top_fsm/u_pit_stop_core/u_draw_front_wheel/vga_out\\.hcount_reg[8]/Q
                         net (fo=7, routed)           0.286    -0.195    u_top_fsm/u_pit_stop_core/u_draw_rear_wheel/vga_out\\.hcount_reg[10]_2[6]
    SLICE_X33Y48         FDRE                                         r  u_top_fsm/u_pit_stop_core/u_draw_rear_wheel/vga_out\\.hcount_reg[8]/D
  -------------------------------------------------------------------    -------------------

                         (clock clk_out1_clk_wiz_0 rise edge)
                                                      0.000     0.000 r  
    W5                                                0.000     0.000 r  clk (IN)
                         net (fo=0)                   0.000     0.000    CLK0/inst/clk
    W5                   IBUF (Prop_ibuf_I_O)         0.414     0.414 r  CLK0/inst/clkin1_ibufg/O
                         net (fo=1, routed)           0.480     0.894    CLK0/inst/clk_in_clk_wiz_0
    MMCME2_ADV_X1Y0      MMCME2_ADV (Prop_mmcme2_adv_CLKIN1_CLKOUT0)
                                                     -3.142    -2.248 r  CLK0/inst/mmcm_adv_inst/CLKOUT0
                         net (fo=2, routed)           0.530    -1.718    CLK0/inst/clk_out1_clk_wiz_0
    BUFGCTRL_X0Y0        BUFGCTRL (Prop_bufgctrl_I0_O)
                                                      0.029    -1.689 r  CLK0/inst/clkout1_buf/O
                         net (fo=1526, routed)        0.833    -0.857    u_top_fsm/u_pit_stop_core/u_draw_rear_wheel/clk_65M
    SLICE_X33Y48         FDRE                                         r  u_top_fsm/u_pit_stop_core/u_draw_rear_wheel/vga_out\\.hcount_reg[8]/C
                         clock pessimism              0.508    -0.348    
    SLICE_X33Y48         FDRE (Hold_fdre_C_D)         0.066    -0.282    u_top_fsm/u_pit_stop_core/u_draw_rear_wheel/vga_out\\.hcount_reg[8]
  -------------------------------------------------------------------
                         required time                          0.282    
                         arrival time                          -0.195    
  -------------------------------------------------------------------
                         slack                                  0.088    

Slack (MET) :             0.091ns  (arrival time - required time)
  Source:                 u_top_fsm/u_pit_stop_core/u_draw_front_wheel/vga_out\\.vcount_reg[3]/C
                            (rising edge-triggered cell FDRE clocked by clk_out1_clk_wiz_0  {rise@0.000ns fall@7.692ns period=15.385ns})
  Destination:            u_top_fsm/u_pit_stop_core/u_draw_rear_wheel/vga_out\\.vcount_reg[3]/D
                            (rising edge-triggered cell FDRE clocked by clk_out1_clk_wiz_0  {rise@0.000ns fall@7.692ns period=15.385ns})
  Path Group:             clk_out1_clk_wiz_0
  Path Type:              Hold (Min at Fast Process Corner)
  Requirement:            0.000ns  (clk_out1_clk_wiz_0 rise@0.000ns - clk_out1_clk_wiz_0 rise@0.000ns)
  Data Path Delay:        0.427ns  (logic 0.141ns (33.044%)  route 0.286ns (66.956%))
  Logic Levels:           0  
  Clock Path Skew:        0.266ns (DCD - SCD - CPR)
    Destination Clock Delay (DCD):    -0.859ns
    Source Clock Delay      (SCD):    -0.621ns
    Clock Pessimism Removal (CPR):    -0.503ns

    Location             Delay type                Incr(ns)  Path(ns)    Netlist Resource(s)
  -------------------------------------------------------------------    -------------------
                         (clock clk_out1_clk_wiz_0 rise edge)
                                                      0.000     0.000 r  
    W5                                                0.000     0.000 r  clk (IN)
                         net (fo=0)                   0.000     0.000    CLK0/inst/clk
    W5                   IBUF (Prop_ibuf_I_O)         0.226     0.226 r  CLK0/inst/clkin1_ibufg/O
                         net (fo=1, routed)           0.440     0.667    CLK0/inst/clk_in_clk_wiz_0
    MMCME2_ADV_X1Y0      MMCME2_ADV (Prop_mmcme2_adv_CLKIN1_CLKOUT0)
                                                     -2.360    -1.693 r  CLK0/inst/mmcm_adv_inst/CLKOUT0
                         net (fo=2, routed)           0.486    -1.207    CLK0/inst/clk_out1_clk_wiz_0
    BUFGCTRL_X0Y0        BUFGCTRL (Prop_bufgctrl_I0_O)
                                                      0.026    -1.181 r  CLK0/inst/clkout1_buf/O
                         net (fo=1526, routed)        0.560    -0.621    u_top_fsm/u_pit_stop_core/u_draw_front_wheel/clk_65M
    SLICE_X37Y57         FDRE                                         r  u_top_fsm/u_pit_stop_core/u_draw_front_wheel/vga_out\\.vcount_reg[3]/C
  -------------------------------------------------------------------    -------------------
    SLICE_X37Y57         FDRE (Prop_fdre_C_Q)         0.141    -0.480 r  u_top_fsm/u_pit_stop_core/u_draw_front_wheel/vga_out\\.vcount_reg[3]/Q
                         net (fo=7, routed)           0.286    -0.195    u_top_fsm/u_pit_stop_core/u_draw_rear_wheel/vga_out\\.vcount_reg[10]_1[1]
    SLICE_X33Y51         FDRE                                         r  u_top_fsm/u_pit_stop_core/u_draw_rear_wheel/vga_out\\.vcount_reg[3]/D
  -------------------------------------------------------------------    -------------------

                         (clock clk_out1_clk_wiz_0 rise edge)
                                                      0.000     0.000 r  
    W5                                                0.000     0.000 r  clk (IN)
                         net (fo=0)                   0.000     0.000    CLK0/inst/clk
    W5                   IBUF (Prop_ibuf_I_O)         0.414     0.414 r  CLK0/inst/clkin1_ibufg/O
                         net (fo=1, routed)           0.480     0.894    CLK0/inst/clk_in_clk_wiz_0
    MMCME2_ADV_X1Y0      MMCME2_ADV (Prop_mmcme2_adv_CLKIN1_CLKOUT0)
                                                     -3.142    -2.248 r  CLK0/inst/mmcm_adv_inst/CLKOUT0
                         net (fo=2, routed)           0.530    -1.718    CLK0/inst/clk_out1_clk_wiz_0
    BUFGCTRL_X0Y0        BUFGCTRL (Prop_bufgctrl_I0_O)
                                                      0.029    -1.689 r  CLK0/inst/clkout1_buf/O
                         net (fo=1526, routed)        0.830    -0.859    u_top_fsm/u_pit_stop_core/u_draw_rear_wheel/clk_65M
    SLICE_X33Y51         FDRE                                         r  u_top_fsm/u_pit_stop_core/u_draw_rear_wheel/vga_out\\.vcount_reg[3]/C
                         clock pessimism              0.503    -0.355    
    SLICE_X33Y51         FDRE (Hold_fdre_C_D)         0.070    -0.285    u_top_fsm/u_pit_stop_core/u_draw_rear_wheel/vga_out\\.vcount_reg[3]
  -------------------------------------------------------------------
                         required time                          0.285    
                         arrival time                          -0.195    
  -------------------------------------------------------------------
                         slack                                  0.091    

Slack (MET) :             0.092ns  (arrival time - required time)
  Source:                 u_top_fsm/u_mouse_ctl/x_pos_reg[4]/C
                            (rising edge-triggered cell FDRE clocked by clk_out1_clk_wiz_0  {rise@0.000ns fall@7.692ns period=15.385ns})
  Destination:            u_top_fsm/u_mouse_ctl/xpos_reg[4]/D
                            (rising edge-triggered cell FDRE clocked by clk_out1_clk_wiz_0  {rise@0.000ns fall@7.692ns period=15.385ns})
  Path Group:             clk_out1_clk_wiz_0
  Path Type:              Hold (Min at Fast Process Corner)
  Requirement:            0.000ns  (clk_out1_clk_wiz_0 rise@0.000ns - clk_out1_clk_wiz_0 rise@0.000ns)
  Data Path Delay:        0.419ns  (logic 0.164ns (39.147%)  route 0.255ns (60.853%))
  Logic Levels:           0  
  Clock Path Skew:        0.268ns (DCD - SCD - CPR)
    Destination Clock Delay (DCD):    -0.857ns
    Source Clock Delay      (SCD):    -0.616ns
    Clock Pessimism Removal (CPR):    -0.508ns

    Location             Delay type                Incr(ns)  Path(ns)    Netlist Resource(s)
  -------------------------------------------------------------------    -------------------
                         (clock clk_out1_clk_wiz_0 rise edge)
                                                      0.000     0.000 r  
    W5                                                0.000     0.000 r  clk (IN)
                         net (fo=0)                   0.000     0.000    CLK0/inst/clk
    W5                   IBUF (Prop_ibuf_I_O)         0.226     0.226 r  CLK0/inst/clkin1_ibufg/O
                         net (fo=1, routed)           0.440     0.667    CLK0/inst/clk_in_clk_wiz_0
    MMCME2_ADV_X1Y0      MMCME2_ADV (Prop_mmcme2_adv_CLKIN1_CLKOUT0)
                                                     -2.360    -1.693 r  CLK0/inst/mmcm_adv_inst/CLKOUT0
                         net (fo=2, routed)           0.486    -1.207    CLK0/inst/clk_out1_clk_wiz_0
    BUFGCTRL_X0Y0        BUFGCTRL (Prop_bufgctrl_I0_O)
                                                      0.026    -1.181 r  CLK0/inst/clkout1_buf/O
                         net (fo=1526, routed)        0.565    -0.616    u_top_fsm/u_mouse_ctl/clk_65M
    SLICE_X46Y48         FDRE                                         r  u_top_fsm/u_mouse_ctl/x_pos_reg[4]/C
  -------------------------------------------------------------------    -------------------
    SLICE_X46Y48         FDRE (Prop_fdre_C_Q)         0.164    -0.452 r  u_top_fsm/u_mouse_ctl/x_pos_reg[4]/Q
                         net (fo=3, routed)           0.255    -0.197    u_top_fsm/u_mouse_ctl/x_pos[4]
    SLICE_X45Y50         FDRE                                         r  u_top_fsm/u_mouse_ctl/xpos_reg[4]/D
  -------------------------------------------------------------------    -------------------

                         (clock clk_out1_clk_wiz_0 rise edge)
                                                      0.000     0.000 r  
    W5                                                0.000     0.000 r  clk (IN)
                         net (fo=0)                   0.000     0.000    CLK0/inst/clk
    W5                   IBUF (Prop_ibuf_I_O)         0.414     0.414 r  CLK0/inst/clkin1_ibufg/O
                         net (fo=1, routed)           0.480     0.894    CLK0/inst/clk_in_clk_wiz_0
    MMCME2_ADV_X1Y0      MMCME2_ADV (Prop_mmcme2_adv_CLKIN1_CLKOUT0)
                                                     -3.142    -2.248 r  CLK0/inst/mmcm_adv_inst/CLKOUT0
                         net (fo=2, routed)           0.530    -1.718    CLK0/inst/clk_out1_clk_wiz_0
    BUFGCTRL_X0Y0        BUFGCTRL (Prop_bufgctrl_I0_O)
                                                      0.029    -1.689 r  CLK0/inst/clkout1_buf/O
                         net (fo=1526, routed)        0.833    -0.857    u_top_fsm/u_mouse_ctl/clk_65M
    SLICE_X45Y50         FDRE                                         r  u_top_fsm/u_mouse_ctl/xpos_reg[4]/C
                         clock pessimism              0.508    -0.348    
    SLICE_X45Y50         FDRE (Hold_fdre_C_D)         0.059    -0.289    u_top_fsm/u_mouse_ctl/xpos_reg[4]
  -------------------------------------------------------------------
                         required time                          0.289    
                         arrival time                          -0.197    
  -------------------------------------------------------------------
                         slack                                  0.092    

Slack (MET) :             0.098ns  (arrival time - required time)
  Source:                 u_top_fsm/u_mouse_ctl/Inst_Ps2Interface/rx_data_reg[3]/C
                            (rising edge-triggered cell FDRE clocked by clk_out1_clk_wiz_0  {rise@0.000ns fall@7.692ns period=15.385ns})
  Destination:            u_top_fsm/u_mouse_ctl/zpos_reg[3]/D
                            (rising edge-triggered cell FDRE clocked by clk_out1_clk_wiz_0  {rise@0.000ns fall@7.692ns period=15.385ns})
  Path Group:             clk_out1_clk_wiz_0
  Path Type:              Hold (Min at Fast Process Corner)
  Requirement:            0.000ns  (clk_out1_clk_wiz_0 rise@0.000ns - clk_out1_clk_wiz_0 rise@0.000ns)
  Data Path Delay:        0.439ns  (logic 0.164ns (37.332%)  route 0.275ns (62.668%))
  Logic Levels:           0  
  Clock Path Skew:        0.269ns (DCD - SCD - CPR)
    Destination Clock Delay (DCD):    -0.858ns
    Source Clock Delay      (SCD):    -0.618ns
    Clock Pessimism Removal (CPR):    -0.508ns

    Location             Delay type                Incr(ns)  Path(ns)    Netlist Resource(s)
  -------------------------------------------------------------------    -------------------
                         (clock clk_out1_clk_wiz_0 rise edge)
                                                      0.000     0.000 r  
    W5                                                0.000     0.000 r  clk (IN)
                         net (fo=0)                   0.000     0.000    CLK0/inst/clk
    W5                   IBUF (Prop_ibuf_I_O)         0.226     0.226 r  CLK0/inst/clkin1_ibufg/O
                         net (fo=1, routed)           0.440     0.667    CLK0/inst/clk_in_clk_wiz_0
    MMCME2_ADV_X1Y0      MMCME2_ADV (Prop_mmcme2_adv_CLKIN1_CLKOUT0)
                                                     -2.360    -1.693 r  CLK0/inst/mmcm_adv_inst/CLKOUT0
                         net (fo=2, routed)           0.486    -1.207    CLK0/inst/clk_out1_clk_wiz_0
    BUFGCTRL_X0Y0        BUFGCTRL (Prop_bufgctrl_I0_O)
                                                      0.026    -1.181 r  CLK0/inst/clkout1_buf/O
                         net (fo=1526, routed)        0.563    -0.618    u_top_fsm/u_mouse_ctl/Inst_Ps2Interface/clk_65M
    SLICE_X42Y45         FDRE                                         r  u_top_fsm/u_mouse_ctl/Inst_Ps2Interface/rx_data_reg[3]/C
  -------------------------------------------------------------------    -------------------
    SLICE_X42Y45         FDRE (Prop_fdre_C_Q)         0.164    -0.454 r  u_top_fsm/u_mouse_ctl/Inst_Ps2Interface/rx_data_reg[3]/Q
                         net (fo=8, routed)           0.275    -0.179    u_top_fsm/u_mouse_ctl/Inst_Ps2Interface_n_43
    SLICE_X41Y50         FDRE                                         r  u_top_fsm/u_mouse_ctl/zpos_reg[3]/D
  -------------------------------------------------------------------    -------------------

                         (clock clk_out1_clk_wiz_0 rise edge)
                                                      0.000     0.000 r  
    W5                                                0.000     0.000 r  clk (IN)
                         net (fo=0)                   0.000     0.000    CLK0/inst/clk
    W5                   IBUF (Prop_ibuf_I_O)         0.414     0.414 r  CLK0/inst/clkin1_ibufg/O
                         net (fo=1, routed)           0.480     0.894    CLK0/inst/clk_in_clk_wiz_0
    MMCME2_ADV_X1Y0      MMCME2_ADV (Prop_mmcme2_adv_CLKIN1_CLKOUT0)
                                                     -3.142    -2.248 r  CLK0/inst/mmcm_adv_inst/CLKOUT0
                         net (fo=2, routed)           0.530    -1.718    CLK0/inst/clk_out1_clk_wiz_0
    BUFGCTRL_X0Y0        BUFGCTRL (Prop_bufgctrl_I0_O)
                                                      0.029    -1.689 r  CLK0/inst/clkout1_buf/O
                         net (fo=1526, routed)        0.832    -0.858    u_top_fsm/u_mouse_ctl/clk_65M
    SLICE_X41Y50         FDRE                                         r  u_top_fsm/u_mouse_ctl/zpos_reg[3]/C
                         clock pessimism              0.508    -0.349    
    SLICE_X41Y50         FDRE (Hold_fdre_C_D)         0.072    -0.277    u_top_fsm/u_mouse_ctl/zpos_reg[3]
  -------------------------------------------------------------------
                         required time                          0.277    
                         arrival time                          -0.179    
  -------------------------------------------------------------------
                         slack                                  0.098    

Slack (MET) :             0.104ns  (arrival time - required time)
  Source:                 u_top_fsm/u_pit_stop_core/u_draw_buttons/vga_out\\.vcount_reg[7]/C
                            (rising edge-triggered cell FDRE clocked by clk_out1_clk_wiz_0  {rise@0.000ns fall@7.692ns period=15.385ns})
  Destination:            u_top_fsm/u_pit_stop_core/u_draw_front_wheel/vga_out\\.vcount_reg[7]/D
                            (rising edge-triggered cell FDRE clocked by clk_out1_clk_wiz_0  {rise@0.000ns fall@7.692ns period=15.385ns})
  Path Group:             clk_out1_clk_wiz_0
  Path Type:              Hold (Min at Fast Process Corner)
  Requirement:            0.000ns  (clk_out1_clk_wiz_0 rise@0.000ns - clk_out1_clk_wiz_0 rise@0.000ns)
  Data Path Delay:        0.440ns  (logic 0.141ns (32.075%)  route 0.299ns (67.925%))
  Logic Levels:           0  
  Clock Path Skew:        0.266ns (DCD - SCD - CPR)
    Destination Clock Delay (DCD):    -0.862ns
    Source Clock Delay      (SCD):    -0.624ns
    Clock Pessimism Removal (CPR):    -0.503ns

    Location             Delay type                Incr(ns)  Path(ns)    Netlist Resource(s)
  -------------------------------------------------------------------    -------------------
                         (clock clk_out1_clk_wiz_0 rise edge)
                                                      0.000     0.000 r  
    W5                                                0.000     0.000 r  clk (IN)
                         net (fo=0)                   0.000     0.000    CLK0/inst/clk
    W5                   IBUF (Prop_ibuf_I_O)         0.226     0.226 r  CLK0/inst/clkin1_ibufg/O
                         net (fo=1, routed)           0.440     0.667    CLK0/inst/clk_in_clk_wiz_0
    MMCME2_ADV_X1Y0      MMCME2_ADV (Prop_mmcme2_adv_CLKIN1_CLKOUT0)
                                                     -2.360    -1.693 r  CLK0/inst/mmcm_adv_inst/CLKOUT0
                         net (fo=2, routed)           0.486    -1.207    CLK0/inst/clk_out1_clk_wiz_0
    BUFGCTRL_X0Y0        BUFGCTRL (Prop_bufgctrl_I0_O)
                                                      0.026    -1.181 r  CLK0/inst/clkout1_buf/O
                         net (fo=1526, routed)        0.557    -0.624    u_top_fsm/u_pit_stop_core/u_draw_buttons/clk_65M
    SLICE_X39Y64         FDRE                                         r  u_top_fsm/u_pit_stop_core/u_draw_buttons/vga_out\\.vcount_reg[7]/C
  -------------------------------------------------------------------    -------------------
    SLICE_X39Y64         FDRE (Prop_fdre_C_Q)         0.141    -0.483 r  u_top_fsm/u_pit_stop_core/u_draw_buttons/vga_out\\.vcount_reg[7]/Q
                         net (fo=7, routed)           0.299    -0.185    u_top_fsm/u_pit_stop_core/u_draw_front_wheel/vga_out\\.vcount_reg[10]_1[5]
    SLICE_X35Y57         FDRE                                         r  u_top_fsm/u_pit_stop_core/u_draw_front_wheel/vga_out\\.vcount_reg[7]/D
  -------------------------------------------------------------------    -------------------

                         (clock clk_out1_clk_wiz_0 rise edge)
                                                      0.000     0.000 r  
    W5                                                0.000     0.000 r  clk (IN)
                         net (fo=0)                   0.000     0.000    CLK0/inst/clk
    W5                   IBUF (Prop_ibuf_I_O)         0.414     0.414 r  CLK0/inst/clkin1_ibufg/O
                         net (fo=1, routed)           0.480     0.894    CLK0/inst/clk_in_clk_wiz_0
    MMCME2_ADV_X1Y0      MMCME2_ADV (Prop_mmcme2_adv_CLKIN1_CLKOUT0)
                                                     -3.142    -2.248 r  CLK0/inst/mmcm_adv_inst/CLKOUT0
                         net (fo=2, routed)           0.530    -1.718    CLK0/inst/clk_out1_clk_wiz_0
    BUFGCTRL_X0Y0        BUFGCTRL (Prop_bufgctrl_I0_O)
                                                      0.029    -1.689 r  CLK0/inst/clkout1_buf/O
                         net (fo=1526, routed)        0.827    -0.862    u_top_fsm/u_pit_stop_core/u_draw_front_wheel/clk_65M
    SLICE_X35Y57         FDRE                                         r  u_top_fsm/u_pit_stop_core/u_draw_front_wheel/vga_out\\.vcount_reg[7]/C
                         clock pessimism              0.503    -0.358    
    SLICE_X35Y57         FDRE (Hold_fdre_C_D)         0.070    -0.288    u_top_fsm/u_pit_stop_core/u_draw_front_wheel/vga_out\\.vcount_reg[7]
  -------------------------------------------------------------------
                         required time                          0.288    
                         arrival time                          -0.185    
  -------------------------------------------------------------------
                         slack                                  0.104    

Slack (MET) :             0.105ns  (arrival time - required time)
  Source:                 u_top_fsm/u_pit_stop_core/u_draw_buttons/vga_out\\.vcount_reg[10]/C
                            (rising edge-triggered cell FDRE clocked by clk_out1_clk_wiz_0  {rise@0.000ns fall@7.692ns period=15.385ns})
  Destination:            u_top_fsm/u_pit_stop_core/u_draw_front_wheel/vga_out\\.vcount_reg[10]/D
                            (rising edge-triggered cell FDRE clocked by clk_out1_clk_wiz_0  {rise@0.000ns fall@7.692ns period=15.385ns})
  Path Group:             clk_out1_clk_wiz_0
  Path Type:              Hold (Min at Fast Process Corner)
  Requirement:            0.000ns  (clk_out1_clk_wiz_0 rise@0.000ns - clk_out1_clk_wiz_0 rise@0.000ns)
  Data Path Delay:        0.440ns  (logic 0.164ns (37.242%)  route 0.276ns (62.758%))
  Logic Levels:           0  
  Clock Path Skew:        0.266ns (DCD - SCD - CPR)
    Destination Clock Delay (DCD):    -0.861ns
    Source Clock Delay      (SCD):    -0.623ns
    Clock Pessimism Removal (CPR):    -0.503ns

    Location             Delay type                Incr(ns)  Path(ns)    Netlist Resource(s)
  -------------------------------------------------------------------    -------------------
                         (clock clk_out1_clk_wiz_0 rise edge)
                                                      0.000     0.000 r  
    W5                                                0.000     0.000 r  clk (IN)
                         net (fo=0)                   0.000     0.000    CLK0/inst/clk
    W5                   IBUF (Prop_ibuf_I_O)         0.226     0.226 r  CLK0/inst/clkin1_ibufg/O
                         net (fo=1, routed)           0.440     0.667    CLK0/inst/clk_in_clk_wiz_0
    MMCME2_ADV_X1Y0      MMCME2_ADV (Prop_mmcme2_adv_CLKIN1_CLKOUT0)
                                                     -2.360    -1.693 r  CLK0/inst/mmcm_adv_inst/CLKOUT0
                         net (fo=2, routed)           0.486    -1.207    CLK0/inst/clk_out1_clk_wiz_0
    BUFGCTRL_X0Y0        BUFGCTRL (Prop_bufgctrl_I0_O)
                                                      0.026    -1.181 r  CLK0/inst/clkout1_buf/O
                         net (fo=1526, routed)        0.558    -0.623    u_top_fsm/u_pit_stop_core/u_draw_buttons/clk_65M
    SLICE_X38Y62         FDRE                                         r  u_top_fsm/u_pit_stop_core/u_draw_buttons/vga_out\\.vcount_reg[10]/C
  -------------------------------------------------------------------    -------------------
    SLICE_X38Y62         FDRE (Prop_fdre_C_Q)         0.164    -0.459 r  u_top_fsm/u_pit_stop_core/u_draw_buttons/vga_out\\.vcount_reg[10]/Q
                         net (fo=6, routed)           0.276    -0.183    u_top_fsm/u_pit_stop_core/u_draw_front_wheel/vga_out\\.vcount_reg[10]_1[8]
    SLICE_X35Y56         FDRE                                         r  u_top_fsm/u_pit_stop_core/u_draw_front_wheel/vga_out\\.vcount_reg[10]/D
  -------------------------------------------------------------------    -------------------

                         (clock clk_out1_clk_wiz_0 rise edge)
                                                      0.000     0.000 r  
    W5                                                0.000     0.000 r  clk (IN)
                         net (fo=0)                   0.000     0.000    CLK0/inst/clk
    W5                   IBUF (Prop_ibuf_I_O)         0.414     0.414 r  CLK0/inst/clkin1_ibufg/O
                         net (fo=1, routed)           0.480     0.894    CLK0/inst/clk_in_clk_wiz_0
    MMCME2_ADV_X1Y0      MMCME2_ADV (Prop_mmcme2_adv_CLKIN1_CLKOUT0)
                                                     -3.142    -2.248 r  CLK0/inst/mmcm_adv_inst/CLKOUT0
                         net (fo=2, routed)           0.530    -1.718    CLK0/inst/clk_out1_clk_wiz_0
    BUFGCTRL_X0Y0        BUFGCTRL (Prop_bufgctrl_I0_O)
                                                      0.029    -1.689 r  CLK0/inst/clkout1_buf/O
                         net (fo=1526, routed)        0.828    -0.861    u_top_fsm/u_pit_stop_core/u_draw_front_wheel/clk_65M
    SLICE_X35Y56         FDRE                                         r  u_top_fsm/u_pit_stop_core/u_draw_front_wheel/vga_out\\.vcount_reg[10]/C
                         clock pessimism              0.503    -0.357    
    SLICE_X35Y56         FDRE (Hold_fdre_C_D)         0.070    -0.287    u_top_fsm/u_pit_stop_core/u_draw_front_wheel/vga_out\\.vcount_reg[10]
  -------------------------------------------------------------------
                         required time                          0.287    
                         arrival time                          -0.183    
  -------------------------------------------------------------------
                         slack                                  0.105    

Slack (MET) :             0.112ns  (arrival time - required time)
  Source:                 u_top_fsm/u_mouse_ctl/Inst_Ps2Interface/ps2_data_s_reg/C
                            (rising edge-triggered cell FDRE clocked by clk_out1_clk_wiz_0  {rise@0.000ns fall@7.692ns period=15.385ns})
  Destination:            u_top_fsm/u_mouse_ctl/Inst_Ps2Interface/FSM_onehot_state_reg[0]/D
                            (rising edge-triggered cell FDPE clocked by clk_out1_clk_wiz_0  {rise@0.000ns fall@7.692ns period=15.385ns})
  Path Group:             clk_out1_clk_wiz_0
  Path Type:              Hold (Min at Fast Process Corner)
  Requirement:            0.000ns  (clk_out1_clk_wiz_0 rise@0.000ns - clk_out1_clk_wiz_0 rise@0.000ns)
  Data Path Delay:        0.468ns  (logic 0.186ns (39.742%)  route 0.282ns (60.258%))
  Logic Levels:           1  (LUT5=1)
  Clock Path Skew:        0.264ns (DCD - SCD - CPR)
    Destination Clock Delay (DCD):    -0.858ns
    Source Clock Delay      (SCD):    -0.618ns
    Clock Pessimism Removal (CPR):    -0.503ns

    Location             Delay type                Incr(ns)  Path(ns)    Netlist Resource(s)
  -------------------------------------------------------------------    -------------------
                         (clock clk_out1_clk_wiz_0 rise edge)
                                                      0.000     0.000 r  
    W5                                                0.000     0.000 r  clk (IN)
                         net (fo=0)                   0.000     0.000    CLK0/inst/clk
    W5                   IBUF (Prop_ibuf_I_O)         0.226     0.226 r  CLK0/inst/clkin1_ibufg/O
                         net (fo=1, routed)           0.440     0.667    CLK0/inst/clk_in_clk_wiz_0
    MMCME2_ADV_X1Y0      MMCME2_ADV (Prop_mmcme2_adv_CLKIN1_CLKOUT0)
                                                     -2.360    -1.693 r  CLK0/inst/mmcm_adv_inst/CLKOUT0
                         net (fo=2, routed)           0.486    -1.207    CLK0/inst/clk_out1_clk_wiz_0
    BUFGCTRL_X0Y0        BUFGCTRL (Prop_bufgctrl_I0_O)
                                                      0.026    -1.181 r  CLK0/inst/clkout1_buf/O
                         net (fo=1526, routed)        0.563    -0.618    u_top_fsm/u_mouse_ctl/Inst_Ps2Interface/clk_65M
    SLICE_X28Y44         FDRE                                         r  u_top_fsm/u_mouse_ctl/Inst_Ps2Interface/ps2_data_s_reg/C
  -------------------------------------------------------------------    -------------------
    SLICE_X28Y44         FDRE (Prop_fdre_C_Q)         0.141    -0.477 r  u_top_fsm/u_mouse_ctl/Inst_Ps2Interface/ps2_data_s_reg/Q
                         net (fo=6, routed)           0.282    -0.195    u_top_fsm/u_mouse_ctl/Inst_Ps2Interface/ps2_data_s
    SLICE_X37Y44         LUT5 (Prop_lut5_I1_O)        0.045    -0.150 r  u_top_fsm/u_mouse_ctl/Inst_Ps2Interface/FSM_onehot_state[0]_i_1__0/O
                         net (fo=1, routed)           0.000    -0.150    u_top_fsm/u_mouse_ctl/Inst_Ps2Interface/FSM_onehot_state[0]_i_1__0_n_0
    SLICE_X37Y44         FDPE                                         r  u_top_fsm/u_mouse_ctl/Inst_Ps2Interface/FSM_onehot_state_reg[0]/D
  -------------------------------------------------------------------    -------------------

                         (clock clk_out1_clk_wiz_0 rise edge)
                                                      0.000     0.000 r  
    W5                                                0.000     0.000 r  clk (IN)
                         net (fo=0)                   0.000     0.000    CLK0/inst/clk
    W5                   IBUF (Prop_ibuf_I_O)         0.414     0.414 r  CLK0/inst/clkin1_ibufg/O
                         net (fo=1, routed)           0.480     0.894    CLK0/inst/clk_in_clk_wiz_0
    MMCME2_ADV_X1Y0      MMCME2_ADV (Prop_mmcme2_adv_CLKIN1_CLKOUT0)
                                                     -3.142    -2.248 r  CLK0/inst/mmcm_adv_inst/CLKOUT0
                         net (fo=2, routed)           0.530    -1.718    CLK0/inst/clk_out1_clk_wiz_0
    BUFGCTRL_X0Y0        BUFGCTRL (Prop_bufgctrl_I0_O)
                                                      0.029    -1.689 r  CLK0/inst/clkout1_buf/O
                         net (fo=1526, routed)        0.832    -0.858    u_top_fsm/u_mouse_ctl/Inst_Ps2Interface/clk_65M
    SLICE_X37Y44         FDPE                                         r  u_top_fsm/u_mouse_ctl/Inst_Ps2Interface/FSM_onehot_state_reg[0]/C
                         clock pessimism              0.503    -0.354    
    SLICE_X37Y44         FDPE (Hold_fdpe_C_D)         0.092    -0.262    u_top_fsm/u_mouse_ctl/Inst_Ps2Interface/FSM_onehot_state_reg[0]
  -------------------------------------------------------------------
                         required time                          0.262    
                         arrival time                          -0.150    
  -------------------------------------------------------------------
                         slack                                  0.112    

Slack (MET) :             0.115ns  (arrival time - required time)
  Source:                 u_top_fsm/u_pit_stop_core/u_draw_buttons/vga_out\\.vcount_reg[6]/C
                            (rising edge-triggered cell FDRE clocked by clk_out1_clk_wiz_0  {rise@0.000ns fall@7.692ns period=15.385ns})
  Destination:            u_top_fsm/u_pit_stop_core/u_draw_front_wheel/vga_out\\.vcount_reg[6]/D
                            (rising edge-triggered cell FDRE clocked by clk_out1_clk_wiz_0  {rise@0.000ns fall@7.692ns period=15.385ns})
  Path Group:             clk_out1_clk_wiz_0
  Path Type:              Hold (Min at Fast Process Corner)
  Requirement:            0.000ns  (clk_out1_clk_wiz_0 rise@0.000ns - clk_out1_clk_wiz_0 rise@0.000ns)
  Data Path Delay:        0.447ns  (logic 0.141ns (31.510%)  route 0.306ns (68.490%))
  Logic Levels:           0  
  Clock Path Skew:        0.267ns (DCD - SCD - CPR)
    Destination Clock Delay (DCD):    -0.861ns
    Source Clock Delay      (SCD):    -0.624ns
    Clock Pessimism Removal (CPR):    -0.503ns

    Location             Delay type                Incr(ns)  Path(ns)    Netlist Resource(s)
  -------------------------------------------------------------------    -------------------
                         (clock clk_out1_clk_wiz_0 rise edge)
                                                      0.000     0.000 r  
    W5                                                0.000     0.000 r  clk (IN)
                         net (fo=0)                   0.000     0.000    CLK0/inst/clk
    W5                   IBUF (Prop_ibuf_I_O)         0.226     0.226 r  CLK0/inst/clkin1_ibufg/O
                         net (fo=1, routed)           0.440     0.667    CLK0/inst/clk_in_clk_wiz_0
    MMCME2_ADV_X1Y0      MMCME2_ADV (Prop_mmcme2_adv_CLKIN1_CLKOUT0)
                                                     -2.360    -1.693 r  CLK0/inst/mmcm_adv_inst/CLKOUT0
                         net (fo=2, routed)           0.486    -1.207    CLK0/inst/clk_out1_clk_wiz_0
    BUFGCTRL_X0Y0        BUFGCTRL (Prop_bufgctrl_I0_O)
                                                      0.026    -1.181 r  CLK0/inst/clkout1_buf/O
                         net (fo=1526, routed)        0.557    -0.624    u_top_fsm/u_pit_stop_core/u_draw_buttons/clk_65M
    SLICE_X36Y63         FDRE                                         r  u_top_fsm/u_pit_stop_core/u_draw_buttons/vga_out\\.vcount_reg[6]/C
  -------------------------------------------------------------------    -------------------
    SLICE_X36Y63         FDRE (Prop_fdre_C_Q)         0.141    -0.483 r  u_top_fsm/u_pit_stop_core/u_draw_buttons/vga_out\\.vcount_reg[6]/Q
                         net (fo=7, routed)           0.306    -0.177    u_top_fsm/u_pit_stop_core/u_draw_front_wheel/vga_out\\.vcount_reg[10]_1[4]
    SLICE_X35Y54         FDRE                                         r  u_top_fsm/u_pit_stop_core/u_draw_front_wheel/vga_out\\.vcount_reg[6]/D
  -------------------------------------------------------------------    -------------------

                         (clock clk_out1_clk_wiz_0 rise edge)
                                                      0.000     0.000 r  
    W5                                                0.000     0.000 r  clk (IN)
                         net (fo=0)                   0.000     0.000    CLK0/inst/clk
    W5                   IBUF (Prop_ibuf_I_O)         0.414     0.414 r  CLK0/inst/clkin1_ibufg/O
                         net (fo=1, routed)           0.480     0.894    CLK0/inst/clk_in_clk_wiz_0
    MMCME2_ADV_X1Y0      MMCME2_ADV (Prop_mmcme2_adv_CLKIN1_CLKOUT0)
                                                     -3.142    -2.248 r  CLK0/inst/mmcm_adv_inst/CLKOUT0
                         net (fo=2, routed)           0.530    -1.718    CLK0/inst/clk_out1_clk_wiz_0
    BUFGCTRL_X0Y0        BUFGCTRL (Prop_bufgctrl_I0_O)
                                                      0.029    -1.689 r  CLK0/inst/clkout1_buf/O
                         net (fo=1526, routed)        0.828    -0.861    u_top_fsm/u_pit_stop_core/u_draw_front_wheel/clk_65M
    SLICE_X35Y54         FDRE                                         r  u_top_fsm/u_pit_stop_core/u_draw_front_wheel/vga_out\\.vcount_reg[6]/C
                         clock pessimism              0.503    -0.357    
    SLICE_X35Y54         FDRE (Hold_fdre_C_D)         0.066    -0.291    u_top_fsm/u_pit_stop_core/u_draw_front_wheel/vga_out\\.vcount_reg[6]
  -------------------------------------------------------------------
                         required time                          0.291    
                         arrival time                          -0.177    
  -------------------------------------------------------------------
                         slack                                  0.115    

Slack (MET) :             0.122ns  (arrival time - required time)
  Source:                 u_top_fsm/u_pit_stop_core/u_game_options/switches_meta_reg[12]/C
                            (rising edge-triggered cell FDRE clocked by clk_out1_clk_wiz_0  {rise@0.000ns fall@7.692ns period=15.385ns})
  Destination:            u_top_fsm/u_pit_stop_core/u_game_options/switches_sync_reg[12]/D
                            (rising edge-triggered cell FDRE clocked by clk_out1_clk_wiz_0  {rise@0.000ns fall@7.692ns period=15.385ns})
  Path Group:             clk_out1_clk_wiz_0
  Path Type:              Hold (Min at Fast Process Corner)
  Requirement:            0.000ns  (clk_out1_clk_wiz_0 rise@0.000ns - clk_out1_clk_wiz_0 rise@0.000ns)
  Data Path Delay:        0.197ns  (logic 0.141ns (71.611%)  route 0.056ns (28.389%))
  Logic Levels:           0  
  Clock Path Skew:        0.000ns (DCD - SCD - CPR)
    Destination Clock Delay (DCD):    -0.841ns
    Source Clock Delay      (SCD):    -0.599ns
    Clock Pessimism Removal (CPR):    -0.242ns

    Location             Delay type                Incr(ns)  Path(ns)    Netlist Resource(s)
  -------------------------------------------------------------------    -------------------
                         (clock clk_out1_clk_wiz_0 rise edge)
                                                      0.000     0.000 r  
    W5                                                0.000     0.000 r  clk (IN)
                         net (fo=0)                   0.000     0.000    CLK0/inst/clk
    W5                   IBUF (Prop_ibuf_I_O)         0.226     0.226 r  CLK0/inst/clkin1_ibufg/O
                         net (fo=1, routed)           0.440     0.667    CLK0/inst/clk_in_clk_wiz_0
    MMCME2_ADV_X1Y0      MMCME2_ADV (Prop_mmcme2_adv_CLKIN1_CLKOUT0)
                                                     -2.360    -1.693 r  CLK0/inst/mmcm_adv_inst/CLKOUT0
                         net (fo=2, routed)           0.486    -1.207    CLK0/inst/clk_out1_clk_wiz_0
    BUFGCTRL_X0Y0        BUFGCTRL (Prop_bufgctrl_I0_O)
                                                      0.026    -1.181 r  CLK0/inst/clkout1_buf/O
                         net (fo=1526, routed)        0.582    -0.599    u_top_fsm/u_pit_stop_core/u_game_options/clk_65M
    SLICE_X61Y72         FDRE                                         r  u_top_fsm/u_pit_stop_core/u_game_options/switches_meta_reg[12]/C
  -------------------------------------------------------------------    -------------------
    SLICE_X61Y72         FDRE (Prop_fdre_C_Q)         0.141    -0.458 r  u_top_fsm/u_pit_stop_core/u_game_options/switches_meta_reg[12]/Q
                         net (fo=1, routed)           0.056    -0.402    u_top_fsm/u_pit_stop_core/u_game_options/switches_meta[12]
    SLICE_X61Y72         FDRE                                         r  u_top_fsm/u_pit_stop_core/u_game_options/switches_sync_reg[12]/D
  -------------------------------------------------------------------    -------------------

                         (clock clk_out1_clk_wiz_0 rise edge)
                                                      0.000     0.000 r  
    W5                                                0.000     0.000 r  clk (IN)
                         net (fo=0)                   0.000     0.000    CLK0/inst/clk
    W5                   IBUF (Prop_ibuf_I_O)         0.414     0.414 r  CLK0/inst/clkin1_ibufg/O
                         net (fo=1, routed)           0.480     0.894    CLK0/inst/clk_in_clk_wiz_0
    MMCME2_ADV_X1Y0      MMCME2_ADV (Prop_mmcme2_adv_CLKIN1_CLKOUT0)
                                                     -3.142    -2.248 r  CLK0/inst/mmcm_adv_inst/CLKOUT0
                         net (fo=2, routed)           0.530    -1.718    CLK0/inst/clk_out1_clk_wiz_0
    BUFGCTRL_X0Y0        BUFGCTRL (Prop_bufgctrl_I0_O)
                                                      0.029    -1.689 r  CLK0/inst/clkout1_buf/O
                         net (fo=1526, routed)        0.849    -0.841    u_top_fsm/u_pit_stop_core/u_game_options/clk_65M
    SLICE_X61Y72         FDRE                                         r  u_top_fsm/u_pit_stop_core/u_game_options/switches_sync_reg[12]/C
                         clock pessimism              0.242    -0.599    
    SLICE_X61Y72         FDRE (Hold_fdre_C_D)         0.075    -0.524    u_top_fsm/u_pit_stop_core/u_game_options/switches_sync_reg[12]
  -------------------------------------------------------------------
                         required time                          0.524    
                         arrival time                          -0.402    
  -------------------------------------------------------------------
                         slack                                  0.122    

Slack (MET) :             0.122ns  (arrival time - required time)
  Source:                 CLK0/inst/seq_reg1_reg[0]/C
                            (rising edge-triggered cell FDRE clocked by clk_out1_clk_wiz_0  {rise@0.000ns fall@7.692ns period=15.385ns})
  Destination:            CLK0/inst/seq_reg1_reg[1]/D
                            (rising edge-triggered cell FDRE clocked by clk_out1_clk_wiz_0  {rise@0.000ns fall@7.692ns period=15.385ns})
  Path Group:             clk_out1_clk_wiz_0
  Path Type:              Hold (Min at Fast Process Corner)
  Requirement:            0.000ns  (clk_out1_clk_wiz_0 rise@0.000ns - clk_out1_clk_wiz_0 rise@0.000ns)
  Data Path Delay:        0.197ns  (logic 0.141ns (71.611%)  route 0.056ns (28.389%))
  Logic Levels:           0  
  Clock Path Skew:        0.000ns (DCD - SCD - CPR)
    Destination Clock Delay (DCD):    -1.301ns
    Source Clock Delay      (SCD):    -1.035ns
    Clock Pessimism Removal (CPR):    -0.266ns

    Location             Delay type                Incr(ns)  Path(ns)    Netlist Resource(s)
  -------------------------------------------------------------------    -------------------
                         (clock clk_out1_clk_wiz_0 rise edge)
                                                      0.000     0.000 r  
    W5                                                0.000     0.000 r  clk (IN)
                         net (fo=0)                   0.000     0.000    CLK0/inst/clk
    W5                   IBUF (Prop_ibuf_I_O)         0.226     0.226 r  CLK0/inst/clkin1_ibufg/O
                         net (fo=1, routed)           0.440     0.667    CLK0/inst/clk_in_clk_wiz_0
    MMCME2_ADV_X1Y0      MMCME2_ADV (Prop_mmcme2_adv_CLKIN1_CLKOUT0)
                                                     -2.360    -1.693 r  CLK0/inst/mmcm_adv_inst/CLKOUT0
                         net (fo=2, routed)           0.366    -1.327    CLK0/inst/clk_out1_clk_wiz_0
    BUFHCE_X0Y0          BUFH (Prop_bufh_I_O)         0.020    -1.307 r  CLK0/inst/clkout1_buf_en/O
                         net (fo=8, routed)           0.272    -1.035    CLK0/inst/clk_out1_clk_wiz_0_en_clk
    SLICE_X35Y46         FDRE                                         r  CLK0/inst/seq_reg1_reg[0]/C
  -------------------------------------------------------------------    -------------------
    SLICE_X35Y46         FDRE (Prop_fdre_C_Q)         0.141    -0.894 r  CLK0/inst/seq_reg1_reg[0]/Q
                         net (fo=1, routed)           0.056    -0.838    CLK0/inst/seq_reg1[0]
    SLICE_X35Y46         FDRE                                         r  CLK0/inst/seq_reg1_reg[1]/D
  -------------------------------------------------------------------    -------------------

                         (clock clk_out1_clk_wiz_0 rise edge)
                                                      0.000     0.000 r  
    W5                                                0.000     0.000 r  clk (IN)
                         net (fo=0)                   0.000     0.000    CLK0/inst/clk
    W5                   IBUF (Prop_ibuf_I_O)         0.414     0.414 r  CLK0/inst/clkin1_ibufg/O
                         net (fo=1, routed)           0.480     0.894    CLK0/inst/clk_in_clk_wiz_0
    MMCME2_ADV_X1Y0      MMCME2_ADV (Prop_mmcme2_adv_CLKIN1_CLKOUT0)
                                                     -3.142    -2.248 r  CLK0/inst/mmcm_adv_inst/CLKOUT0
                         net (fo=2, routed)           0.407    -1.841    CLK0/inst/clk_out1_clk_wiz_0
    BUFHCE_X0Y0          BUFH (Prop_bufh_I_O)         0.043    -1.798 r  CLK0/inst/clkout1_buf_en/O
                         net (fo=8, routed)           0.497    -1.301    CLK0/inst/clk_out1_clk_wiz_0_en_clk
    SLICE_X35Y46         FDRE                                         r  CLK0/inst/seq_reg1_reg[1]/C
                         clock pessimism              0.266    -1.035    
    SLICE_X35Y46         FDRE (Hold_fdre_C_D)         0.075    -0.960    CLK0/inst/seq_reg1_reg[1]
  -------------------------------------------------------------------
                         required time                          0.960    
                         arrival time                          -0.838    
  -------------------------------------------------------------------
                         slack                                  0.122    

Slack (MET) :             0.122ns  (arrival time - required time)
  Source:                 u_reset_sync/release_sync_reg[0]/C
                            (rising edge-triggered cell FDCE clocked by clk_out1_clk_wiz_0  {rise@0.000ns fall@7.692ns period=15.385ns})
  Destination:            u_reset_sync/release_sync_reg[1]/D
                            (rising edge-triggered cell FDCE clocked by clk_out1_clk_wiz_0  {rise@0.000ns fall@7.692ns period=15.385ns})
  Path Group:             clk_out1_clk_wiz_0
  Path Type:              Hold (Min at Fast Process Corner)
  Requirement:            0.000ns  (clk_out1_clk_wiz_0 rise@0.000ns - clk_out1_clk_wiz_0 rise@0.000ns)
  Data Path Delay:        0.197ns  (logic 0.141ns (71.611%)  route 0.056ns (28.389%))
  Logic Levels:           0  
  Clock Path Skew:        0.000ns (DCD - SCD - CPR)
    Destination Clock Delay (DCD):    -0.865ns
    Source Clock Delay      (SCD):    -0.624ns
    Clock Pessimism Removal (CPR):    -0.241ns

    Location             Delay type                Incr(ns)  Path(ns)    Netlist Resource(s)
  -------------------------------------------------------------------    -------------------
                         (clock clk_out1_clk_wiz_0 rise edge)
                                                      0.000     0.000 r  
    W5                                                0.000     0.000 r  clk (IN)
                         net (fo=0)                   0.000     0.000    CLK0/inst/clk
    W5                   IBUF (Prop_ibuf_I_O)         0.226     0.226 r  CLK0/inst/clkin1_ibufg/O
                         net (fo=1, routed)           0.440     0.667    CLK0/inst/clk_in_clk_wiz_0
    MMCME2_ADV_X1Y0      MMCME2_ADV (Prop_mmcme2_adv_CLKIN1_CLKOUT0)
                                                     -2.360    -1.693 r  CLK0/inst/mmcm_adv_inst/CLKOUT0
                         net (fo=2, routed)           0.486    -1.207    CLK0/inst/clk_out1_clk_wiz_0
    BUFGCTRL_X0Y0        BUFGCTRL (Prop_bufgctrl_I0_O)
                                                      0.026    -1.181 r  CLK0/inst/clkout1_buf/O
                         net (fo=1526, routed)        0.557    -0.624    u_reset_sync/clk_65M
    SLICE_X31Y64         FDCE                                         r  u_reset_sync/release_sync_reg[0]/C
  -------------------------------------------------------------------    -------------------
    SLICE_X31Y64         FDCE (Prop_fdce_C_Q)         0.141    -0.483 r  u_reset_sync/release_sync_reg[0]/Q
                         net (fo=1, routed)           0.056    -0.427    u_reset_sync/release_sync[0]
    SLICE_X31Y64         FDCE                                         r  u_reset_sync/release_sync_reg[1]/D
  -------------------------------------------------------------------    -------------------

                         (clock clk_out1_clk_wiz_0 rise edge)
                                                      0.000     0.000 r  
    W5                                                0.000     0.000 r  clk (IN)
                         net (fo=0)                   0.000     0.000    CLK0/inst/clk
    W5                   IBUF (Prop_ibuf_I_O)         0.414     0.414 r  CLK0/inst/clkin1_ibufg/O
                         net (fo=1, routed)           0.480     0.894    CLK0/inst/clk_in_clk_wiz_0
    MMCME2_ADV_X1Y0      MMCME2_ADV (Prop_mmcme2_adv_CLKIN1_CLKOUT0)
                                                     -3.142    -2.248 r  CLK0/inst/mmcm_adv_inst/CLKOUT0
                         net (fo=2, routed)           0.530    -1.718    CLK0/inst/clk_out1_clk_wiz_0
    BUFGCTRL_X0Y0        BUFGCTRL (Prop_bufgctrl_I0_O)
                                                      0.029    -1.689 r  CLK0/inst/clkout1_buf/O
                         net (fo=1526, routed)        0.824    -0.865    u_reset_sync/clk_65M
    SLICE_X31Y64         FDCE                                         r  u_reset_sync/release_sync_reg[1]/C
                         clock pessimism              0.241    -0.624    
    SLICE_X31Y64         FDCE (Hold_fdce_C_D)         0.075    -0.549    u_reset_sync/release_sync_reg[1]
  -------------------------------------------------------------------
                         required time                          0.549    
                         arrival time                          -0.427    
  -------------------------------------------------------------------
                         slack                                  0.122    

Slack (MET) :             0.122ns  (arrival time - required time)
  Source:                 u_top_fsm/u_pit_stop_core/u_draw_buttons/selected_hovered_s0_reg/C
                            (rising edge-triggered cell FDRE clocked by clk_out1_clk_wiz_0  {rise@0.000ns fall@7.692ns period=15.385ns})
  Destination:            u_top_fsm/u_pit_stop_core/u_draw_buttons/hovered_d_reg/D
                            (rising edge-triggered cell FDRE clocked by clk_out1_clk_wiz_0  {rise@0.000ns fall@7.692ns period=15.385ns})
  Path Group:             clk_out1_clk_wiz_0
  Path Type:              Hold (Min at Fast Process Corner)
  Requirement:            0.000ns  (clk_out1_clk_wiz_0 rise@0.000ns - clk_out1_clk_wiz_0 rise@0.000ns)
  Data Path Delay:        0.197ns  (logic 0.141ns (71.611%)  route 0.056ns (28.389%))
  Logic Levels:           0  
  Clock Path Skew:        0.000ns (DCD - SCD - CPR)
    Destination Clock Delay (DCD):    -0.864ns
    Source Clock Delay      (SCD):    -0.624ns
    Clock Pessimism Removal (CPR):    -0.240ns

    Location             Delay type                Incr(ns)  Path(ns)    Netlist Resource(s)
  -------------------------------------------------------------------    -------------------
                         (clock clk_out1_clk_wiz_0 rise edge)
                                                      0.000     0.000 r  
    W5                                                0.000     0.000 r  clk (IN)
                         net (fo=0)                   0.000     0.000    CLK0/inst/clk
    W5                   IBUF (Prop_ibuf_I_O)         0.226     0.226 r  CLK0/inst/clkin1_ibufg/O
                         net (fo=1, routed)           0.440     0.667    CLK0/inst/clk_in_clk_wiz_0
    MMCME2_ADV_X1Y0      MMCME2_ADV (Prop_mmcme2_adv_CLKIN1_CLKOUT0)
                                                     -2.360    -1.693 r  CLK0/inst/mmcm_adv_inst/CLKOUT0
                         net (fo=2, routed)           0.486    -1.207    CLK0/inst/clk_out1_clk_wiz_0
    BUFGCTRL_X0Y0        BUFGCTRL (Prop_bufgctrl_I0_O)
                                                      0.026    -1.181 r  CLK0/inst/clkout1_buf/O
                         net (fo=1526, routed)        0.557    -0.624    u_top_fsm/u_pit_stop_core/u_draw_buttons/clk_65M
    SLICE_X41Y64         FDRE                                         r  u_top_fsm/u_pit_stop_core/u_draw_buttons/selected_hovered_s0_reg/C
  -------------------------------------------------------------------    -------------------
    SLICE_X41Y64         FDRE (Prop_fdre_C_Q)         0.141    -0.483 r  u_top_fsm/u_pit_stop_core/u_draw_buttons/selected_hovered_s0_reg/Q
                         net (fo=1, routed)           0.056    -0.427    u_top_fsm/u_pit_stop_core/u_draw_buttons/selected_hovered_s0
    SLICE_X41Y64         FDRE                                         r  u_top_fsm/u_pit_stop_core/u_draw_buttons/hovered_d_reg/D
  -------------------------------------------------------------------    -------------------

                         (clock clk_out1_clk_wiz_0 rise edge)
                                                      0.000     0.000 r  
    W5                                                0.000     0.000 r  clk (IN)
                         net (fo=0)                   0.000     0.000    CLK0/inst/clk
    W5                   IBUF (Prop_ibuf_I_O)         0.414     0.414 r  CLK0/inst/clkin1_ibufg/O
                         net (fo=1, routed)           0.480     0.894    CLK0/inst/clk_in_clk_wiz_0
    MMCME2_ADV_X1Y0      MMCME2_ADV (Prop_mmcme2_adv_CLKIN1_CLKOUT0)
                                                     -3.142    -2.248 r  CLK0/inst/mmcm_adv_inst/CLKOUT0
                         net (fo=2, routed)           0.530    -1.718    CLK0/inst/clk_out1_clk_wiz_0
    BUFGCTRL_X0Y0        BUFGCTRL (Prop_bufgctrl_I0_O)
                                                      0.029    -1.689 r  CLK0/inst/clkout1_buf/O
                         net (fo=1526, routed)        0.826    -0.864    u_top_fsm/u_pit_stop_core/u_draw_buttons/clk_65M
    SLICE_X41Y64         FDRE                                         r  u_top_fsm/u_pit_stop_core/u_draw_buttons/hovered_d_reg/C
                         clock pessimism              0.240    -0.624    
    SLICE_X41Y64         FDRE (Hold_fdre_C_D)         0.075    -0.549    u_top_fsm/u_pit_stop_core/u_draw_buttons/hovered_d_reg
  -------------------------------------------------------------------
                         required time                          0.549    
                         arrival time                          -0.427    
  -------------------------------------------------------------------
                         slack                                  0.122    

Slack (MET) :             0.122ns  (arrival time - required time)
  Source:                 u_top_fsm/u_pit_stop_core/u_game_options/switches_meta_reg[14]/C
                            (rising edge-triggered cell FDRE clocked by clk_out1_clk_wiz_0  {rise@0.000ns fall@7.692ns period=15.385ns})
  Destination:            u_top_fsm/u_pit_stop_core/u_game_options/switches_sync_reg[14]/D
                            (rising edge-triggered cell FDRE clocked by clk_out1_clk_wiz_0  {rise@0.000ns fall@7.692ns period=15.385ns})
  Path Group:             clk_out1_clk_wiz_0
  Path Type:              Hold (Min at Fast Process Corner)
  Requirement:            0.000ns  (clk_out1_clk_wiz_0 rise@0.000ns - clk_out1_clk_wiz_0 rise@0.000ns)
  Data Path Delay:        0.197ns  (logic 0.141ns (71.611%)  route 0.056ns (28.389%))
  Logic Levels:           0  
  Clock Path Skew:        0.000ns (DCD - SCD - CPR)
    Destination Clock Delay (DCD):    -0.838ns
    Source Clock Delay      (SCD):    -0.598ns
    Clock Pessimism Removal (CPR):    -0.240ns

    Location             Delay type                Incr(ns)  Path(ns)    Netlist Resource(s)
  -------------------------------------------------------------------    -------------------
                         (clock clk_out1_clk_wiz_0 rise edge)
                                                      0.000     0.000 r  
    W5                                                0.000     0.000 r  clk (IN)
                         net (fo=0)                   0.000     0.000    CLK0/inst/clk
    W5                   IBUF (Prop_ibuf_I_O)         0.226     0.226 r  CLK0/inst/clkin1_ibufg/O
                         net (fo=1, routed)           0.440     0.667    CLK0/inst/clk_in_clk_wiz_0
    MMCME2_ADV_X1Y0      MMCME2_ADV (Prop_mmcme2_adv_CLKIN1_CLKOUT0)
                                                     -2.360    -1.693 r  CLK0/inst/mmcm_adv_inst/CLKOUT0
                         net (fo=2, routed)           0.486    -1.207    CLK0/inst/clk_out1_clk_wiz_0
    BUFGCTRL_X0Y0        BUFGCTRL (Prop_bufgctrl_I0_O)
                                                      0.026    -1.181 r  CLK0/inst/clkout1_buf/O
                         net (fo=1526, routed)        0.583    -0.598    u_top_fsm/u_pit_stop_core/u_game_options/clk_65M
    SLICE_X63Y71         FDRE                                         r  u_top_fsm/u_pit_stop_core/u_game_options/switches_meta_reg[14]/C
  -------------------------------------------------------------------    -------------------
    SLICE_X63Y71         FDRE (Prop_fdre_C_Q)         0.141    -0.457 r  u_top_fsm/u_pit_stop_core/u_game_options/switches_meta_reg[14]/Q
                         net (fo=1, routed)           0.056    -0.401    u_top_fsm/u_pit_stop_core/u_game_options/switches_meta[14]
    SLICE_X63Y71         FDRE                                         r  u_top_fsm/u_pit_stop_core/u_game_options/switches_sync_reg[14]/D
  -------------------------------------------------------------------    -------------------

                         (clock clk_out1_clk_wiz_0 rise edge)
                                                      0.000     0.000 r  
    W5                                                0.000     0.000 r  clk (IN)
                         net (fo=0)                   0.000     0.000    CLK0/inst/clk
    W5                   IBUF (Prop_ibuf_I_O)         0.414     0.414 r  CLK0/inst/clkin1_ibufg/O
                         net (fo=1, routed)           0.480     0.894    CLK0/inst/clk_in_clk_wiz_0
    MMCME2_ADV_X1Y0      MMCME2_ADV (Prop_mmcme2_adv_CLKIN1_CLKOUT0)
                                                     -3.142    -2.248 r  CLK0/inst/mmcm_adv_inst/CLKOUT0
                         net (fo=2, routed)           0.530    -1.718    CLK0/inst/clk_out1_clk_wiz_0
    BUFGCTRL_X0Y0        BUFGCTRL (Prop_bufgctrl_I0_O)
                                                      0.029    -1.689 r  CLK0/inst/clkout1_buf/O
                         net (fo=1526, routed)        0.851    -0.838    u_top_fsm/u_pit_stop_core/u_game_options/clk_65M
    SLICE_X63Y71         FDRE                                         r  u_top_fsm/u_pit_stop_core/u_game_options/switches_sync_reg[14]/C
                         clock pessimism              0.240    -0.598    
    SLICE_X63Y71         FDRE (Hold_fdre_C_D)         0.075    -0.523    u_top_fsm/u_pit_stop_core/u_game_options/switches_sync_reg[14]
  -------------------------------------------------------------------
                         required time                          0.523    
                         arrival time                          -0.401    
  -------------------------------------------------------------------
                         slack                                  0.122    

Slack (MET) :             0.122ns  (arrival time - required time)
  Source:                 u_top_fsm/u_pit_stop_core/u_game_options/switches_meta_reg[3]/C
                            (rising edge-triggered cell FDRE clocked by clk_out1_clk_wiz_0  {rise@0.000ns fall@7.692ns period=15.385ns})
  Destination:            u_top_fsm/u_pit_stop_core/u_game_options/switches_sync_reg[3]/D
                            (rising edge-triggered cell FDRE clocked by clk_out1_clk_wiz_0  {rise@0.000ns fall@7.692ns period=15.385ns})
  Path Group:             clk_out1_clk_wiz_0
  Path Type:              Hold (Min at Fast Process Corner)
  Requirement:            0.000ns  (clk_out1_clk_wiz_0 rise@0.000ns - clk_out1_clk_wiz_0 rise@0.000ns)
  Data Path Delay:        0.197ns  (logic 0.141ns (71.611%)  route 0.056ns (28.389%))
  Logic Levels:           0  
  Clock Path Skew:        0.000ns (DCD - SCD - CPR)
    Destination Clock Delay (DCD):    -0.870ns
    Source Clock Delay      (SCD):    -0.629ns
    Clock Pessimism Removal (CPR):    -0.241ns

    Location             Delay type                Incr(ns)  Path(ns)    Netlist Resource(s)
  -------------------------------------------------------------------    -------------------
                         (clock clk_out1_clk_wiz_0 rise edge)
                                                      0.000     0.000 r  
    W5                                                0.000     0.000 r  clk (IN)
                         net (fo=0)                   0.000     0.000    CLK0/inst/clk
    W5                   IBUF (Prop_ibuf_I_O)         0.226     0.226 r  CLK0/inst/clkin1_ibufg/O
                         net (fo=1, routed)           0.440     0.667    CLK0/inst/clk_in_clk_wiz_0
    MMCME2_ADV_X1Y0      MMCME2_ADV (Prop_mmcme2_adv_CLKIN1_CLKOUT0)
                                                     -2.360    -1.693 r  CLK0/inst/mmcm_adv_inst/CLKOUT0
                         net (fo=2, routed)           0.486    -1.207    CLK0/inst/clk_out1_clk_wiz_0
    BUFGCTRL_X0Y0        BUFGCTRL (Prop_bufgctrl_I0_O)
                                                      0.026    -1.181 r  CLK0/inst/clkout1_buf/O
                         net (fo=1526, routed)        0.552    -0.629    u_top_fsm/u_pit_stop_core/u_game_options/clk_65M
    SLICE_X55Y73         FDRE                                         r  u_top_fsm/u_pit_stop_core/u_game_options/switches_meta_reg[3]/C
  -------------------------------------------------------------------    -------------------
    SLICE_X55Y73         FDRE (Prop_fdre_C_Q)         0.141    -0.488 r  u_top_fsm/u_pit_stop_core/u_game_options/switches_meta_reg[3]/Q
                         net (fo=1, routed)           0.056    -0.432    u_top_fsm/u_pit_stop_core/u_game_options/switches_meta[3]
    SLICE_X55Y73         FDRE                                         r  u_top_fsm/u_pit_stop_core/u_game_options/switches_sync_reg[3]/D
  -------------------------------------------------------------------    -------------------

                         (clock clk_out1_clk_wiz_0 rise edge)
                                                      0.000     0.000 r  
    W5                                                0.000     0.000 r  clk (IN)
                         net (fo=0)                   0.000     0.000    CLK0/inst/clk
    W5                   IBUF (Prop_ibuf_I_O)         0.414     0.414 r  CLK0/inst/clkin1_ibufg/O
                         net (fo=1, routed)           0.480     0.894    CLK0/inst/clk_in_clk_wiz_0
    MMCME2_ADV_X1Y0      MMCME2_ADV (Prop_mmcme2_adv_CLKIN1_CLKOUT0)
                                                     -3.142    -2.248 r  CLK0/inst/mmcm_adv_inst/CLKOUT0
                         net (fo=2, routed)           0.530    -1.718    CLK0/inst/clk_out1_clk_wiz_0
    BUFGCTRL_X0Y0        BUFGCTRL (Prop_bufgctrl_I0_O)
                                                      0.029    -1.689 r  CLK0/inst/clkout1_buf/O
                         net (fo=1526, routed)        0.819    -0.870    u_top_fsm/u_pit_stop_core/u_game_options/clk_65M
    SLICE_X55Y73         FDRE                                         r  u_top_fsm/u_pit_stop_core/u_game_options/switches_sync_reg[3]/C
                         clock pessimism              0.241    -0.629    
    SLICE_X55Y73         FDRE (Hold_fdre_C_D)         0.075    -0.554    u_top_fsm/u_pit_stop_core/u_game_options/switches_sync_reg[3]
  -------------------------------------------------------------------
                         required time                          0.554    
                         arrival time                          -0.432    
  -------------------------------------------------------------------
                         slack                                  0.122    

Slack (MET) :             0.122ns  (arrival time - required time)
  Source:                 u_top_fsm/u_pit_stop_core/u_uart_game_link/u_uart_rx/rx_meta_reg/C
                            (rising edge-triggered cell FDSE clocked by clk_out1_clk_wiz_0  {rise@0.000ns fall@7.692ns period=15.385ns})
  Destination:            u_top_fsm/u_pit_stop_core/u_uart_game_link/u_uart_rx/rx_sync_reg/D
                            (rising edge-triggered cell FDSE clocked by clk_out1_clk_wiz_0  {rise@0.000ns fall@7.692ns period=15.385ns})
  Path Group:             clk_out1_clk_wiz_0
  Path Type:              Hold (Min at Fast Process Corner)
  Requirement:            0.000ns  (clk_out1_clk_wiz_0 rise@0.000ns - clk_out1_clk_wiz_0 rise@0.000ns)
  Data Path Delay:        0.197ns  (logic 0.141ns (71.611%)  route 0.056ns (28.389%))
  Logic Levels:           0  
  Clock Path Skew:        0.000ns (DCD - SCD - CPR)
    Destination Clock Delay (DCD):    -0.833ns
    Source Clock Delay      (SCD):    -0.593ns
    Clock Pessimism Removal (CPR):    -0.240ns

    Location             Delay type                Incr(ns)  Path(ns)    Netlist Resource(s)
  -------------------------------------------------------------------    -------------------
                         (clock clk_out1_clk_wiz_0 rise edge)
                                                      0.000     0.000 r  
    W5                                                0.000     0.000 r  clk (IN)
                         net (fo=0)                   0.000     0.000    CLK0/inst/clk
    W5                   IBUF (Prop_ibuf_I_O)         0.226     0.226 r  CLK0/inst/clkin1_ibufg/O
                         net (fo=1, routed)           0.440     0.667    CLK0/inst/clk_in_clk_wiz_0
    MMCME2_ADV_X1Y0      MMCME2_ADV (Prop_mmcme2_adv_CLKIN1_CLKOUT0)
                                                     -2.360    -1.693 r  CLK0/inst/mmcm_adv_inst/CLKOUT0
                         net (fo=2, routed)           0.486    -1.207    CLK0/inst/clk_out1_clk_wiz_0
    BUFGCTRL_X0Y0        BUFGCTRL (Prop_bufgctrl_I0_O)
                                                      0.026    -1.181 r  CLK0/inst/clkout1_buf/O
                         net (fo=1526, routed)        0.588    -0.593    u_top_fsm/u_pit_stop_core/u_uart_game_link/u_uart_rx/clk_65M
    SLICE_X61Y85         FDSE                                         r  u_top_fsm/u_pit_stop_core/u_uart_game_link/u_uart_rx/rx_meta_reg/C
  -------------------------------------------------------------------    -------------------
    SLICE_X61Y85         FDSE (Prop_fdse_C_Q)         0.141    -0.452 r  u_top_fsm/u_pit_stop_core/u_uart_game_link/u_uart_rx/rx_meta_reg/Q
                         net (fo=1, routed)           0.056    -0.396    u_top_fsm/u_pit_stop_core/u_uart_game_link/u_uart_rx/rx_meta
    SLICE_X61Y85         FDSE                                         r  u_top_fsm/u_pit_stop_core/u_uart_game_link/u_uart_rx/rx_sync_reg/D
  -------------------------------------------------------------------    -------------------

                         (clock clk_out1_clk_wiz_0 rise edge)
                                                      0.000     0.000 r  
    W5                                                0.000     0.000 r  clk (IN)
                         net (fo=0)                   0.000     0.000    CLK0/inst/clk
    W5                   IBUF (Prop_ibuf_I_O)         0.414     0.414 r  CLK0/inst/clkin1_ibufg/O
                         net (fo=1, routed)           0.480     0.894    CLK0/inst/clk_in_clk_wiz_0
    MMCME2_ADV_X1Y0      MMCME2_ADV (Prop_mmcme2_adv_CLKIN1_CLKOUT0)
                                                     -3.142    -2.248 r  CLK0/inst/mmcm_adv_inst/CLKOUT0
                         net (fo=2, routed)           0.530    -1.718    CLK0/inst/clk_out1_clk_wiz_0
    BUFGCTRL_X0Y0        BUFGCTRL (Prop_bufgctrl_I0_O)
                                                      0.029    -1.689 r  CLK0/inst/clkout1_buf/O
                         net (fo=1526, routed)        0.856    -0.833    u_top_fsm/u_pit_stop_core/u_uart_game_link/u_uart_rx/clk_65M
    SLICE_X61Y85         FDSE                                         r  u_top_fsm/u_pit_stop_core/u_uart_game_link/u_uart_rx/rx_sync_reg/C
                         clock pessimism              0.240    -0.593    
    SLICE_X61Y85         FDSE (Hold_fdse_C_D)         0.075    -0.518    u_top_fsm/u_pit_stop_core/u_uart_game_link/u_uart_rx/rx_sync_reg
  -------------------------------------------------------------------
                         required time                          0.518    
                         arrival time                          -0.396    
  -------------------------------------------------------------------
                         slack                                  0.122    





Pulse Width Checks
--------------------------------------------------------------------------------------
Clock Name:         clk_out1_clk_wiz_0
Waveform(ns):       { 0.000 7.692 }
Period(ns):         15.385
Sources:            { CLK0/inst/mmcm_adv_inst/CLKOUT0 }

Check Type        Corner  Lib Pin             Reference Pin  Required(ns)  Actual(ns)  Slack(ns)  Location         Pin
Min Period        n/a     RAMB18E1/CLKARDCLK  n/a            2.576         15.385      12.809     RAMB18_X0Y28     u_top_fsm/u_pit_stop_core/u_draw_bg/u_Cloud_Rom/LUT_value_reg/CLKARDCLK
Min Period        n/a     RAMB18E1/CLKARDCLK  n/a            2.576         15.385      12.809     RAMB18_X0Y29     u_top_fsm/u_pit_stop_core/u_draw_bg/u_Grandstand_Rom/LUT_value_reg/CLKARDCLK
Min Period        n/a     RAMB36E1/CLKARDCLK  n/a            2.576         15.385      12.809     RAMB36_X1Y16     u_top_fsm/u_pit_stop_core/u_draw_bolid_default/u_rom/LUT_value_reg/CLKARDCLK
Min Period        n/a     RAMB36E1/CLKARDCLK  n/a            2.576         15.385      12.809     RAMB36_X1Y14     u_top_fsm/u_pit_stop_core/u_draw_bolid_no_wheels/u_rom/LUT_value_reg/CLKARDCLK
Min Period        n/a     RAMB18E1/CLKARDCLK  n/a            2.576         15.385      12.809     RAMB18_X1Y26     u_top_fsm/u_pit_stop_core/u_draw_buttons/u_button_rom/LUT_value_reg/CLKARDCLK
Min Period        n/a     RAMB18E1/CLKARDCLK  n/a            2.576         15.385      12.809     RAMB18_X1Y20     u_top_fsm/u_pit_stop_core/u_draw_front_wheel/u_rom/LUT_value_reg/CLKARDCLK
Min Period        n/a     RAMB18E1/CLKBWRCLK  n/a            2.576         15.385      12.809     RAMB18_X1Y20     u_top_fsm/u_pit_stop_core/u_draw_front_wheel/u_rom/LUT_value_reg/CLKBWRCLK
Min Period        n/a     RAMB18E1/CLKARDCLK  n/a            2.576         15.385      12.809     RAMB18_X2Y26     u_top_fsm/u_pit_stop_core/u_draw_game_panel/u_font_rom/data_out_reg/CLKARDCLK
Min Period        n/a     RAMB18E1/CLKBWRCLK  n/a            2.576         15.385      12.809     RAMB18_X2Y26     u_top_fsm/u_pit_stop_core/u_draw_game_panel/u_font_rom/data_out_reg/CLKBWRCLK
Min Period        n/a     RAMB36E1/CLKARDCLK  n/a            2.576         15.385      12.809     RAMB36_X1Y15     u_top_fsm/u_pit_stop_core/u_draw_pitstop_logo/u_logo_rom/LUT_value_reg_0/CLKARDCLK
Min Period        n/a     RAMB36E1/CLKARDCLK  n/a            2.576         15.385      12.809     RAMB36_X2Y15     u_top_fsm/u_pit_stop_core/u_draw_pitstop_logo/u_logo_rom/LUT_value_reg_1/CLKARDCLK
Min Period        n/a     RAMB18E1/CLKARDCLK  n/a            2.576         15.385      12.809     RAMB18_X1Y27     u_top_fsm/u_pit_stop_core/u_draw_wheel_rack/u_rom/LUT_value_reg/CLKARDCLK
Min Period        n/a     BUFGCTRL/I0         n/a            2.155         15.385      13.229     BUFGCTRL_X0Y0    CLK0/inst/clkout1_buf/I0
Min Period        n/a     BUFH/I              n/a            2.155         15.385      13.229     BUFHCE_X0Y0      CLK0/inst/clkout1_buf_en/I
Min Period        n/a     ODDR/C              n/a            1.474         15.385      13.911     OLOGIC_X1Y93     pclk_oddr/C
Min Period        n/a     MMCME2_ADV/CLKOUT0  n/a            1.249         15.385      14.136     MMCME2_ADV_X1Y0  CLK0/inst/mmcm_adv_inst/CLKOUT0
Min Period        n/a     FDRE/C              n/a            1.000         15.385      14.385     SLICE_X35Y46     CLK0/inst/seq_reg1_reg[0]/C
Min Period        n/a     FDRE/C              n/a            1.000         15.385      14.385     SLICE_X35Y46     CLK0/inst/seq_reg1_reg[1]/C
Min Period        n/a     FDRE/C              n/a            1.000         15.385      14.385     SLICE_X35Y46     CLK0/inst/seq_reg1_reg[2]/C
Min Period        n/a     FDRE/C              n/a            1.000         15.385      14.385     SLICE_X35Y46     CLK0/inst/seq_reg1_reg[3]/C
Max Period        n/a     MMCME2_ADV/CLKOUT0  n/a            213.360       15.385      197.975    MMCME2_ADV_X1Y0  CLK0/inst/mmcm_adv_inst/CLKOUT0
Low Pulse Width   Slow    SRL16E/CLK          n/a            0.980         7.692       6.712      SLICE_X30Y69     u_top_fsm/u_pit_stop_core/u_draw_front_wheel/vga_out\\.hblnk_reg_srl13___u_top_fsm_u_pit_stop_core_u_draw_front_wheel_vga_out\\.hsync_reg_r/CLK
Low Pulse Width   Fast    SRL16E/CLK          n/a            0.980         7.692       6.712      SLICE_X30Y69     u_top_fsm/u_pit_stop_core/u_draw_front_wheel/vga_out\\.hblnk_reg_srl13___u_top_fsm_u_pit_stop_core_u_draw_front_wheel_vga_out\\.hsync_reg_r/CLK
Low Pulse Width   Slow    SRL16E/CLK          n/a            0.980         7.692       6.712      SLICE_X30Y79     u_top_fsm/u_pit_stop_core/u_draw_front_wheel/vga_out\\.vblnk_reg_srl13___u_top_fsm_u_pit_stop_core_u_draw_front_wheel_vga_out\\.hsync_reg_r/CLK
Low Pulse Width   Fast    SRL16E/CLK          n/a            0.980         7.692       6.712      SLICE_X30Y79     u_top_fsm/u_pit_stop_core/u_draw_front_wheel/vga_out\\.vblnk_reg_srl13___u_top_fsm_u_pit_stop_core_u_draw_front_wheel_vga_out\\.hsync_reg_r/CLK
Low Pulse Width   Slow    SRL16E/CLK          n/a            0.980         7.692       6.712      SLICE_X30Y79     u_top_fsm/u_pit_stop_core/u_draw_rear_wheel/vga_out\\.hsync_reg_srl14___u_top_fsm_u_pit_stop_core_u_draw_rear_wheel_vga_out\\.hsync_reg_r/CLK
Low Pulse Width   Fast    SRL16E/CLK          n/a            0.980         7.692       6.712      SLICE_X30Y79     u_top_fsm/u_pit_stop_core/u_draw_rear_wheel/vga_out\\.hsync_reg_srl14___u_top_fsm_u_pit_stop_core_u_draw_rear_wheel_vga_out\\.hsync_reg_r/CLK
Low Pulse Width   Slow    SRL16E/CLK          n/a            0.980         7.692       6.712      SLICE_X30Y83     u_top_fsm/u_pit_stop_core/u_draw_rear_wheel/vga_out\\.vsync_reg_srl10___u_top_fsm_u_pit_stop_core_u_draw_game_panel_vga_out\\.hsync_reg_r/CLK
Low Pulse Width   Fast    SRL16E/CLK          n/a            0.980         7.692       6.712      SLICE_X30Y83     u_top_fsm/u_pit_stop_core/u_draw_rear_wheel/vga_out\\.vsync_reg_srl10___u_top_fsm_u_pit_stop_core_u_draw_game_panel_vga_out\\.hsync_reg_r/CLK
Low Pulse Width   Slow    FDRE/C              n/a            0.500         7.692       7.192      SLICE_X35Y46     CLK0/inst/seq_reg1_reg[0]/C
Low Pulse Width   Fast    FDRE/C              n/a            0.500         7.692       7.192      SLICE_X35Y46     CLK0/inst/seq_reg1_reg[0]/C
Low Pulse Width   Slow    FDRE/C              n/a            0.500         7.692       7.192      SLICE_X35Y46     CLK0/inst/seq_reg1_reg[1]/C
Low Pulse Width   Fast    FDRE/C              n/a            0.500         7.692       7.192      SLICE_X35Y46     CLK0/inst/seq_reg1_reg[1]/C
Low Pulse Width   Slow    FDRE/C              n/a            0.500         7.692       7.192      SLICE_X35Y46     CLK0/inst/seq_reg1_reg[2]/C
Low Pulse Width   Fast    FDRE/C              n/a            0.500         7.692       7.192      SLICE_X35Y46     CLK0/inst/seq_reg1_reg[2]/C
Low Pulse Width   Slow    FDRE/C              n/a            0.500         7.692       7.192      SLICE_X35Y46     CLK0/inst/seq_reg1_reg[3]/C
Low Pulse Width   Fast    FDRE/C              n/a            0.500         7.692       7.192      SLICE_X35Y46     CLK0/inst/seq_reg1_reg[3]/C
Low Pulse Width   Slow    FDRE/C              n/a            0.500         7.692       7.192      SLICE_X35Y46     CLK0/inst/seq_reg1_reg[4]/C
Low Pulse Width   Fast    FDRE/C              n/a            0.500         7.692       7.192      SLICE_X35Y46     CLK0/inst/seq_reg1_reg[4]/C
Low Pulse Width   Slow    FDRE/C              n/a            0.500         7.692       7.192      SLICE_X35Y46     CLK0/inst/seq_reg1_reg[5]/C
Low Pulse Width   Fast    FDRE/C              n/a            0.500         7.692       7.192      SLICE_X35Y46     CLK0/inst/seq_reg1_reg[5]/C
High Pulse Width  Slow    SRL16E/CLK          n/a            0.980         7.692       6.712      SLICE_X30Y69     u_top_fsm/u_pit_stop_core/u_draw_front_wheel/vga_out\\.hblnk_reg_srl13___u_top_fsm_u_pit_stop_core_u_draw_front_wheel_vga_out\\.hsync_reg_r/CLK
High Pulse Width  Fast    SRL16E/CLK          n/a            0.980         7.692       6.712      SLICE_X30Y69     u_top_fsm/u_pit_stop_core/u_draw_front_wheel/vga_out\\.hblnk_reg_srl13___u_top_fsm_u_pit_stop_core_u_draw_front_wheel_vga_out\\.hsync_reg_r/CLK
High Pulse Width  Slow    SRL16E/CLK          n/a            0.980         7.692       6.712      SLICE_X30Y79     u_top_fsm/u_pit_stop_core/u_draw_front_wheel/vga_out\\.vblnk_reg_srl13___u_top_fsm_u_pit_stop_core_u_draw_front_wheel_vga_out\\.hsync_reg_r/CLK
High Pulse Width  Fast    SRL16E/CLK          n/a            0.980         7.692       6.712      SLICE_X30Y79     u_top_fsm/u_pit_stop_core/u_draw_front_wheel/vga_out\\.vblnk_reg_srl13___u_top_fsm_u_pit_stop_core_u_draw_front_wheel_vga_out\\.hsync_reg_r/CLK
High Pulse Width  Slow    SRL16E/CLK          n/a            0.980         7.692       6.712      SLICE_X30Y79     u_top_fsm/u_pit_stop_core/u_draw_rear_wheel/vga_out\\.hsync_reg_srl14___u_top_fsm_u_pit_stop_core_u_draw_rear_wheel_vga_out\\.hsync_reg_r/CLK
High Pulse Width  Fast    SRL16E/CLK          n/a            0.980         7.692       6.712      SLICE_X30Y79     u_top_fsm/u_pit_stop_core/u_draw_rear_wheel/vga_out\\.hsync_reg_srl14___u_top_fsm_u_pit_stop_core_u_draw_rear_wheel_vga_out\\.hsync_reg_r/CLK
High Pulse Width  Slow    SRL16E/CLK          n/a            0.980         7.692       6.712      SLICE_X30Y83     u_top_fsm/u_pit_stop_core/u_draw_rear_wheel/vga_out\\.vsync_reg_srl10___u_top_fsm_u_pit_stop_core_u_draw_game_panel_vga_out\\.hsync_reg_r/CLK
High Pulse Width  Fast    SRL16E/CLK          n/a            0.980         7.692       6.712      SLICE_X30Y83     u_top_fsm/u_pit_stop_core/u_draw_rear_wheel/vga_out\\.vsync_reg_srl10___u_top_fsm_u_pit_stop_core_u_draw_game_panel_vga_out\\.hsync_reg_r/CLK
High Pulse Width  Slow    FDRE/C              n/a            0.500         7.692       7.192      SLICE_X35Y46     CLK0/inst/seq_reg1_reg[0]/C
High Pulse Width  Fast    FDRE/C              n/a            0.500         7.692       7.192      SLICE_X35Y46     CLK0/inst/seq_reg1_reg[0]/C
High Pulse Width  Slow    FDRE/C              n/a            0.500         7.692       7.192      SLICE_X35Y46     CLK0/inst/seq_reg1_reg[1]/C
High Pulse Width  Fast    FDRE/C              n/a            0.500         7.692       7.192      SLICE_X35Y46     CLK0/inst/seq_reg1_reg[1]/C
High Pulse Width  Slow    FDRE/C              n/a            0.500         7.692       7.192      SLICE_X35Y46     CLK0/inst/seq_reg1_reg[2]/C
High Pulse Width  Fast    FDRE/C              n/a            0.500         7.692       7.192      SLICE_X35Y46     CLK0/inst/seq_reg1_reg[2]/C
High Pulse Width  Slow    FDRE/C              n/a            0.500         7.692       7.192      SLICE_X35Y46     CLK0/inst/seq_reg1_reg[3]/C
High Pulse Width  Fast    FDRE/C              n/a            0.500         7.692       7.192      SLICE_X35Y46     CLK0/inst/seq_reg1_reg[3]/C
High Pulse Width  Slow    FDRE/C              n/a            0.500         7.692       7.192      SLICE_X35Y46     CLK0/inst/seq_reg1_reg[4]/C
High Pulse Width  Fast    FDRE/C              n/a            0.500         7.692       7.192      SLICE_X35Y46     CLK0/inst/seq_reg1_reg[4]/C
High Pulse Width  Slow    FDRE/C              n/a            0.500         7.692       7.192      SLICE_X35Y46     CLK0/inst/seq_reg1_reg[5]/C
High Pulse Width  Fast    FDRE/C              n/a            0.500         7.692       7.192      SLICE_X35Y46     CLK0/inst/seq_reg1_reg[5]/C



---------------------------------------------------------------------------------------------------
From Clock:  clkfbout_clk_wiz_0
  To Clock:  clkfbout_clk_wiz_0

Setup :           NA  Failing Endpoints,  Worst Slack           NA  ,  Total Violation           NA
Hold  :           NA  Failing Endpoints,  Worst Slack           NA  ,  Total Violation           NA
PW    :            0  Failing Endpoints,  Worst Slack       47.845ns,  Total Violation        0.000ns
---------------------------------------------------------------------------------------------------


Pulse Width Checks
--------------------------------------------------------------------------------------
Clock Name:         clkfbout_clk_wiz_0
Waveform(ns):       { 0.000 25.000 }
Period(ns):         50.000
Sources:            { CLK0/inst/mmcm_adv_inst/CLKFBOUT }

Check Type  Corner  Lib Pin              Reference Pin  Required(ns)  Actual(ns)  Slack(ns)  Location         Pin
Min Period  n/a     BUFG/I               n/a            2.155         50.000      47.845     BUFGCTRL_X0Y1    CLK0/inst/clkf_buf/I
Min Period  n/a     MMCME2_ADV/CLKFBOUT  n/a            1.249         50.000      48.751     MMCME2_ADV_X1Y0  CLK0/inst/mmcm_adv_inst/CLKFBOUT
Min Period  n/a     MMCME2_ADV/CLKFBIN   n/a            1.249         50.000      48.751     MMCME2_ADV_X1Y0  CLK0/inst/mmcm_adv_inst/CLKFBIN
Max Period  n/a     MMCME2_ADV/CLKFBIN   n/a            100.000       50.000      50.000     MMCME2_ADV_X1Y0  CLK0/inst/mmcm_adv_inst/CLKFBIN
Max Period  n/a     MMCME2_ADV/CLKFBOUT  n/a            213.360       50.000      163.360    MMCME2_ADV_X1Y0  CLK0/inst/mmcm_adv_inst/CLKFBOUT



---------------------------------------------------------------------------------------------------
Path Group:  **async_default**
From Clock:  clk_out1_clk_wiz_0
  To Clock:  clk_out1_clk_wiz_0

Setup :            0  Failing Endpoints,  Worst Slack        4.379ns,  Total Violation        0.000ns
Hold  :            0  Failing Endpoints,  Worst Slack        2.131ns,  Total Violation        0.000ns
---------------------------------------------------------------------------------------------------


Max Delay Paths
--------------------------------------------------------------------------------------
Slack (MET) :             4.379ns  (required time - arrival time)
  Source:                 u_reset_sync/reset_distribution_reg_rep/C
                            (rising edge-triggered cell FDCE clocked by clk_out1_clk_wiz_0  {rise@0.000ns fall@7.692ns period=15.385ns})
  Destination:            u_top_fsm/u_mouse_ctl/Inst_Ps2Interface/FSM_onehot_state_reg[11]/CLR
                            (recovery check against rising-edge clock clk_out1_clk_wiz_0  {rise@0.000ns fall@7.692ns period=15.385ns})
  Path Group:             **async_default**
  Path Type:              Recovery (Max at Slow Process Corner)
  Requirement:            15.385ns  (clk_out1_clk_wiz_0 rise@15.385ns - clk_out1_clk_wiz_0 rise@0.000ns)
  Data Path Delay:        10.143ns  (logic 0.608ns (5.994%)  route 9.535ns (94.006%))
  Logic Levels:           1  (LUT1=1)
  Clock Path Skew:        -0.104ns (DCD - SCD + CPR)
    Destination Clock Delay (DCD):    -1.551ns = ( 13.834 - 15.385 ) 
    Source Clock Delay      (SCD):    -0.964ns
    Clock Pessimism Removal (CPR):    0.484ns
  Clock Uncertainty:      0.130ns  ((TSJ^2 + DJ^2)^1/2) / 2 + PE
    Total System Jitter     (TSJ):    0.071ns
    Discrete Jitter          (DJ):    0.251ns
    Phase Error              (PE):    0.000ns

    Location             Delay type                Incr(ns)  Path(ns)    Netlist Resource(s)
  -------------------------------------------------------------------    -------------------
                         (clock clk_out1_clk_wiz_0 rise edge)
                                                      0.000     0.000 r  
    W5                                                0.000     0.000 r  clk (IN)
                         net (fo=0)                   0.000     0.000    CLK0/inst/clk
    W5                   IBUF (Prop_ibuf_I_O)         1.458     1.458 r  CLK0/inst/clkin1_ibufg/O
                         net (fo=1, routed)           1.233     2.691    CLK0/inst/clk_in_clk_wiz_0
    MMCME2_ADV_X1Y0      MMCME2_ADV (Prop_mmcme2_adv_CLKIN1_CLKOUT0)
                                                     -6.961    -4.269 r  CLK0/inst/mmcm_adv_inst/CLKOUT0
                         net (fo=2, routed)           1.661    -2.608    CLK0/inst/clk_out1_clk_wiz_0
    BUFGCTRL_X0Y0        BUFGCTRL (Prop_bufgctrl_I0_O)
                                                      0.096    -2.512 r  CLK0/inst/clkout1_buf/O
                         net (fo=1526, routed)        1.548    -0.964    u_reset_sync/clk_65M
    SLICE_X32Y63         FDCE                                         r  u_reset_sync/reset_distribution_reg_rep/C
  -------------------------------------------------------------------    -------------------
    SLICE_X32Y63         FDCE (Prop_fdce_C_Q)         0.456    -0.508 r  u_reset_sync/reset_distribution_reg_rep/Q
                         net (fo=31, routed)          2.806     2.298    u_reset_sync/reset_distribution_reg_rep_0
    SLICE_X54Y84         LUT1 (Prop_lut1_I0_O)        0.152     2.450 f  u_reset_sync/FSM_onehot_state[16]_i_2/O
                         net (fo=840, routed)         6.729     9.179    u_top_fsm/u_mouse_ctl/Inst_Ps2Interface/p_0_in
    SLICE_X39Y42         FDCE                                         f  u_top_fsm/u_mouse_ctl/Inst_Ps2Interface/FSM_onehot_state_reg[11]/CLR
  -------------------------------------------------------------------    -------------------

                         (clock clk_out1_clk_wiz_0 rise edge)
                                                     15.385    15.385 r  
    W5                                                0.000    15.385 r  clk (IN)
                         net (fo=0)                   0.000    15.385    CLK0/inst/clk
    W5                   IBUF (Prop_ibuf_I_O)         1.388    16.773 r  CLK0/inst/clkin1_ibufg/O
                         net (fo=1, routed)           1.162    17.935    CLK0/inst/clk_in_clk_wiz_0
    MMCME2_ADV_X1Y0      MMCME2_ADV (Prop_mmcme2_adv_CLKIN1_CLKOUT0)
                                                     -7.217    10.717 r  CLK0/inst/mmcm_adv_inst/CLKOUT0
                         net (fo=2, routed)           1.581    12.298    CLK0/inst/clk_out1_clk_wiz_0
    BUFGCTRL_X0Y0        BUFGCTRL (Prop_bufgctrl_I0_O)
                                                      0.091    12.389 r  CLK0/inst/clkout1_buf/O
                         net (fo=1526, routed)        1.444    13.834    u_top_fsm/u_mouse_ctl/Inst_Ps2Interface/clk_65M
    SLICE_X39Y42         FDCE                                         r  u_top_fsm/u_mouse_ctl/Inst_Ps2Interface/FSM_onehot_state_reg[11]/C
                         clock pessimism              0.484    14.317    
                         clock uncertainty           -0.130    14.187    
    SLICE_X39Y42         FDCE (Recov_fdce_C_CLR)     -0.629    13.558    u_top_fsm/u_mouse_ctl/Inst_Ps2Interface/FSM_onehot_state_reg[11]
  -------------------------------------------------------------------
                         required time                         13.558    
                         arrival time                          -9.179    
  -------------------------------------------------------------------
                         slack                                  4.379    

Slack (MET) :             4.379ns  (required time - arrival time)
  Source:                 u_reset_sync/reset_distribution_reg_rep/C
                            (rising edge-triggered cell FDCE clocked by clk_out1_clk_wiz_0  {rise@0.000ns fall@7.692ns period=15.385ns})
  Destination:            u_top_fsm/u_mouse_ctl/Inst_Ps2Interface/FSM_onehot_state_reg[12]/CLR
                            (recovery check against rising-edge clock clk_out1_clk_wiz_0  {rise@0.000ns fall@7.692ns period=15.385ns})
  Path Group:             **async_default**
  Path Type:              Recovery (Max at Slow Process Corner)
  Requirement:            15.385ns  (clk_out1_clk_wiz_0 rise@15.385ns - clk_out1_clk_wiz_0 rise@0.000ns)
  Data Path Delay:        10.143ns  (logic 0.608ns (5.994%)  route 9.535ns (94.006%))
  Logic Levels:           1  (LUT1=1)
  Clock Path Skew:        -0.104ns (DCD - SCD + CPR)
    Destination Clock Delay (DCD):    -1.551ns = ( 13.834 - 15.385 ) 
    Source Clock Delay      (SCD):    -0.964ns
    Clock Pessimism Removal (CPR):    0.484ns
  Clock Uncertainty:      0.130ns  ((TSJ^2 + DJ^2)^1/2) / 2 + PE
    Total System Jitter     (TSJ):    0.071ns
    Discrete Jitter          (DJ):    0.251ns
    Phase Error              (PE):    0.000ns

    Location             Delay type                Incr(ns)  Path(ns)    Netlist Resource(s)
  -------------------------------------------------------------------    -------------------
                         (clock clk_out1_clk_wiz_0 rise edge)
                                                      0.000     0.000 r  
    W5                                                0.000     0.000 r  clk (IN)
                         net (fo=0)                   0.000     0.000    CLK0/inst/clk
    W5                   IBUF (Prop_ibuf_I_O)         1.458     1.458 r  CLK0/inst/clkin1_ibufg/O
                         net (fo=1, routed)           1.233     2.691    CLK0/inst/clk_in_clk_wiz_0
    MMCME2_ADV_X1Y0      MMCME2_ADV (Prop_mmcme2_adv_CLKIN1_CLKOUT0)
                                                     -6.961    -4.269 r  CLK0/inst/mmcm_adv_inst/CLKOUT0
                         net (fo=2, routed)           1.661    -2.608    CLK0/inst/clk_out1_clk_wiz_0
    BUFGCTRL_X0Y0        BUFGCTRL (Prop_bufgctrl_I0_O)
                                                      0.096    -2.512 r  CLK0/inst/clkout1_buf/O
                         net (fo=1526, routed)        1.548    -0.964    u_reset_sync/clk_65M
    SLICE_X32Y63         FDCE                                         r  u_reset_sync/reset_distribution_reg_rep/C
  -------------------------------------------------------------------    -------------------
    SLICE_X32Y63         FDCE (Prop_fdce_C_Q)         0.456    -0.508 r  u_reset_sync/reset_distribution_reg_rep/Q
                         net (fo=31, routed)          2.806     2.298    u_reset_sync/reset_distribution_reg_rep_0
    SLICE_X54Y84         LUT1 (Prop_lut1_I0_O)        0.152     2.450 f  u_reset_sync/FSM_onehot_state[16]_i_2/O
                         net (fo=840, routed)         6.729     9.179    u_top_fsm/u_mouse_ctl/Inst_Ps2Interface/p_0_in
    SLICE_X39Y42         FDCE                                         f  u_top_fsm/u_mouse_ctl/Inst_Ps2Interface/FSM_onehot_state_reg[12]/CLR
  -------------------------------------------------------------------    -------------------

                         (clock clk_out1_clk_wiz_0 rise edge)
                                                     15.385    15.385 r  
    W5                                                0.000    15.385 r  clk (IN)
                         net (fo=0)                   0.000    15.385    CLK0/inst/clk
    W5                   IBUF (Prop_ibuf_I_O)         1.388    16.773 r  CLK0/inst/clkin1_ibufg/O
                         net (fo=1, routed)           1.162    17.935    CLK0/inst/clk_in_clk_wiz_0
    MMCME2_ADV_X1Y0      MMCME2_ADV (Prop_mmcme2_adv_CLKIN1_CLKOUT0)
                                                     -7.217    10.717 r  CLK0/inst/mmcm_adv_inst/CLKOUT0
                         net (fo=2, routed)           1.581    12.298    CLK0/inst/clk_out1_clk_wiz_0
    BUFGCTRL_X0Y0        BUFGCTRL (Prop_bufgctrl_I0_O)
                                                      0.091    12.389 r  CLK0/inst/clkout1_buf/O
                         net (fo=1526, routed)        1.444    13.834    u_top_fsm/u_mouse_ctl/Inst_Ps2Interface/clk_65M
    SLICE_X39Y42         FDCE                                         r  u_top_fsm/u_mouse_ctl/Inst_Ps2Interface/FSM_onehot_state_reg[12]/C
                         clock pessimism              0.484    14.317    
                         clock uncertainty           -0.130    14.187    
    SLICE_X39Y42         FDCE (Recov_fdce_C_CLR)     -0.629    13.558    u_top_fsm/u_mouse_ctl/Inst_Ps2Interface/FSM_onehot_state_reg[12]
  -------------------------------------------------------------------
                         required time                         13.558    
                         arrival time                          -9.179    
  -------------------------------------------------------------------
                         slack                                  4.379    

Slack (MET) :             4.379ns  (required time - arrival time)
  Source:                 u_reset_sync/reset_distribution_reg_rep/C
                            (rising edge-triggered cell FDCE clocked by clk_out1_clk_wiz_0  {rise@0.000ns fall@7.692ns period=15.385ns})
  Destination:            u_top_fsm/u_mouse_ctl/Inst_Ps2Interface/FSM_onehot_state_reg[13]/CLR
                            (recovery check against rising-edge clock clk_out1_clk_wiz_0  {rise@0.000ns fall@7.692ns period=15.385ns})
  Path Group:             **async_default**
  Path Type:              Recovery (Max at Slow Process Corner)
  Requirement:            15.385ns  (clk_out1_clk_wiz_0 rise@15.385ns - clk_out1_clk_wiz_0 rise@0.000ns)
  Data Path Delay:        10.143ns  (logic 0.608ns (5.994%)  route 9.535ns (94.006%))
  Logic Levels:           1  (LUT1=1)
  Clock Path Skew:        -0.104ns (DCD - SCD + CPR)
    Destination Clock Delay (DCD):    -1.551ns = ( 13.834 - 15.385 ) 
    Source Clock Delay      (SCD):    -0.964ns
    Clock Pessimism Removal (CPR):    0.484ns
  Clock Uncertainty:      0.130ns  ((TSJ^2 + DJ^2)^1/2) / 2 + PE
    Total System Jitter     (TSJ):    0.071ns
    Discrete Jitter          (DJ):    0.251ns
    Phase Error              (PE):    0.000ns

    Location             Delay type                Incr(ns)  Path(ns)    Netlist Resource(s)
  -------------------------------------------------------------------    -------------------
                         (clock clk_out1_clk_wiz_0 rise edge)
                                                      0.000     0.000 r  
    W5                                                0.000     0.000 r  clk (IN)
                         net (fo=0)                   0.000     0.000    CLK0/inst/clk
    W5                   IBUF (Prop_ibuf_I_O)         1.458     1.458 r  CLK0/inst/clkin1_ibufg/O
                         net (fo=1, routed)           1.233     2.691    CLK0/inst/clk_in_clk_wiz_0
    MMCME2_ADV_X1Y0      MMCME2_ADV (Prop_mmcme2_adv_CLKIN1_CLKOUT0)
                                                     -6.961    -4.269 r  CLK0/inst/mmcm_adv_inst/CLKOUT0
                         net (fo=2, routed)           1.661    -2.608    CLK0/inst/clk_out1_clk_wiz_0
    BUFGCTRL_X0Y0        BUFGCTRL (Prop_bufgctrl_I0_O)
                                                      0.096    -2.512 r  CLK0/inst/clkout1_buf/O
                         net (fo=1526, routed)        1.548    -0.964    u_reset_sync/clk_65M
    SLICE_X32Y63         FDCE                                         r  u_reset_sync/reset_distribution_reg_rep/C
  -------------------------------------------------------------------    -------------------
    SLICE_X32Y63         FDCE (Prop_fdce_C_Q)         0.456    -0.508 r  u_reset_sync/reset_distribution_reg_rep/Q
                         net (fo=31, routed)          2.806     2.298    u_reset_sync/reset_distribution_reg_rep_0
    SLICE_X54Y84         LUT1 (Prop_lut1_I0_O)        0.152     2.450 f  u_reset_sync/FSM_onehot_state[16]_i_2/O
                         net (fo=840, routed)         6.729     9.179    u_top_fsm/u_mouse_ctl/Inst_Ps2Interface/p_0_in
    SLICE_X39Y42         FDCE                                         f  u_top_fsm/u_mouse_ctl/Inst_Ps2Interface/FSM_onehot_state_reg[13]/CLR
  -------------------------------------------------------------------    -------------------

                         (clock clk_out1_clk_wiz_0 rise edge)
                                                     15.385    15.385 r  
    W5                                                0.000    15.385 r  clk (IN)
                         net (fo=0)                   0.000    15.385    CLK0/inst/clk
    W5                   IBUF (Prop_ibuf_I_O)         1.388    16.773 r  CLK0/inst/clkin1_ibufg/O
                         net (fo=1, routed)           1.162    17.935    CLK0/inst/clk_in_clk_wiz_0
    MMCME2_ADV_X1Y0      MMCME2_ADV (Prop_mmcme2_adv_CLKIN1_CLKOUT0)
                                                     -7.217    10.717 r  CLK0/inst/mmcm_adv_inst/CLKOUT0
                         net (fo=2, routed)           1.581    12.298    CLK0/inst/clk_out1_clk_wiz_0
    BUFGCTRL_X0Y0        BUFGCTRL (Prop_bufgctrl_I0_O)
                                                      0.091    12.389 r  CLK0/inst/clkout1_buf/O
                         net (fo=1526, routed)        1.444    13.834    u_top_fsm/u_mouse_ctl/Inst_Ps2Interface/clk_65M
    SLICE_X39Y42         FDCE                                         r  u_top_fsm/u_mouse_ctl/Inst_Ps2Interface/FSM_onehot_state_reg[13]/C
                         clock pessimism              0.484    14.317    
                         clock uncertainty           -0.130    14.187    
    SLICE_X39Y42         FDCE (Recov_fdce_C_CLR)     -0.629    13.558    u_top_fsm/u_mouse_ctl/Inst_Ps2Interface/FSM_onehot_state_reg[13]
  -------------------------------------------------------------------
                         required time                         13.558    
                         arrival time                          -9.179    
  -------------------------------------------------------------------
                         slack                                  4.379    

Slack (MET) :             4.379ns  (required time - arrival time)
  Source:                 u_reset_sync/reset_distribution_reg_rep/C
                            (rising edge-triggered cell FDCE clocked by clk_out1_clk_wiz_0  {rise@0.000ns fall@7.692ns period=15.385ns})
  Destination:            u_top_fsm/u_mouse_ctl/Inst_Ps2Interface/FSM_onehot_state_reg[16]/CLR
                            (recovery check against rising-edge clock clk_out1_clk_wiz_0  {rise@0.000ns fall@7.692ns period=15.385ns})
  Path Group:             **async_default**
  Path Type:              Recovery (Max at Slow Process Corner)
  Requirement:            15.385ns  (clk_out1_clk_wiz_0 rise@15.385ns - clk_out1_clk_wiz_0 rise@0.000ns)
  Data Path Delay:        10.143ns  (logic 0.608ns (5.994%)  route 9.535ns (94.006%))
  Logic Levels:           1  (LUT1=1)
  Clock Path Skew:        -0.104ns (DCD - SCD + CPR)
    Destination Clock Delay (DCD):    -1.551ns = ( 13.834 - 15.385 ) 
    Source Clock Delay      (SCD):    -0.964ns
    Clock Pessimism Removal (CPR):    0.484ns
  Clock Uncertainty:      0.130ns  ((TSJ^2 + DJ^2)^1/2) / 2 + PE
    Total System Jitter     (TSJ):    0.071ns
    Discrete Jitter          (DJ):    0.251ns
    Phase Error              (PE):    0.000ns

    Location             Delay type                Incr(ns)  Path(ns)    Netlist Resource(s)
  -------------------------------------------------------------------    -------------------
                         (clock clk_out1_clk_wiz_0 rise edge)
                                                      0.000     0.000 r  
    W5                                                0.000     0.000 r  clk (IN)
                         net (fo=0)                   0.000     0.000    CLK0/inst/clk
    W5                   IBUF (Prop_ibuf_I_O)         1.458     1.458 r  CLK0/inst/clkin1_ibufg/O
                         net (fo=1, routed)           1.233     2.691    CLK0/inst/clk_in_clk_wiz_0
    MMCME2_ADV_X1Y0      MMCME2_ADV (Prop_mmcme2_adv_CLKIN1_CLKOUT0)
                                                     -6.961    -4.269 r  CLK0/inst/mmcm_adv_inst/CLKOUT0
                         net (fo=2, routed)           1.661    -2.608    CLK0/inst/clk_out1_clk_wiz_0
    BUFGCTRL_X0Y0        BUFGCTRL (Prop_bufgctrl_I0_O)
                                                      0.096    -2.512 r  CLK0/inst/clkout1_buf/O
                         net (fo=1526, routed)        1.548    -0.964    u_reset_sync/clk_65M
    SLICE_X32Y63         FDCE                                         r  u_reset_sync/reset_distribution_reg_rep/C
  -------------------------------------------------------------------    -------------------
    SLICE_X32Y63         FDCE (Prop_fdce_C_Q)         0.456    -0.508 r  u_reset_sync/reset_distribution_reg_rep/Q
                         net (fo=31, routed)          2.806     2.298    u_reset_sync/reset_distribution_reg_rep_0
    SLICE_X54Y84         LUT1 (Prop_lut1_I0_O)        0.152     2.450 f  u_reset_sync/FSM_onehot_state[16]_i_2/O
                         net (fo=840, routed)         6.729     9.179    u_top_fsm/u_mouse_ctl/Inst_Ps2Interface/p_0_in
    SLICE_X39Y42         FDCE                                         f  u_top_fsm/u_mouse_ctl/Inst_Ps2Interface/FSM_onehot_state_reg[16]/CLR
  -------------------------------------------------------------------    -------------------

                         (clock clk_out1_clk_wiz_0 rise edge)
                                                     15.385    15.385 r  
    W5                                                0.000    15.385 r  clk (IN)
                         net (fo=0)                   0.000    15.385    CLK0/inst/clk
    W5                   IBUF (Prop_ibuf_I_O)         1.388    16.773 r  CLK0/inst/clkin1_ibufg/O
                         net (fo=1, routed)           1.162    17.935    CLK0/inst/clk_in_clk_wiz_0
    MMCME2_ADV_X1Y0      MMCME2_ADV (Prop_mmcme2_adv_CLKIN1_CLKOUT0)
                                                     -7.217    10.717 r  CLK0/inst/mmcm_adv_inst/CLKOUT0
                         net (fo=2, routed)           1.581    12.298    CLK0/inst/clk_out1_clk_wiz_0
    BUFGCTRL_X0Y0        BUFGCTRL (Prop_bufgctrl_I0_O)
                                                      0.091    12.389 r  CLK0/inst/clkout1_buf/O
                         net (fo=1526, routed)        1.444    13.834    u_top_fsm/u_mouse_ctl/Inst_Ps2Interface/clk_65M
    SLICE_X39Y42         FDCE                                         r  u_top_fsm/u_mouse_ctl/Inst_Ps2Interface/FSM_onehot_state_reg[16]/C
                         clock pessimism              0.484    14.317    
                         clock uncertainty           -0.130    14.187    
    SLICE_X39Y42         FDCE (Recov_fdce_C_CLR)     -0.629    13.558    u_top_fsm/u_mouse_ctl/Inst_Ps2Interface/FSM_onehot_state_reg[16]
  -------------------------------------------------------------------
                         required time                         13.558    
                         arrival time                          -9.179    
  -------------------------------------------------------------------
                         slack                                  4.379    

Slack (MET) :             4.379ns  (required time - arrival time)
  Source:                 u_reset_sync/reset_distribution_reg_rep/C
                            (rising edge-triggered cell FDCE clocked by clk_out1_clk_wiz_0  {rise@0.000ns fall@7.692ns period=15.385ns})
  Destination:            u_top_fsm/u_mouse_ctl/Inst_Ps2Interface/FSM_onehot_state_reg[2]/CLR
                            (recovery check against rising-edge clock clk_out1_clk_wiz_0  {rise@0.000ns fall@7.692ns period=15.385ns})
  Path Group:             **async_default**
  Path Type:              Recovery (Max at Slow Process Corner)
  Requirement:            15.385ns  (clk_out1_clk_wiz_0 rise@15.385ns - clk_out1_clk_wiz_0 rise@0.000ns)
  Data Path Delay:        10.143ns  (logic 0.608ns (5.994%)  route 9.535ns (94.006%))
  Logic Levels:           1  (LUT1=1)
  Clock Path Skew:        -0.104ns (DCD - SCD + CPR)
    Destination Clock Delay (DCD):    -1.551ns = ( 13.834 - 15.385 ) 
    Source Clock Delay      (SCD):    -0.964ns
    Clock Pessimism Removal (CPR):    0.484ns
  Clock Uncertainty:      0.130ns  ((TSJ^2 + DJ^2)^1/2) / 2 + PE
    Total System Jitter     (TSJ):    0.071ns
    Discrete Jitter          (DJ):    0.251ns
    Phase Error              (PE):    0.000ns

    Location             Delay type                Incr(ns)  Path(ns)    Netlist Resource(s)
  -------------------------------------------------------------------    -------------------
                         (clock clk_out1_clk_wiz_0 rise edge)
                                                      0.000     0.000 r  
    W5                                                0.000     0.000 r  clk (IN)
                         net (fo=0)                   0.000     0.000    CLK0/inst/clk
    W5                   IBUF (Prop_ibuf_I_O)         1.458     1.458 r  CLK0/inst/clkin1_ibufg/O
                         net (fo=1, routed)           1.233     2.691    CLK0/inst/clk_in_clk_wiz_0
    MMCME2_ADV_X1Y0      MMCME2_ADV (Prop_mmcme2_adv_CLKIN1_CLKOUT0)
                                                     -6.961    -4.269 r  CLK0/inst/mmcm_adv_inst/CLKOUT0
                         net (fo=2, routed)           1.661    -2.608    CLK0/inst/clk_out1_clk_wiz_0
    BUFGCTRL_X0Y0        BUFGCTRL (Prop_bufgctrl_I0_O)
                                                      0.096    -2.512 r  CLK0/inst/clkout1_buf/O
                         net (fo=1526, routed)        1.548    -0.964    u_reset_sync/clk_65M
    SLICE_X32Y63         FDCE                                         r  u_reset_sync/reset_distribution_reg_rep/C
  -------------------------------------------------------------------    -------------------
    SLICE_X32Y63         FDCE (Prop_fdce_C_Q)         0.456    -0.508 r  u_reset_sync/reset_distribution_reg_rep/Q
                         net (fo=31, routed)          2.806     2.298    u_reset_sync/reset_distribution_reg_rep_0
    SLICE_X54Y84         LUT1 (Prop_lut1_I0_O)        0.152     2.450 f  u_reset_sync/FSM_onehot_state[16]_i_2/O
                         net (fo=840, routed)         6.729     9.179    u_top_fsm/u_mouse_ctl/Inst_Ps2Interface/p_0_in
    SLICE_X39Y42         FDCE                                         f  u_top_fsm/u_mouse_ctl/Inst_Ps2Interface/FSM_onehot_state_reg[2]/CLR
  -------------------------------------------------------------------    -------------------

                         (clock clk_out1_clk_wiz_0 rise edge)
                                                     15.385    15.385 r  
    W5                                                0.000    15.385 r  clk (IN)
                         net (fo=0)                   0.000    15.385    CLK0/inst/clk
    W5                   IBUF (Prop_ibuf_I_O)         1.388    16.773 r  CLK0/inst/clkin1_ibufg/O
                         net (fo=1, routed)           1.162    17.935    CLK0/inst/clk_in_clk_wiz_0
    MMCME2_ADV_X1Y0      MMCME2_ADV (Prop_mmcme2_adv_CLKIN1_CLKOUT0)
                                                     -7.217    10.717 r  CLK0/inst/mmcm_adv_inst/CLKOUT0
                         net (fo=2, routed)           1.581    12.298    CLK0/inst/clk_out1_clk_wiz_0
    BUFGCTRL_X0Y0        BUFGCTRL (Prop_bufgctrl_I0_O)
                                                      0.091    12.389 r  CLK0/inst/clkout1_buf/O
                         net (fo=1526, routed)        1.444    13.834    u_top_fsm/u_mouse_ctl/Inst_Ps2Interface/clk_65M
    SLICE_X39Y42         FDCE                                         r  u_top_fsm/u_mouse_ctl/Inst_Ps2Interface/FSM_onehot_state_reg[2]/C
                         clock pessimism              0.484    14.317    
                         clock uncertainty           -0.130    14.187    
    SLICE_X39Y42         FDCE (Recov_fdce_C_CLR)     -0.629    13.558    u_top_fsm/u_mouse_ctl/Inst_Ps2Interface/FSM_onehot_state_reg[2]
  -------------------------------------------------------------------
                         required time                         13.558    
                         arrival time                          -9.179    
  -------------------------------------------------------------------
                         slack                                  4.379    

Slack (MET) :             4.423ns  (required time - arrival time)
  Source:                 u_reset_sync/reset_distribution_reg_rep/C
                            (rising edge-triggered cell FDCE clocked by clk_out1_clk_wiz_0  {rise@0.000ns fall@7.692ns period=15.385ns})
  Destination:            u_top_fsm/u_mouse_ctl/Inst_Ps2Interface/FSM_onehot_state_reg[5]/CLR
                            (recovery check against rising-edge clock clk_out1_clk_wiz_0  {rise@0.000ns fall@7.692ns period=15.385ns})
  Path Group:             **async_default**
  Path Type:              Recovery (Max at Slow Process Corner)
  Requirement:            15.385ns  (clk_out1_clk_wiz_0 rise@15.385ns - clk_out1_clk_wiz_0 rise@0.000ns)
  Data Path Delay:        10.143ns  (logic 0.608ns (5.994%)  route 9.535ns (94.006%))
  Logic Levels:           1  (LUT1=1)
  Clock Path Skew:        -0.104ns (DCD - SCD + CPR)
    Destination Clock Delay (DCD):    -1.551ns = ( 13.834 - 15.385 ) 
    Source Clock Delay      (SCD):    -0.964ns
    Clock Pessimism Removal (CPR):    0.484ns
  Clock Uncertainty:      0.130ns  ((TSJ^2 + DJ^2)^1/2) / 2 + PE
    Total System Jitter     (TSJ):    0.071ns
    Discrete Jitter          (DJ):    0.251ns
    Phase Error              (PE):    0.000ns

    Location             Delay type                Incr(ns)  Path(ns)    Netlist Resource(s)
  -------------------------------------------------------------------    -------------------
                         (clock clk_out1_clk_wiz_0 rise edge)
                                                      0.000     0.000 r  
    W5                                                0.000     0.000 r  clk (IN)
                         net (fo=0)                   0.000     0.000    CLK0/inst/clk
    W5                   IBUF (Prop_ibuf_I_O)         1.458     1.458 r  CLK0/inst/clkin1_ibufg/O
                         net (fo=1, routed)           1.233     2.691    CLK0/inst/clk_in_clk_wiz_0
    MMCME2_ADV_X1Y0      MMCME2_ADV (Prop_mmcme2_adv_CLKIN1_CLKOUT0)
                                                     -6.961    -4.269 r  CLK0/inst/mmcm_adv_inst/CLKOUT0
                         net (fo=2, routed)           1.661    -2.608    CLK0/inst/clk_out1_clk_wiz_0
    BUFGCTRL_X0Y0        BUFGCTRL (Prop_bufgctrl_I0_O)
                                                      0.096    -2.512 r  CLK0/inst/clkout1_buf/O
                         net (fo=1526, routed)        1.548    -0.964    u_reset_sync/clk_65M
    SLICE_X32Y63         FDCE                                         r  u_reset_sync/reset_distribution_reg_rep/C
  -------------------------------------------------------------------    -------------------
    SLICE_X32Y63         FDCE (Prop_fdce_C_Q)         0.456    -0.508 r  u_reset_sync/reset_distribution_reg_rep/Q
                         net (fo=31, routed)          2.806     2.298    u_reset_sync/reset_distribution_reg_rep_0
    SLICE_X54Y84         LUT1 (Prop_lut1_I0_O)        0.152     2.450 f  u_reset_sync/FSM_onehot_state[16]_i_2/O
                         net (fo=840, routed)         6.729     9.179    u_top_fsm/u_mouse_ctl/Inst_Ps2Interface/p_0_in
    SLICE_X38Y42         FDCE                                         f  u_top_fsm/u_mouse_ctl/Inst_Ps2Interface/FSM_onehot_state_reg[5]/CLR
  -------------------------------------------------------------------    -------------------

                         (clock clk_out1_clk_wiz_0 rise edge)
                                                     15.385    15.385 r  
    W5                                                0.000    15.385 r  clk (IN)
                         net (fo=0)                   0.000    15.385    CLK0/inst/clk
    W5                   IBUF (Prop_ibuf_I_O)         1.388    16.773 r  CLK0/inst/clkin1_ibufg/O
                         net (fo=1, routed)           1.162    17.935    CLK0/inst/clk_in_clk_wiz_0
    MMCME2_ADV_X1Y0      MMCME2_ADV (Prop_mmcme2_adv_CLKIN1_CLKOUT0)
                                                     -7.217    10.717 r  CLK0/inst/mmcm_adv_inst/CLKOUT0
                         net (fo=2, routed)           1.581    12.298    CLK0/inst/clk_out1_clk_wiz_0
    BUFGCTRL_X0Y0        BUFGCTRL (Prop_bufgctrl_I0_O)
                                                      0.091    12.389 r  CLK0/inst/clkout1_buf/O
                         net (fo=1526, routed)        1.444    13.834    u_top_fsm/u_mouse_ctl/Inst_Ps2Interface/clk_65M
    SLICE_X38Y42         FDCE                                         r  u_top_fsm/u_mouse_ctl/Inst_Ps2Interface/FSM_onehot_state_reg[5]/C
                         clock pessimism              0.484    14.317    
                         clock uncertainty           -0.130    14.187    
    SLICE_X38Y42         FDCE (Recov_fdce_C_CLR)     -0.585    13.602    u_top_fsm/u_mouse_ctl/Inst_Ps2Interface/FSM_onehot_state_reg[5]
  -------------------------------------------------------------------
                         required time                         13.602    
                         arrival time                          -9.179    
  -------------------------------------------------------------------
                         slack                                  4.423    

Slack (MET) :             4.465ns  (required time - arrival time)
  Source:                 u_reset_sync/reset_distribution_reg_rep/C
                            (rising edge-triggered cell FDCE clocked by clk_out1_clk_wiz_0  {rise@0.000ns fall@7.692ns period=15.385ns})
  Destination:            u_top_fsm/u_mouse_ctl/Inst_Ps2Interface/FSM_onehot_state_reg[1]/CLR
                            (recovery check against rising-edge clock clk_out1_clk_wiz_0  {rise@0.000ns fall@7.692ns period=15.385ns})
  Path Group:             **async_default**
  Path Type:              Recovery (Max at Slow Process Corner)
  Requirement:            15.385ns  (clk_out1_clk_wiz_0 rise@15.385ns - clk_out1_clk_wiz_0 rise@0.000ns)
  Data Path Delay:        10.143ns  (logic 0.608ns (5.994%)  route 9.535ns (94.006%))
  Logic Levels:           1  (LUT1=1)
  Clock Path Skew:        -0.104ns (DCD - SCD + CPR)
    Destination Clock Delay (DCD):    -1.551ns = ( 13.834 - 15.385 ) 
    Source Clock Delay      (SCD):    -0.964ns
    Clock Pessimism Removal (CPR):    0.484ns
  Clock Uncertainty:      0.130ns  ((TSJ^2 + DJ^2)^1/2) / 2 + PE
    Total System Jitter     (TSJ):    0.071ns
    Discrete Jitter          (DJ):    0.251ns
    Phase Error              (PE):    0.000ns

    Location             Delay type                Incr(ns)  Path(ns)    Netlist Resource(s)
  -------------------------------------------------------------------    -------------------
                         (clock clk_out1_clk_wiz_0 rise edge)
                                                      0.000     0.000 r  
    W5                                                0.000     0.000 r  clk (IN)
                         net (fo=0)                   0.000     0.000    CLK0/inst/clk
    W5                   IBUF (Prop_ibuf_I_O)         1.458     1.458 r  CLK0/inst/clkin1_ibufg/O
                         net (fo=1, routed)           1.233     2.691    CLK0/inst/clk_in_clk_wiz_0
    MMCME2_ADV_X1Y0      MMCME2_ADV (Prop_mmcme2_adv_CLKIN1_CLKOUT0)
                                                     -6.961    -4.269 r  CLK0/inst/mmcm_adv_inst/CLKOUT0
                         net (fo=2, routed)           1.661    -2.608    CLK0/inst/clk_out1_clk_wiz_0
    BUFGCTRL_X0Y0        BUFGCTRL (Prop_bufgctrl_I0_O)
                                                      0.096    -2.512 r  CLK0/inst/clkout1_buf/O
                         net (fo=1526, routed)        1.548    -0.964    u_reset_sync/clk_65M
    SLICE_X32Y63         FDCE                                         r  u_reset_sync/reset_distribution_reg_rep/C
  -------------------------------------------------------------------    -------------------
    SLICE_X32Y63         FDCE (Prop_fdce_C_Q)         0.456    -0.508 r  u_reset_sync/reset_distribution_reg_rep/Q
                         net (fo=31, routed)          2.806     2.298    u_reset_sync/reset_distribution_reg_rep_0
    SLICE_X54Y84         LUT1 (Prop_lut1_I0_O)        0.152     2.450 f  u_reset_sync/FSM_onehot_state[16]_i_2/O
                         net (fo=840, routed)         6.729     9.179    u_top_fsm/u_mouse_ctl/Inst_Ps2Interface/p_0_in
    SLICE_X38Y42         FDCE                                         f  u_top_fsm/u_mouse_ctl/Inst_Ps2Interface/FSM_onehot_state_reg[1]/CLR
  -------------------------------------------------------------------    -------------------

                         (clock clk_out1_clk_wiz_0 rise edge)
                                                     15.385    15.385 r  
    W5                                                0.000    15.385 r  clk (IN)
                         net (fo=0)                   0.000    15.385    CLK0/inst/clk
    W5                   IBUF (Prop_ibuf_I_O)         1.388    16.773 r  CLK0/inst/clkin1_ibufg/O
                         net (fo=1, routed)           1.162    17.935    CLK0/inst/clk_in_clk_wiz_0
    MMCME2_ADV_X1Y0      MMCME2_ADV (Prop_mmcme2_adv_CLKIN1_CLKOUT0)
                                                     -7.217    10.717 r  CLK0/inst/mmcm_adv_inst/CLKOUT0
                         net (fo=2, routed)           1.581    12.298    CLK0/inst/clk_out1_clk_wiz_0
    BUFGCTRL_X0Y0        BUFGCTRL (Prop_bufgctrl_I0_O)
                                                      0.091    12.389 r  CLK0/inst/clkout1_buf/O
                         net (fo=1526, routed)        1.444    13.834    u_top_fsm/u_mouse_ctl/Inst_Ps2Interface/clk_65M
    SLICE_X38Y42         FDCE                                         r  u_top_fsm/u_mouse_ctl/Inst_Ps2Interface/FSM_onehot_state_reg[1]/C
                         clock pessimism              0.484    14.317    
                         clock uncertainty           -0.130    14.187    
    SLICE_X38Y42         FDCE (Recov_fdce_C_CLR)     -0.543    13.644    u_top_fsm/u_mouse_ctl/Inst_Ps2Interface/FSM_onehot_state_reg[1]
  -------------------------------------------------------------------
                         required time                         13.644    
                         arrival time                          -9.179    
  -------------------------------------------------------------------
                         slack                                  4.465    

Slack (MET) :             4.465ns  (required time - arrival time)
  Source:                 u_reset_sync/reset_distribution_reg_rep/C
                            (rising edge-triggered cell FDCE clocked by clk_out1_clk_wiz_0  {rise@0.000ns fall@7.692ns period=15.385ns})
  Destination:            u_top_fsm/u_mouse_ctl/Inst_Ps2Interface/FSM_onehot_state_reg[3]/CLR
                            (recovery check against rising-edge clock clk_out1_clk_wiz_0  {rise@0.000ns fall@7.692ns period=15.385ns})
  Path Group:             **async_default**
  Path Type:              Recovery (Max at Slow Process Corner)
  Requirement:            15.385ns  (clk_out1_clk_wiz_0 rise@15.385ns - clk_out1_clk_wiz_0 rise@0.000ns)
  Data Path Delay:        10.143ns  (logic 0.608ns (5.994%)  route 9.535ns (94.006%))
  Logic Levels:           1  (LUT1=1)
  Clock Path Skew:        -0.104ns (DCD - SCD + CPR)
    Destination Clock Delay (DCD):    -1.551ns = ( 13.834 - 15.385 ) 
    Source Clock Delay      (SCD):    -0.964ns
    Clock Pessimism Removal (CPR):    0.484ns
  Clock Uncertainty:      0.130ns  ((TSJ^2 + DJ^2)^1/2) / 2 + PE
    Total System Jitter     (TSJ):    0.071ns
    Discrete Jitter          (DJ):    0.251ns
    Phase Error              (PE):    0.000ns

    Location             Delay type                Incr(ns)  Path(ns)    Netlist Resource(s)
  -------------------------------------------------------------------    -------------------
                         (clock clk_out1_clk_wiz_0 rise edge)
                                                      0.000     0.000 r  
    W5                                                0.000     0.000 r  clk (IN)
                         net (fo=0)                   0.000     0.000    CLK0/inst/clk
    W5                   IBUF (Prop_ibuf_I_O)         1.458     1.458 r  CLK0/inst/clkin1_ibufg/O
                         net (fo=1, routed)           1.233     2.691    CLK0/inst/clk_in_clk_wiz_0
    MMCME2_ADV_X1Y0      MMCME2_ADV (Prop_mmcme2_adv_CLKIN1_CLKOUT0)
                                                     -6.961    -4.269 r  CLK0/inst/mmcm_adv_inst/CLKOUT0
                         net (fo=2, routed)           1.661    -2.608    CLK0/inst/clk_out1_clk_wiz_0
    BUFGCTRL_X0Y0        BUFGCTRL (Prop_bufgctrl_I0_O)
                                                      0.096    -2.512 r  CLK0/inst/clkout1_buf/O
                         net (fo=1526, routed)        1.548    -0.964    u_reset_sync/clk_65M
    SLICE_X32Y63         FDCE                                         r  u_reset_sync/reset_distribution_reg_rep/C
  -------------------------------------------------------------------    -------------------
    SLICE_X32Y63         FDCE (Prop_fdce_C_Q)         0.456    -0.508 r  u_reset_sync/reset_distribution_reg_rep/Q
                         net (fo=31, routed)          2.806     2.298    u_reset_sync/reset_distribution_reg_rep_0
    SLICE_X54Y84         LUT1 (Prop_lut1_I0_O)        0.152     2.450 f  u_reset_sync/FSM_onehot_state[16]_i_2/O
                         net (fo=840, routed)         6.729     9.179    u_top_fsm/u_mouse_ctl/Inst_Ps2Interface/p_0_in
    SLICE_X38Y42         FDCE                                         f  u_top_fsm/u_mouse_ctl/Inst_Ps2Interface/FSM_onehot_state_reg[3]/CLR
  -------------------------------------------------------------------    -------------------

                         (clock clk_out1_clk_wiz_0 rise edge)
                                                     15.385    15.385 r  
    W5                                                0.000    15.385 r  clk (IN)
                         net (fo=0)                   0.000    15.385    CLK0/inst/clk
    W5                   IBUF (Prop_ibuf_I_O)         1.388    16.773 r  CLK0/inst/clkin1_ibufg/O
                         net (fo=1, routed)           1.162    17.935    CLK0/inst/clk_in_clk_wiz_0
    MMCME2_ADV_X1Y0      MMCME2_ADV (Prop_mmcme2_adv_CLKIN1_CLKOUT0)
                                                     -7.217    10.717 r  CLK0/inst/mmcm_adv_inst/CLKOUT0
                         net (fo=2, routed)           1.581    12.298    CLK0/inst/clk_out1_clk_wiz_0
    BUFGCTRL_X0Y0        BUFGCTRL (Prop_bufgctrl_I0_O)
                                                      0.091    12.389 r  CLK0/inst/clkout1_buf/O
                         net (fo=1526, routed)        1.444    13.834    u_top_fsm/u_mouse_ctl/Inst_Ps2Interface/clk_65M
    SLICE_X38Y42         FDCE                                         r  u_top_fsm/u_mouse_ctl/Inst_Ps2Interface/FSM_onehot_state_reg[3]/C
                         clock pessimism              0.484    14.317    
                         clock uncertainty           -0.130    14.187    
    SLICE_X38Y42         FDCE (Recov_fdce_C_CLR)     -0.543    13.644    u_top_fsm/u_mouse_ctl/Inst_Ps2Interface/FSM_onehot_state_reg[3]
  -------------------------------------------------------------------
                         required time                         13.644    
                         arrival time                          -9.179    
  -------------------------------------------------------------------
                         slack                                  4.465    

Slack (MET) :             4.465ns  (required time - arrival time)
  Source:                 u_reset_sync/reset_distribution_reg_rep/C
                            (rising edge-triggered cell FDCE clocked by clk_out1_clk_wiz_0  {rise@0.000ns fall@7.692ns period=15.385ns})
  Destination:            u_top_fsm/u_mouse_ctl/Inst_Ps2Interface/FSM_onehot_state_reg[4]/CLR
                            (recovery check against rising-edge clock clk_out1_clk_wiz_0  {rise@0.000ns fall@7.692ns period=15.385ns})
  Path Group:             **async_default**
  Path Type:              Recovery (Max at Slow Process Corner)
  Requirement:            15.385ns  (clk_out1_clk_wiz_0 rise@15.385ns - clk_out1_clk_wiz_0 rise@0.000ns)
  Data Path Delay:        10.143ns  (logic 0.608ns (5.994%)  route 9.535ns (94.006%))
  Logic Levels:           1  (LUT1=1)
  Clock Path Skew:        -0.104ns (DCD - SCD + CPR)
    Destination Clock Delay (DCD):    -1.551ns = ( 13.834 - 15.385 ) 
    Source Clock Delay      (SCD):    -0.964ns
    Clock Pessimism Removal (CPR):    0.484ns
  Clock Uncertainty:      0.130ns  ((TSJ^2 + DJ^2)^1/2) / 2 + PE
    Total System Jitter     (TSJ):    0.071ns
    Discrete Jitter          (DJ):    0.251ns
    Phase Error              (PE):    0.000ns

    Location             Delay type                Incr(ns)  Path(ns)    Netlist Resource(s)
  -------------------------------------------------------------------    -------------------
                         (clock clk_out1_clk_wiz_0 rise edge)
                                                      0.000     0.000 r  
    W5                                                0.000     0.000 r  clk (IN)
                         net (fo=0)                   0.000     0.000    CLK0/inst/clk
    W5                   IBUF (Prop_ibuf_I_O)         1.458     1.458 r  CLK0/inst/clkin1_ibufg/O
                         net (fo=1, routed)           1.233     2.691    CLK0/inst/clk_in_clk_wiz_0
    MMCME2_ADV_X1Y0      MMCME2_ADV (Prop_mmcme2_adv_CLKIN1_CLKOUT0)
                                                     -6.961    -4.269 r  CLK0/inst/mmcm_adv_inst/CLKOUT0
                         net (fo=2, routed)           1.661    -2.608    CLK0/inst/clk_out1_clk_wiz_0
    BUFGCTRL_X0Y0        BUFGCTRL (Prop_bufgctrl_I0_O)
                                                      0.096    -2.512 r  CLK0/inst/clkout1_buf/O
                         net (fo=1526, routed)        1.548    -0.964    u_reset_sync/clk_65M
    SLICE_X32Y63         FDCE                                         r  u_reset_sync/reset_distribution_reg_rep/C
  -------------------------------------------------------------------    -------------------
    SLICE_X32Y63         FDCE (Prop_fdce_C_Q)         0.456    -0.508 r  u_reset_sync/reset_distribution_reg_rep/Q
                         net (fo=31, routed)          2.806     2.298    u_reset_sync/reset_distribution_reg_rep_0
    SLICE_X54Y84         LUT1 (Prop_lut1_I0_O)        0.152     2.450 f  u_reset_sync/FSM_onehot_state[16]_i_2/O
                         net (fo=840, routed)         6.729     9.179    u_top_fsm/u_mouse_ctl/Inst_Ps2Interface/p_0_in
    SLICE_X38Y42         FDCE                                         f  u_top_fsm/u_mouse_ctl/Inst_Ps2Interface/FSM_onehot_state_reg[4]/CLR
  -------------------------------------------------------------------    -------------------

                         (clock clk_out1_clk_wiz_0 rise edge)
                                                     15.385    15.385 r  
    W5                                                0.000    15.385 r  clk (IN)
                         net (fo=0)                   0.000    15.385    CLK0/inst/clk
    W5                   IBUF (Prop_ibuf_I_O)         1.388    16.773 r  CLK0/inst/clkin1_ibufg/O
                         net (fo=1, routed)           1.162    17.935    CLK0/inst/clk_in_clk_wiz_0
    MMCME2_ADV_X1Y0      MMCME2_ADV (Prop_mmcme2_adv_CLKIN1_CLKOUT0)
                                                     -7.217    10.717 r  CLK0/inst/mmcm_adv_inst/CLKOUT0
                         net (fo=2, routed)           1.581    12.298    CLK0/inst/clk_out1_clk_wiz_0
    BUFGCTRL_X0Y0        BUFGCTRL (Prop_bufgctrl_I0_O)
                                                      0.091    12.389 r  CLK0/inst/clkout1_buf/O
                         net (fo=1526, routed)        1.444    13.834    u_top_fsm/u_mouse_ctl/Inst_Ps2Interface/clk_65M
    SLICE_X38Y42         FDCE                                         r  u_top_fsm/u_mouse_ctl/Inst_Ps2Interface/FSM_onehot_state_reg[4]/C
                         clock pessimism              0.484    14.317    
                         clock uncertainty           -0.130    14.187    
    SLICE_X38Y42         FDCE (Recov_fdce_C_CLR)     -0.543    13.644    u_top_fsm/u_mouse_ctl/Inst_Ps2Interface/FSM_onehot_state_reg[4]
  -------------------------------------------------------------------
                         required time                         13.644    
                         arrival time                          -9.179    
  -------------------------------------------------------------------
                         slack                                  4.465    

Slack (MET) :             4.480ns  (required time - arrival time)
  Source:                 u_reset_sync/reset_distribution_reg_rep/C
                            (rising edge-triggered cell FDCE clocked by clk_out1_clk_wiz_0  {rise@0.000ns fall@7.692ns period=15.385ns})
  Destination:            u_top_fsm/u_mouse_ctl/FSM_onehot_state_reg[15]/CLR
                            (recovery check against rising-edge clock clk_out1_clk_wiz_0  {rise@0.000ns fall@7.692ns period=15.385ns})
  Path Group:             **async_default**
  Path Type:              Recovery (Max at Slow Process Corner)
  Requirement:            15.385ns  (clk_out1_clk_wiz_0 rise@15.385ns - clk_out1_clk_wiz_0 rise@0.000ns)
  Data Path Delay:        10.043ns  (logic 0.608ns (6.054%)  route 9.435ns (93.946%))
  Logic Levels:           1  (LUT1=1)
  Clock Path Skew:        -0.103ns (DCD - SCD + CPR)
    Destination Clock Delay (DCD):    -1.550ns = ( 13.835 - 15.385 ) 
    Source Clock Delay      (SCD):    -0.964ns
    Clock Pessimism Removal (CPR):    0.484ns
  Clock Uncertainty:      0.130ns  ((TSJ^2 + DJ^2)^1/2) / 2 + PE
    Total System Jitter     (TSJ):    0.071ns
    Discrete Jitter          (DJ):    0.251ns
    Phase Error              (PE):    0.000ns

    Location             Delay type                Incr(ns)  Path(ns)    Netlist Resource(s)
  -------------------------------------------------------------------    -------------------
                         (clock clk_out1_clk_wiz_0 rise edge)
                                                      0.000     0.000 r  
    W5                                                0.000     0.000 r  clk (IN)
                         net (fo=0)                   0.000     0.000    CLK0/inst/clk
    W5                   IBUF (Prop_ibuf_I_O)         1.458     1.458 r  CLK0/inst/clkin1_ibufg/O
                         net (fo=1, routed)           1.233     2.691    CLK0/inst/clk_in_clk_wiz_0
    MMCME2_ADV_X1Y0      MMCME2_ADV (Prop_mmcme2_adv_CLKIN1_CLKOUT0)
                                                     -6.961    -4.269 r  CLK0/inst/mmcm_adv_inst/CLKOUT0
                         net (fo=2, routed)           1.661    -2.608    CLK0/inst/clk_out1_clk_wiz_0
    BUFGCTRL_X0Y0        BUFGCTRL (Prop_bufgctrl_I0_O)
                                                      0.096    -2.512 r  CLK0/inst/clkout1_buf/O
                         net (fo=1526, routed)        1.548    -0.964    u_reset_sync/clk_65M
    SLICE_X32Y63         FDCE                                         r  u_reset_sync/reset_distribution_reg_rep/C
  -------------------------------------------------------------------    -------------------
    SLICE_X32Y63         FDCE (Prop_fdce_C_Q)         0.456    -0.508 r  u_reset_sync/reset_distribution_reg_rep/Q
                         net (fo=31, routed)          2.806     2.298    u_reset_sync/reset_distribution_reg_rep_0
    SLICE_X54Y84         LUT1 (Prop_lut1_I0_O)        0.152     2.450 f  u_reset_sync/FSM_onehot_state[16]_i_2/O
                         net (fo=840, routed)         6.629     9.079    u_top_fsm/u_mouse_ctl/p_0_in
    SLICE_X39Y46         FDCE                                         f  u_top_fsm/u_mouse_ctl/FSM_onehot_state_reg[15]/CLR
  -------------------------------------------------------------------    -------------------

                         (clock clk_out1_clk_wiz_0 rise edge)
                                                     15.385    15.385 r  
    W5                                                0.000    15.385 r  clk (IN)
                         net (fo=0)                   0.000    15.385    CLK0/inst/clk
    W5                   IBUF (Prop_ibuf_I_O)         1.388    16.773 r  CLK0/inst/clkin1_ibufg/O
                         net (fo=1, routed)           1.162    17.935    CLK0/inst/clk_in_clk_wiz_0
    MMCME2_ADV_X1Y0      MMCME2_ADV (Prop_mmcme2_adv_CLKIN1_CLKOUT0)
                                                     -7.217    10.717 r  CLK0/inst/mmcm_adv_inst/CLKOUT0
                         net (fo=2, routed)           1.581    12.298    CLK0/inst/clk_out1_clk_wiz_0
    BUFGCTRL_X0Y0        BUFGCTRL (Prop_bufgctrl_I0_O)
                                                      0.091    12.389 r  CLK0/inst/clkout1_buf/O
                         net (fo=1526, routed)        1.445    13.835    u_top_fsm/u_mouse_ctl/clk_65M
    SLICE_X39Y46         FDCE                                         r  u_top_fsm/u_mouse_ctl/FSM_onehot_state_reg[15]/C
                         clock pessimism              0.484    14.318    
                         clock uncertainty           -0.130    14.188    
    SLICE_X39Y46         FDCE (Recov_fdce_C_CLR)     -0.629    13.559    u_top_fsm/u_mouse_ctl/FSM_onehot_state_reg[15]
  -------------------------------------------------------------------
                         required time                         13.559    
                         arrival time                          -9.079    
  -------------------------------------------------------------------
                         slack                                  4.480    

Slack (MET) :             4.480ns  (required time - arrival time)
  Source:                 u_reset_sync/reset_distribution_reg_rep/C
                            (rising edge-triggered cell FDCE clocked by clk_out1_clk_wiz_0  {rise@0.000ns fall@7.692ns period=15.385ns})
  Destination:            u_top_fsm/u_mouse_ctl/FSM_onehot_state_reg[16]/CLR
                            (recovery check against rising-edge clock clk_out1_clk_wiz_0  {rise@0.000ns fall@7.692ns period=15.385ns})
  Path Group:             **async_default**
  Path Type:              Recovery (Max at Slow Process Corner)
  Requirement:            15.385ns  (clk_out1_clk_wiz_0 rise@15.385ns - clk_out1_clk_wiz_0 rise@0.000ns)
  Data Path Delay:        10.043ns  (logic 0.608ns (6.054%)  route 9.435ns (93.946%))
  Logic Levels:           1  (LUT1=1)
  Clock Path Skew:        -0.103ns (DCD - SCD + CPR)
    Destination Clock Delay (DCD):    -1.550ns = ( 13.835 - 15.385 ) 
    Source Clock Delay      (SCD):    -0.964ns
    Clock Pessimism Removal (CPR):    0.484ns
  Clock Uncertainty:      0.130ns  ((TSJ^2 + DJ^2)^1/2) / 2 + PE
    Total System Jitter     (TSJ):    0.071ns
    Discrete Jitter          (DJ):    0.251ns
    Phase Error              (PE):    0.000ns

    Location             Delay type                Incr(ns)  Path(ns)    Netlist Resource(s)
  -------------------------------------------------------------------    -------------------
                         (clock clk_out1_clk_wiz_0 rise edge)
                                                      0.000     0.000 r  
    W5                                                0.000     0.000 r  clk (IN)
                         net (fo=0)                   0.000     0.000    CLK0/inst/clk
    W5                   IBUF (Prop_ibuf_I_O)         1.458     1.458 r  CLK0/inst/clkin1_ibufg/O
                         net (fo=1, routed)           1.233     2.691    CLK0/inst/clk_in_clk_wiz_0
    MMCME2_ADV_X1Y0      MMCME2_ADV (Prop_mmcme2_adv_CLKIN1_CLKOUT0)
                                                     -6.961    -4.269 r  CLK0/inst/mmcm_adv_inst/CLKOUT0
                         net (fo=2, routed)           1.661    -2.608    CLK0/inst/clk_out1_clk_wiz_0
    BUFGCTRL_X0Y0        BUFGCTRL (Prop_bufgctrl_I0_O)
                                                      0.096    -2.512 r  CLK0/inst/clkout1_buf/O
                         net (fo=1526, routed)        1.548    -0.964    u_reset_sync/clk_65M
    SLICE_X32Y63         FDCE                                         r  u_reset_sync/reset_distribution_reg_rep/C
  -------------------------------------------------------------------    -------------------
    SLICE_X32Y63         FDCE (Prop_fdce_C_Q)         0.456    -0.508 r  u_reset_sync/reset_distribution_reg_rep/Q
                         net (fo=31, routed)          2.806     2.298    u_reset_sync/reset_distribution_reg_rep_0
    SLICE_X54Y84         LUT1 (Prop_lut1_I0_O)        0.152     2.450 f  u_reset_sync/FSM_onehot_state[16]_i_2/O
                         net (fo=840, routed)         6.629     9.079    u_top_fsm/u_mouse_ctl/p_0_in
    SLICE_X39Y46         FDCE                                         f  u_top_fsm/u_mouse_ctl/FSM_onehot_state_reg[16]/CLR
  -------------------------------------------------------------------    -------------------

                         (clock clk_out1_clk_wiz_0 rise edge)
                                                     15.385    15.385 r  
    W5                                                0.000    15.385 r  clk (IN)
                         net (fo=0)                   0.000    15.385    CLK0/inst/clk
    W5                   IBUF (Prop_ibuf_I_O)         1.388    16.773 r  CLK0/inst/clkin1_ibufg/O
                         net (fo=1, routed)           1.162    17.935    CLK0/inst/clk_in_clk_wiz_0
    MMCME2_ADV_X1Y0      MMCME2_ADV (Prop_mmcme2_adv_CLKIN1_CLKOUT0)
                                                     -7.217    10.717 r  CLK0/inst/mmcm_adv_inst/CLKOUT0
                         net (fo=2, routed)           1.581    12.298    CLK0/inst/clk_out1_clk_wiz_0
    BUFGCTRL_X0Y0        BUFGCTRL (Prop_bufgctrl_I0_O)
                                                      0.091    12.389 r  CLK0/inst/clkout1_buf/O
                         net (fo=1526, routed)        1.445    13.835    u_top_fsm/u_mouse_ctl/clk_65M
    SLICE_X39Y46         FDCE                                         r  u_top_fsm/u_mouse_ctl/FSM_onehot_state_reg[16]/C
                         clock pessimism              0.484    14.318    
                         clock uncertainty           -0.130    14.188    
    SLICE_X39Y46         FDCE (Recov_fdce_C_CLR)     -0.629    13.559    u_top_fsm/u_mouse_ctl/FSM_onehot_state_reg[16]
  -------------------------------------------------------------------
                         required time                         13.559    
                         arrival time                          -9.079    
  -------------------------------------------------------------------
                         slack                                  4.480    

Slack (MET) :             4.480ns  (required time - arrival time)
  Source:                 u_reset_sync/reset_distribution_reg_rep/C
                            (rising edge-triggered cell FDCE clocked by clk_out1_clk_wiz_0  {rise@0.000ns fall@7.692ns period=15.385ns})
  Destination:            u_top_fsm/u_mouse_ctl/FSM_onehot_state_reg[7]/CLR
                            (recovery check against rising-edge clock clk_out1_clk_wiz_0  {rise@0.000ns fall@7.692ns period=15.385ns})
  Path Group:             **async_default**
  Path Type:              Recovery (Max at Slow Process Corner)
  Requirement:            15.385ns  (clk_out1_clk_wiz_0 rise@15.385ns - clk_out1_clk_wiz_0 rise@0.000ns)
  Data Path Delay:        10.043ns  (logic 0.608ns (6.054%)  route 9.435ns (93.946%))
  Logic Levels:           1  (LUT1=1)
  Clock Path Skew:        -0.103ns (DCD - SCD + CPR)
    Destination Clock Delay (DCD):    -1.550ns = ( 13.835 - 15.385 ) 
    Source Clock Delay      (SCD):    -0.964ns
    Clock Pessimism Removal (CPR):    0.484ns
  Clock Uncertainty:      0.130ns  ((TSJ^2 + DJ^2)^1/2) / 2 + PE
    Total System Jitter     (TSJ):    0.071ns
    Discrete Jitter          (DJ):    0.251ns
    Phase Error              (PE):    0.000ns

    Location             Delay type                Incr(ns)  Path(ns)    Netlist Resource(s)
  -------------------------------------------------------------------    -------------------
                         (clock clk_out1_clk_wiz_0 rise edge)
                                                      0.000     0.000 r  
    W5                                                0.000     0.000 r  clk (IN)
                         net (fo=0)                   0.000     0.000    CLK0/inst/clk
    W5                   IBUF (Prop_ibuf_I_O)         1.458     1.458 r  CLK0/inst/clkin1_ibufg/O
                         net (fo=1, routed)           1.233     2.691    CLK0/inst/clk_in_clk_wiz_0
    MMCME2_ADV_X1Y0      MMCME2_ADV (Prop_mmcme2_adv_CLKIN1_CLKOUT0)
                                                     -6.961    -4.269 r  CLK0/inst/mmcm_adv_inst/CLKOUT0
                         net (fo=2, routed)           1.661    -2.608    CLK0/inst/clk_out1_clk_wiz_0
    BUFGCTRL_X0Y0        BUFGCTRL (Prop_bufgctrl_I0_O)
                                                      0.096    -2.512 r  CLK0/inst/clkout1_buf/O
                         net (fo=1526, routed)        1.548    -0.964    u_reset_sync/clk_65M
    SLICE_X32Y63         FDCE                                         r  u_reset_sync/reset_distribution_reg_rep/C
  -------------------------------------------------------------------    -------------------
    SLICE_X32Y63         FDCE (Prop_fdce_C_Q)         0.456    -0.508 r  u_reset_sync/reset_distribution_reg_rep/Q
                         net (fo=31, routed)          2.806     2.298    u_reset_sync/reset_distribution_reg_rep_0
    SLICE_X54Y84         LUT1 (Prop_lut1_I0_O)        0.152     2.450 f  u_reset_sync/FSM_onehot_state[16]_i_2/O
                         net (fo=840, routed)         6.629     9.079    u_top_fsm/u_mouse_ctl/p_0_in
    SLICE_X39Y46         FDCE                                         f  u_top_fsm/u_mouse_ctl/FSM_onehot_state_reg[7]/CLR
  -------------------------------------------------------------------    -------------------

                         (clock clk_out1_clk_wiz_0 rise edge)
                                                     15.385    15.385 r  
    W5                                                0.000    15.385 r  clk (IN)
                         net (fo=0)                   0.000    15.385    CLK0/inst/clk
    W5                   IBUF (Prop_ibuf_I_O)         1.388    16.773 r  CLK0/inst/clkin1_ibufg/O
                         net (fo=1, routed)           1.162    17.935    CLK0/inst/clk_in_clk_wiz_0
    MMCME2_ADV_X1Y0      MMCME2_ADV (Prop_mmcme2_adv_CLKIN1_CLKOUT0)
                                                     -7.217    10.717 r  CLK0/inst/mmcm_adv_inst/CLKOUT0
                         net (fo=2, routed)           1.581    12.298    CLK0/inst/clk_out1_clk_wiz_0
    BUFGCTRL_X0Y0        BUFGCTRL (Prop_bufgctrl_I0_O)
                                                      0.091    12.389 r  CLK0/inst/clkout1_buf/O
                         net (fo=1526, routed)        1.445    13.835    u_top_fsm/u_mouse_ctl/clk_65M
    SLICE_X39Y46         FDCE                                         r  u_top_fsm/u_mouse_ctl/FSM_onehot_state_reg[7]/C
                         clock pessimism              0.484    14.318    
                         clock uncertainty           -0.130    14.188    
    SLICE_X39Y46         FDCE (Recov_fdce_C_CLR)     -0.629    13.559    u_top_fsm/u_mouse_ctl/FSM_onehot_state_reg[7]
  -------------------------------------------------------------------
                         required time                         13.559    
                         arrival time                          -9.079    
  -------------------------------------------------------------------
                         slack                                  4.480    

Slack (MET) :             4.480ns  (required time - arrival time)
  Source:                 u_reset_sync/reset_distribution_reg_rep/C
                            (rising edge-triggered cell FDCE clocked by clk_out1_clk_wiz_0  {rise@0.000ns fall@7.692ns period=15.385ns})
  Destination:            u_top_fsm/u_mouse_ctl/FSM_onehot_state_reg[8]/CLR
                            (recovery check against rising-edge clock clk_out1_clk_wiz_0  {rise@0.000ns fall@7.692ns period=15.385ns})
  Path Group:             **async_default**
  Path Type:              Recovery (Max at Slow Process Corner)
  Requirement:            15.385ns  (clk_out1_clk_wiz_0 rise@15.385ns - clk_out1_clk_wiz_0 rise@0.000ns)
  Data Path Delay:        10.043ns  (logic 0.608ns (6.054%)  route 9.435ns (93.946%))
  Logic Levels:           1  (LUT1=1)
  Clock Path Skew:        -0.103ns (DCD - SCD + CPR)
    Destination Clock Delay (DCD):    -1.550ns = ( 13.835 - 15.385 ) 
    Source Clock Delay      (SCD):    -0.964ns
    Clock Pessimism Removal (CPR):    0.484ns
  Clock Uncertainty:      0.130ns  ((TSJ^2 + DJ^2)^1/2) / 2 + PE
    Total System Jitter     (TSJ):    0.071ns
    Discrete Jitter          (DJ):    0.251ns
    Phase Error              (PE):    0.000ns

    Location             Delay type                Incr(ns)  Path(ns)    Netlist Resource(s)
  -------------------------------------------------------------------    -------------------
                         (clock clk_out1_clk_wiz_0 rise edge)
                                                      0.000     0.000 r  
    W5                                                0.000     0.000 r  clk (IN)
                         net (fo=0)                   0.000     0.000    CLK0/inst/clk
    W5                   IBUF (Prop_ibuf_I_O)         1.458     1.458 r  CLK0/inst/clkin1_ibufg/O
                         net (fo=1, routed)           1.233     2.691    CLK0/inst/clk_in_clk_wiz_0
    MMCME2_ADV_X1Y0      MMCME2_ADV (Prop_mmcme2_adv_CLKIN1_CLKOUT0)
                                                     -6.961    -4.269 r  CLK0/inst/mmcm_adv_inst/CLKOUT0
                         net (fo=2, routed)           1.661    -2.608    CLK0/inst/clk_out1_clk_wiz_0
    BUFGCTRL_X0Y0        BUFGCTRL (Prop_bufgctrl_I0_O)
                                                      0.096    -2.512 r  CLK0/inst/clkout1_buf/O
                         net (fo=1526, routed)        1.548    -0.964    u_reset_sync/clk_65M
    SLICE_X32Y63         FDCE                                         r  u_reset_sync/reset_distribution_reg_rep/C
  -------------------------------------------------------------------    -------------------
    SLICE_X32Y63         FDCE (Prop_fdce_C_Q)         0.456    -0.508 r  u_reset_sync/reset_distribution_reg_rep/Q
                         net (fo=31, routed)          2.806     2.298    u_reset_sync/reset_distribution_reg_rep_0
    SLICE_X54Y84         LUT1 (Prop_lut1_I0_O)        0.152     2.450 f  u_reset_sync/FSM_onehot_state[16]_i_2/O
                         net (fo=840, routed)         6.629     9.079    u_top_fsm/u_mouse_ctl/p_0_in
    SLICE_X39Y46         FDCE                                         f  u_top_fsm/u_mouse_ctl/FSM_onehot_state_reg[8]/CLR
  -------------------------------------------------------------------    -------------------

                         (clock clk_out1_clk_wiz_0 rise edge)
                                                     15.385    15.385 r  
    W5                                                0.000    15.385 r  clk (IN)
                         net (fo=0)                   0.000    15.385    CLK0/inst/clk
    W5                   IBUF (Prop_ibuf_I_O)         1.388    16.773 r  CLK0/inst/clkin1_ibufg/O
                         net (fo=1, routed)           1.162    17.935    CLK0/inst/clk_in_clk_wiz_0
    MMCME2_ADV_X1Y0      MMCME2_ADV (Prop_mmcme2_adv_CLKIN1_CLKOUT0)
                                                     -7.217    10.717 r  CLK0/inst/mmcm_adv_inst/CLKOUT0
                         net (fo=2, routed)           1.581    12.298    CLK0/inst/clk_out1_clk_wiz_0
    BUFGCTRL_X0Y0        BUFGCTRL (Prop_bufgctrl_I0_O)
                                                      0.091    12.389 r  CLK0/inst/clkout1_buf/O
                         net (fo=1526, routed)        1.445    13.835    u_top_fsm/u_mouse_ctl/clk_65M
    SLICE_X39Y46         FDCE                                         r  u_top_fsm/u_mouse_ctl/FSM_onehot_state_reg[8]/C
                         clock pessimism              0.484    14.318    
                         clock uncertainty           -0.130    14.188    
    SLICE_X39Y46         FDCE (Recov_fdce_C_CLR)     -0.629    13.559    u_top_fsm/u_mouse_ctl/FSM_onehot_state_reg[8]
  -------------------------------------------------------------------
                         required time                         13.559    
                         arrival time                          -9.079    
  -------------------------------------------------------------------
                         slack                                  4.480    

Slack (MET) :             4.524ns  (required time - arrival time)
  Source:                 u_reset_sync/reset_distribution_reg_rep/C
                            (rising edge-triggered cell FDCE clocked by clk_out1_clk_wiz_0  {rise@0.000ns fall@7.692ns period=15.385ns})
  Destination:            u_top_fsm/u_mouse_ctl/FSM_onehot_state_reg[23]/CLR
                            (recovery check against rising-edge clock clk_out1_clk_wiz_0  {rise@0.000ns fall@7.692ns period=15.385ns})
  Path Group:             **async_default**
  Path Type:              Recovery (Max at Slow Process Corner)
  Requirement:            15.385ns  (clk_out1_clk_wiz_0 rise@15.385ns - clk_out1_clk_wiz_0 rise@0.000ns)
  Data Path Delay:        10.043ns  (logic 0.608ns (6.054%)  route 9.435ns (93.946%))
  Logic Levels:           1  (LUT1=1)
  Clock Path Skew:        -0.103ns (DCD - SCD + CPR)
    Destination Clock Delay (DCD):    -1.550ns = ( 13.835 - 15.385 ) 
    Source Clock Delay      (SCD):    -0.964ns
    Clock Pessimism Removal (CPR):    0.484ns
  Clock Uncertainty:      0.130ns  ((TSJ^2 + DJ^2)^1/2) / 2 + PE
    Total System Jitter     (TSJ):    0.071ns
    Discrete Jitter          (DJ):    0.251ns
    Phase Error              (PE):    0.000ns

    Location             Delay type                Incr(ns)  Path(ns)    Netlist Resource(s)
  -------------------------------------------------------------------    -------------------
                         (clock clk_out1_clk_wiz_0 rise edge)
                                                      0.000     0.000 r  
    W5                                                0.000     0.000 r  clk (IN)
                         net (fo=0)                   0.000     0.000    CLK0/inst/clk
    W5                   IBUF (Prop_ibuf_I_O)         1.458     1.458 r  CLK0/inst/clkin1_ibufg/O
                         net (fo=1, routed)           1.233     2.691    CLK0/inst/clk_in_clk_wiz_0
    MMCME2_ADV_X1Y0      MMCME2_ADV (Prop_mmcme2_adv_CLKIN1_CLKOUT0)
                                                     -6.961    -4.269 r  CLK0/inst/mmcm_adv_inst/CLKOUT0
                         net (fo=2, routed)           1.661    -2.608    CLK0/inst/clk_out1_clk_wiz_0
    BUFGCTRL_X0Y0        BUFGCTRL (Prop_bufgctrl_I0_O)
                                                      0.096    -2.512 r  CLK0/inst/clkout1_buf/O
                         net (fo=1526, routed)        1.548    -0.964    u_reset_sync/clk_65M
    SLICE_X32Y63         FDCE                                         r  u_reset_sync/reset_distribution_reg_rep/C
  -------------------------------------------------------------------    -------------------
    SLICE_X32Y63         FDCE (Prop_fdce_C_Q)         0.456    -0.508 r  u_reset_sync/reset_distribution_reg_rep/Q
                         net (fo=31, routed)          2.806     2.298    u_reset_sync/reset_distribution_reg_rep_0
    SLICE_X54Y84         LUT1 (Prop_lut1_I0_O)        0.152     2.450 f  u_reset_sync/FSM_onehot_state[16]_i_2/O
                         net (fo=840, routed)         6.629     9.079    u_top_fsm/u_mouse_ctl/p_0_in
    SLICE_X38Y46         FDCE                                         f  u_top_fsm/u_mouse_ctl/FSM_onehot_state_reg[23]/CLR
  -------------------------------------------------------------------    -------------------

                         (clock clk_out1_clk_wiz_0 rise edge)
                                                     15.385    15.385 r  
    W5                                                0.000    15.385 r  clk (IN)
                         net (fo=0)                   0.000    15.385    CLK0/inst/clk
    W5                   IBUF (Prop_ibuf_I_O)         1.388    16.773 r  CLK0/inst/clkin1_ibufg/O
                         net (fo=1, routed)           1.162    17.935    CLK0/inst/clk_in_clk_wiz_0
    MMCME2_ADV_X1Y0      MMCME2_ADV (Prop_mmcme2_adv_CLKIN1_CLKOUT0)
                                                     -7.217    10.717 r  CLK0/inst/mmcm_adv_inst/CLKOUT0
                         net (fo=2, routed)           1.581    12.298    CLK0/inst/clk_out1_clk_wiz_0
    BUFGCTRL_X0Y0        BUFGCTRL (Prop_bufgctrl_I0_O)
                                                      0.091    12.389 r  CLK0/inst/clkout1_buf/O
                         net (fo=1526, routed)        1.445    13.835    u_top_fsm/u_mouse_ctl/clk_65M
    SLICE_X38Y46         FDCE                                         r  u_top_fsm/u_mouse_ctl/FSM_onehot_state_reg[23]/C
                         clock pessimism              0.484    14.318    
                         clock uncertainty           -0.130    14.188    
    SLICE_X38Y46         FDCE (Recov_fdce_C_CLR)     -0.585    13.603    u_top_fsm/u_mouse_ctl/FSM_onehot_state_reg[23]
  -------------------------------------------------------------------
                         required time                         13.603    
                         arrival time                          -9.079    
  -------------------------------------------------------------------
                         slack                                  4.524    

Slack (MET) :             4.524ns  (required time - arrival time)
  Source:                 u_reset_sync/reset_distribution_reg_rep/C
                            (rising edge-triggered cell FDCE clocked by clk_out1_clk_wiz_0  {rise@0.000ns fall@7.692ns period=15.385ns})
  Destination:            u_top_fsm/u_mouse_ctl/FSM_onehot_state_reg[27]/CLR
                            (recovery check against rising-edge clock clk_out1_clk_wiz_0  {rise@0.000ns fall@7.692ns period=15.385ns})
  Path Group:             **async_default**
  Path Type:              Recovery (Max at Slow Process Corner)
  Requirement:            15.385ns  (clk_out1_clk_wiz_0 rise@15.385ns - clk_out1_clk_wiz_0 rise@0.000ns)
  Data Path Delay:        10.043ns  (logic 0.608ns (6.054%)  route 9.435ns (93.946%))
  Logic Levels:           1  (LUT1=1)
  Clock Path Skew:        -0.103ns (DCD - SCD + CPR)
    Destination Clock Delay (DCD):    -1.550ns = ( 13.835 - 15.385 ) 
    Source Clock Delay      (SCD):    -0.964ns
    Clock Pessimism Removal (CPR):    0.484ns
  Clock Uncertainty:      0.130ns  ((TSJ^2 + DJ^2)^1/2) / 2 + PE
    Total System Jitter     (TSJ):    0.071ns
    Discrete Jitter          (DJ):    0.251ns
    Phase Error              (PE):    0.000ns

    Location             Delay type                Incr(ns)  Path(ns)    Netlist Resource(s)
  -------------------------------------------------------------------    -------------------
                         (clock clk_out1_clk_wiz_0 rise edge)
                                                      0.000     0.000 r  
    W5                                                0.000     0.000 r  clk (IN)
                         net (fo=0)                   0.000     0.000    CLK0/inst/clk
    W5                   IBUF (Prop_ibuf_I_O)         1.458     1.458 r  CLK0/inst/clkin1_ibufg/O
                         net (fo=1, routed)           1.233     2.691    CLK0/inst/clk_in_clk_wiz_0
    MMCME2_ADV_X1Y0      MMCME2_ADV (Prop_mmcme2_adv_CLKIN1_CLKOUT0)
                                                     -6.961    -4.269 r  CLK0/inst/mmcm_adv_inst/CLKOUT0
                         net (fo=2, routed)           1.661    -2.608    CLK0/inst/clk_out1_clk_wiz_0
    BUFGCTRL_X0Y0        BUFGCTRL (Prop_bufgctrl_I0_O)
                                                      0.096    -2.512 r  CLK0/inst/clkout1_buf/O
                         net (fo=1526, routed)        1.548    -0.964    u_reset_sync/clk_65M
    SLICE_X32Y63         FDCE                                         r  u_reset_sync/reset_distribution_reg_rep/C
  -------------------------------------------------------------------    -------------------
    SLICE_X32Y63         FDCE (Prop_fdce_C_Q)         0.456    -0.508 r  u_reset_sync/reset_distribution_reg_rep/Q
                         net (fo=31, routed)          2.806     2.298    u_reset_sync/reset_distribution_reg_rep_0
    SLICE_X54Y84         LUT1 (Prop_lut1_I0_O)        0.152     2.450 f  u_reset_sync/FSM_onehot_state[16]_i_2/O
                         net (fo=840, routed)         6.629     9.079    u_top_fsm/u_mouse_ctl/p_0_in
    SLICE_X38Y46         FDCE                                         f  u_top_fsm/u_mouse_ctl/FSM_onehot_state_reg[27]/CLR
  -------------------------------------------------------------------    -------------------

                         (clock clk_out1_clk_wiz_0 rise edge)
                                                     15.385    15.385 r  
    W5                                                0.000    15.385 r  clk (IN)
                         net (fo=0)                   0.000    15.385    CLK0/inst/clk
    W5                   IBUF (Prop_ibuf_I_O)         1.388    16.773 r  CLK0/inst/clkin1_ibufg/O
                         net (fo=1, routed)           1.162    17.935    CLK0/inst/clk_in_clk_wiz_0
    MMCME2_ADV_X1Y0      MMCME2_ADV (Prop_mmcme2_adv_CLKIN1_CLKOUT0)
                                                     -7.217    10.717 r  CLK0/inst/mmcm_adv_inst/CLKOUT0
                         net (fo=2, routed)           1.581    12.298    CLK0/inst/clk_out1_clk_wiz_0
    BUFGCTRL_X0Y0        BUFGCTRL (Prop_bufgctrl_I0_O)
                                                      0.091    12.389 r  CLK0/inst/clkout1_buf/O
                         net (fo=1526, routed)        1.445    13.835    u_top_fsm/u_mouse_ctl/clk_65M
    SLICE_X38Y46         FDCE                                         r  u_top_fsm/u_mouse_ctl/FSM_onehot_state_reg[27]/C
                         clock pessimism              0.484    14.318    
                         clock uncertainty           -0.130    14.188    
    SLICE_X38Y46         FDCE (Recov_fdce_C_CLR)     -0.585    13.603    u_top_fsm/u_mouse_ctl/FSM_onehot_state_reg[27]
  -------------------------------------------------------------------
                         required time                         13.603    
                         arrival time                          -9.079    
  -------------------------------------------------------------------
                         slack                                  4.524    

Slack (MET) :             4.524ns  (required time - arrival time)
  Source:                 u_reset_sync/reset_distribution_reg_rep/C
                            (rising edge-triggered cell FDCE clocked by clk_out1_clk_wiz_0  {rise@0.000ns fall@7.692ns period=15.385ns})
  Destination:            u_top_fsm/u_mouse_ctl/FSM_onehot_state_reg[9]/CLR
                            (recovery check against rising-edge clock clk_out1_clk_wiz_0  {rise@0.000ns fall@7.692ns period=15.385ns})
  Path Group:             **async_default**
  Path Type:              Recovery (Max at Slow Process Corner)
  Requirement:            15.385ns  (clk_out1_clk_wiz_0 rise@15.385ns - clk_out1_clk_wiz_0 rise@0.000ns)
  Data Path Delay:        10.043ns  (logic 0.608ns (6.054%)  route 9.435ns (93.946%))
  Logic Levels:           1  (LUT1=1)
  Clock Path Skew:        -0.103ns (DCD - SCD + CPR)
    Destination Clock Delay (DCD):    -1.550ns = ( 13.835 - 15.385 ) 
    Source Clock Delay      (SCD):    -0.964ns
    Clock Pessimism Removal (CPR):    0.484ns
  Clock Uncertainty:      0.130ns  ((TSJ^2 + DJ^2)^1/2) / 2 + PE
    Total System Jitter     (TSJ):    0.071ns
    Discrete Jitter          (DJ):    0.251ns
    Phase Error              (PE):    0.000ns

    Location             Delay type                Incr(ns)  Path(ns)    Netlist Resource(s)
  -------------------------------------------------------------------    -------------------
                         (clock clk_out1_clk_wiz_0 rise edge)
                                                      0.000     0.000 r  
    W5                                                0.000     0.000 r  clk (IN)
                         net (fo=0)                   0.000     0.000    CLK0/inst/clk
    W5                   IBUF (Prop_ibuf_I_O)         1.458     1.458 r  CLK0/inst/clkin1_ibufg/O
                         net (fo=1, routed)           1.233     2.691    CLK0/inst/clk_in_clk_wiz_0
    MMCME2_ADV_X1Y0      MMCME2_ADV (Prop_mmcme2_adv_CLKIN1_CLKOUT0)
                                                     -6.961    -4.269 r  CLK0/inst/mmcm_adv_inst/CLKOUT0
                         net (fo=2, routed)           1.661    -2.608    CLK0/inst/clk_out1_clk_wiz_0
    BUFGCTRL_X0Y0        BUFGCTRL (Prop_bufgctrl_I0_O)
                                                      0.096    -2.512 r  CLK0/inst/clkout1_buf/O
                         net (fo=1526, routed)        1.548    -0.964    u_reset_sync/clk_65M
    SLICE_X32Y63         FDCE                                         r  u_reset_sync/reset_distribution_reg_rep/C
  -------------------------------------------------------------------    -------------------
    SLICE_X32Y63         FDCE (Prop_fdce_C_Q)         0.456    -0.508 r  u_reset_sync/reset_distribution_reg_rep/Q
                         net (fo=31, routed)          2.806     2.298    u_reset_sync/reset_distribution_reg_rep_0
    SLICE_X54Y84         LUT1 (Prop_lut1_I0_O)        0.152     2.450 f  u_reset_sync/FSM_onehot_state[16]_i_2/O
                         net (fo=840, routed)         6.629     9.079    u_top_fsm/u_mouse_ctl/p_0_in
    SLICE_X38Y46         FDCE                                         f  u_top_fsm/u_mouse_ctl/FSM_onehot_state_reg[9]/CLR
  -------------------------------------------------------------------    -------------------

                         (clock clk_out1_clk_wiz_0 rise edge)
                                                     15.385    15.385 r  
    W5                                                0.000    15.385 r  clk (IN)
                         net (fo=0)                   0.000    15.385    CLK0/inst/clk
    W5                   IBUF (Prop_ibuf_I_O)         1.388    16.773 r  CLK0/inst/clkin1_ibufg/O
                         net (fo=1, routed)           1.162    17.935    CLK0/inst/clk_in_clk_wiz_0
    MMCME2_ADV_X1Y0      MMCME2_ADV (Prop_mmcme2_adv_CLKIN1_CLKOUT0)
                                                     -7.217    10.717 r  CLK0/inst/mmcm_adv_inst/CLKOUT0
                         net (fo=2, routed)           1.581    12.298    CLK0/inst/clk_out1_clk_wiz_0
    BUFGCTRL_X0Y0        BUFGCTRL (Prop_bufgctrl_I0_O)
                                                      0.091    12.389 r  CLK0/inst/clkout1_buf/O
                         net (fo=1526, routed)        1.445    13.835    u_top_fsm/u_mouse_ctl/clk_65M
    SLICE_X38Y46         FDCE                                         r  u_top_fsm/u_mouse_ctl/FSM_onehot_state_reg[9]/C
                         clock pessimism              0.484    14.318    
                         clock uncertainty           -0.130    14.188    
    SLICE_X38Y46         FDCE (Recov_fdce_C_CLR)     -0.585    13.603    u_top_fsm/u_mouse_ctl/FSM_onehot_state_reg[9]
  -------------------------------------------------------------------
                         required time                         13.603    
                         arrival time                          -9.079    
  -------------------------------------------------------------------
                         slack                                  4.524    

Slack (MET) :             4.566ns  (required time - arrival time)
  Source:                 u_reset_sync/reset_distribution_reg_rep/C
                            (rising edge-triggered cell FDCE clocked by clk_out1_clk_wiz_0  {rise@0.000ns fall@7.692ns period=15.385ns})
  Destination:            u_top_fsm/u_mouse_ctl/FSM_onehot_state_reg[10]/CLR
                            (recovery check against rising-edge clock clk_out1_clk_wiz_0  {rise@0.000ns fall@7.692ns period=15.385ns})
  Path Group:             **async_default**
  Path Type:              Recovery (Max at Slow Process Corner)
  Requirement:            15.385ns  (clk_out1_clk_wiz_0 rise@15.385ns - clk_out1_clk_wiz_0 rise@0.000ns)
  Data Path Delay:        10.043ns  (logic 0.608ns (6.054%)  route 9.435ns (93.946%))
  Logic Levels:           1  (LUT1=1)
  Clock Path Skew:        -0.103ns (DCD - SCD + CPR)
    Destination Clock Delay (DCD):    -1.550ns = ( 13.835 - 15.385 ) 
    Source Clock Delay      (SCD):    -0.964ns
    Clock Pessimism Removal (CPR):    0.484ns
  Clock Uncertainty:      0.130ns  ((TSJ^2 + DJ^2)^1/2) / 2 + PE
    Total System Jitter     (TSJ):    0.071ns
    Discrete Jitter          (DJ):    0.251ns
    Phase Error              (PE):    0.000ns

    Location             Delay type                Incr(ns)  Path(ns)    Netlist Resource(s)
  -------------------------------------------------------------------    -------------------
                         (clock clk_out1_clk_wiz_0 rise edge)
                                                      0.000     0.000 r  
    W5                                                0.000     0.000 r  clk (IN)
                         net (fo=0)                   0.000     0.000    CLK0/inst/clk
    W5                   IBUF (Prop_ibuf_I_O)         1.458     1.458 r  CLK0/inst/clkin1_ibufg/O
                         net (fo=1, routed)           1.233     2.691    CLK0/inst/clk_in_clk_wiz_0
    MMCME2_ADV_X1Y0      MMCME2_ADV (Prop_mmcme2_adv_CLKIN1_CLKOUT0)
                                                     -6.961    -4.269 r  CLK0/inst/mmcm_adv_inst/CLKOUT0
                         net (fo=2, routed)           1.661    -2.608    CLK0/inst/clk_out1_clk_wiz_0
    BUFGCTRL_X0Y0        BUFGCTRL (Prop_bufgctrl_I0_O)
                                                      0.096    -2.512 r  CLK0/inst/clkout1_buf/O
                         net (fo=1526, routed)        1.548    -0.964    u_reset_sync/clk_65M
    SLICE_X32Y63         FDCE                                         r  u_reset_sync/reset_distribution_reg_rep/C
  -------------------------------------------------------------------    -------------------
    SLICE_X32Y63         FDCE (Prop_fdce_C_Q)         0.456    -0.508 r  u_reset_sync/reset_distribution_reg_rep/Q
                         net (fo=31, routed)          2.806     2.298    u_reset_sync/reset_distribution_reg_rep_0
    SLICE_X54Y84         LUT1 (Prop_lut1_I0_O)        0.152     2.450 f  u_reset_sync/FSM_onehot_state[16]_i_2/O
                         net (fo=840, routed)         6.629     9.079    u_top_fsm/u_mouse_ctl/p_0_in
    SLICE_X38Y46         FDCE                                         f  u_top_fsm/u_mouse_ctl/FSM_onehot_state_reg[10]/CLR
  -------------------------------------------------------------------    -------------------

                         (clock clk_out1_clk_wiz_0 rise edge)
                                                     15.385    15.385 r  
    W5                                                0.000    15.385 r  clk (IN)
                         net (fo=0)                   0.000    15.385    CLK0/inst/clk
    W5                   IBUF (Prop_ibuf_I_O)         1.388    16.773 r  CLK0/inst/clkin1_ibufg/O
                         net (fo=1, routed)           1.162    17.935    CLK0/inst/clk_in_clk_wiz_0
    MMCME2_ADV_X1Y0      MMCME2_ADV (Prop_mmcme2_adv_CLKIN1_CLKOUT0)
                                                     -7.217    10.717 r  CLK0/inst/mmcm_adv_inst/CLKOUT0
                         net (fo=2, routed)           1.581    12.298    CLK0/inst/clk_out1_clk_wiz_0
    BUFGCTRL_X0Y0        BUFGCTRL (Prop_bufgctrl_I0_O)
                                                      0.091    12.389 r  CLK0/inst/clkout1_buf/O
                         net (fo=1526, routed)        1.445    13.835    u_top_fsm/u_mouse_ctl/clk_65M
    SLICE_X38Y46         FDCE                                         r  u_top_fsm/u_mouse_ctl/FSM_onehot_state_reg[10]/C
                         clock pessimism              0.484    14.318    
                         clock uncertainty           -0.130    14.188    
    SLICE_X38Y46         FDCE (Recov_fdce_C_CLR)     -0.543    13.645    u_top_fsm/u_mouse_ctl/FSM_onehot_state_reg[10]
  -------------------------------------------------------------------
                         required time                         13.645    
                         arrival time                          -9.079    
  -------------------------------------------------------------------
                         slack                                  4.566    

Slack (MET) :             4.566ns  (required time - arrival time)
  Source:                 u_reset_sync/reset_distribution_reg_rep/C
                            (rising edge-triggered cell FDCE clocked by clk_out1_clk_wiz_0  {rise@0.000ns fall@7.692ns period=15.385ns})
  Destination:            u_top_fsm/u_mouse_ctl/FSM_onehot_state_reg[22]/CLR
                            (recovery check against rising-edge clock clk_out1_clk_wiz_0  {rise@0.000ns fall@7.692ns period=15.385ns})
  Path Group:             **async_default**
  Path Type:              Recovery (Max at Slow Process Corner)
  Requirement:            15.385ns  (clk_out1_clk_wiz_0 rise@15.385ns - clk_out1_clk_wiz_0 rise@0.000ns)
  Data Path Delay:        10.043ns  (logic 0.608ns (6.054%)  route 9.435ns (93.946%))
  Logic Levels:           1  (LUT1=1)
  Clock Path Skew:        -0.103ns (DCD - SCD + CPR)
    Destination Clock Delay (DCD):    -1.550ns = ( 13.835 - 15.385 ) 
    Source Clock Delay      (SCD):    -0.964ns
    Clock Pessimism Removal (CPR):    0.484ns
  Clock Uncertainty:      0.130ns  ((TSJ^2 + DJ^2)^1/2) / 2 + PE
    Total System Jitter     (TSJ):    0.071ns
    Discrete Jitter          (DJ):    0.251ns
    Phase Error              (PE):    0.000ns

    Location             Delay type                Incr(ns)  Path(ns)    Netlist Resource(s)
  -------------------------------------------------------------------    -------------------
                         (clock clk_out1_clk_wiz_0 rise edge)
                                                      0.000     0.000 r  
    W5                                                0.000     0.000 r  clk (IN)
                         net (fo=0)                   0.000     0.000    CLK0/inst/clk
    W5                   IBUF (Prop_ibuf_I_O)         1.458     1.458 r  CLK0/inst/clkin1_ibufg/O
                         net (fo=1, routed)           1.233     2.691    CLK0/inst/clk_in_clk_wiz_0
    MMCME2_ADV_X1Y0      MMCME2_ADV (Prop_mmcme2_adv_CLKIN1_CLKOUT0)
                                                     -6.961    -4.269 r  CLK0/inst/mmcm_adv_inst/CLKOUT0
                         net (fo=2, routed)           1.661    -2.608    CLK0/inst/clk_out1_clk_wiz_0
    BUFGCTRL_X0Y0        BUFGCTRL (Prop_bufgctrl_I0_O)
                                                      0.096    -2.512 r  CLK0/inst/clkout1_buf/O
                         net (fo=1526, routed)        1.548    -0.964    u_reset_sync/clk_65M
    SLICE_X32Y63         FDCE                                         r  u_reset_sync/reset_distribution_reg_rep/C
  -------------------------------------------------------------------    -------------------
    SLICE_X32Y63         FDCE (Prop_fdce_C_Q)         0.456    -0.508 r  u_reset_sync/reset_distribution_reg_rep/Q
                         net (fo=31, routed)          2.806     2.298    u_reset_sync/reset_distribution_reg_rep_0
    SLICE_X54Y84         LUT1 (Prop_lut1_I0_O)        0.152     2.450 f  u_reset_sync/FSM_onehot_state[16]_i_2/O
                         net (fo=840, routed)         6.629     9.079    u_top_fsm/u_mouse_ctl/p_0_in
    SLICE_X38Y46         FDCE                                         f  u_top_fsm/u_mouse_ctl/FSM_onehot_state_reg[22]/CLR
  -------------------------------------------------------------------    -------------------

                         (clock clk_out1_clk_wiz_0 rise edge)
                                                     15.385    15.385 r  
    W5                                                0.000    15.385 r  clk (IN)
                         net (fo=0)                   0.000    15.385    CLK0/inst/clk
    W5                   IBUF (Prop_ibuf_I_O)         1.388    16.773 r  CLK0/inst/clkin1_ibufg/O
                         net (fo=1, routed)           1.162    17.935    CLK0/inst/clk_in_clk_wiz_0
    MMCME2_ADV_X1Y0      MMCME2_ADV (Prop_mmcme2_adv_CLKIN1_CLKOUT0)
                                                     -7.217    10.717 r  CLK0/inst/mmcm_adv_inst/CLKOUT0
                         net (fo=2, routed)           1.581    12.298    CLK0/inst/clk_out1_clk_wiz_0
    BUFGCTRL_X0Y0        BUFGCTRL (Prop_bufgctrl_I0_O)
                                                      0.091    12.389 r  CLK0/inst/clkout1_buf/O
                         net (fo=1526, routed)        1.445    13.835    u_top_fsm/u_mouse_ctl/clk_65M
    SLICE_X38Y46         FDCE                                         r  u_top_fsm/u_mouse_ctl/FSM_onehot_state_reg[22]/C
                         clock pessimism              0.484    14.318    
                         clock uncertainty           -0.130    14.188    
    SLICE_X38Y46         FDCE (Recov_fdce_C_CLR)     -0.543    13.645    u_top_fsm/u_mouse_ctl/FSM_onehot_state_reg[22]
  -------------------------------------------------------------------
                         required time                         13.645    
                         arrival time                          -9.079    
  -------------------------------------------------------------------
                         slack                                  4.566    

Slack (MET) :             4.566ns  (required time - arrival time)
  Source:                 u_reset_sync/reset_distribution_reg_rep/C
                            (rising edge-triggered cell FDCE clocked by clk_out1_clk_wiz_0  {rise@0.000ns fall@7.692ns period=15.385ns})
  Destination:            u_top_fsm/u_mouse_ctl/FSM_onehot_state_reg[26]/CLR
                            (recovery check against rising-edge clock clk_out1_clk_wiz_0  {rise@0.000ns fall@7.692ns period=15.385ns})
  Path Group:             **async_default**
  Path Type:              Recovery (Max at Slow Process Corner)
  Requirement:            15.385ns  (clk_out1_clk_wiz_0 rise@15.385ns - clk_out1_clk_wiz_0 rise@0.000ns)
  Data Path Delay:        10.043ns  (logic 0.608ns (6.054%)  route 9.435ns (93.946%))
  Logic Levels:           1  (LUT1=1)
  Clock Path Skew:        -0.103ns (DCD - SCD + CPR)
    Destination Clock Delay (DCD):    -1.550ns = ( 13.835 - 15.385 ) 
    Source Clock Delay      (SCD):    -0.964ns
    Clock Pessimism Removal (CPR):    0.484ns
  Clock Uncertainty:      0.130ns  ((TSJ^2 + DJ^2)^1/2) / 2 + PE
    Total System Jitter     (TSJ):    0.071ns
    Discrete Jitter          (DJ):    0.251ns
    Phase Error              (PE):    0.000ns

    Location             Delay type                Incr(ns)  Path(ns)    Netlist Resource(s)
  -------------------------------------------------------------------    -------------------
                         (clock clk_out1_clk_wiz_0 rise edge)
                                                      0.000     0.000 r  
    W5                                                0.000     0.000 r  clk (IN)
                         net (fo=0)                   0.000     0.000    CLK0/inst/clk
    W5                   IBUF (Prop_ibuf_I_O)         1.458     1.458 r  CLK0/inst/clkin1_ibufg/O
                         net (fo=1, routed)           1.233     2.691    CLK0/inst/clk_in_clk_wiz_0
    MMCME2_ADV_X1Y0      MMCME2_ADV (Prop_mmcme2_adv_CLKIN1_CLKOUT0)
                                                     -6.961    -4.269 r  CLK0/inst/mmcm_adv_inst/CLKOUT0
                         net (fo=2, routed)           1.661    -2.608    CLK0/inst/clk_out1_clk_wiz_0
    BUFGCTRL_X0Y0        BUFGCTRL (Prop_bufgctrl_I0_O)
                                                      0.096    -2.512 r  CLK0/inst/clkout1_buf/O
                         net (fo=1526, routed)        1.548    -0.964    u_reset_sync/clk_65M
    SLICE_X32Y63         FDCE                                         r  u_reset_sync/reset_distribution_reg_rep/C
  -------------------------------------------------------------------    -------------------
    SLICE_X32Y63         FDCE (Prop_fdce_C_Q)         0.456    -0.508 r  u_reset_sync/reset_distribution_reg_rep/Q
                         net (fo=31, routed)          2.806     2.298    u_reset_sync/reset_distribution_reg_rep_0
    SLICE_X54Y84         LUT1 (Prop_lut1_I0_O)        0.152     2.450 f  u_reset_sync/FSM_onehot_state[16]_i_2/O
                         net (fo=840, routed)         6.629     9.079    u_top_fsm/u_mouse_ctl/p_0_in
    SLICE_X38Y46         FDCE                                         f  u_top_fsm/u_mouse_ctl/FSM_onehot_state_reg[26]/CLR
  -------------------------------------------------------------------    -------------------

                         (clock clk_out1_clk_wiz_0 rise edge)
                                                     15.385    15.385 r  
    W5                                                0.000    15.385 r  clk (IN)
                         net (fo=0)                   0.000    15.385    CLK0/inst/clk
    W5                   IBUF (Prop_ibuf_I_O)         1.388    16.773 r  CLK0/inst/clkin1_ibufg/O
                         net (fo=1, routed)           1.162    17.935    CLK0/inst/clk_in_clk_wiz_0
    MMCME2_ADV_X1Y0      MMCME2_ADV (Prop_mmcme2_adv_CLKIN1_CLKOUT0)
                                                     -7.217    10.717 r  CLK0/inst/mmcm_adv_inst/CLKOUT0
                         net (fo=2, routed)           1.581    12.298    CLK0/inst/clk_out1_clk_wiz_0
    BUFGCTRL_X0Y0        BUFGCTRL (Prop_bufgctrl_I0_O)
                                                      0.091    12.389 r  CLK0/inst/clkout1_buf/O
                         net (fo=1526, routed)        1.445    13.835    u_top_fsm/u_mouse_ctl/clk_65M
    SLICE_X38Y46         FDCE                                         r  u_top_fsm/u_mouse_ctl/FSM_onehot_state_reg[26]/C
                         clock pessimism              0.484    14.318    
                         clock uncertainty           -0.130    14.188    
    SLICE_X38Y46         FDCE (Recov_fdce_C_CLR)     -0.543    13.645    u_top_fsm/u_mouse_ctl/FSM_onehot_state_reg[26]
  -------------------------------------------------------------------
                         required time                         13.645    
                         arrival time                          -9.079    
  -------------------------------------------------------------------
                         slack                                  4.566    

Slack (MET) :             4.672ns  (required time - arrival time)
  Source:                 u_reset_sync/reset_distribution_reg_rep/C
                            (rising edge-triggered cell FDCE clocked by clk_out1_clk_wiz_0  {rise@0.000ns fall@7.692ns period=15.385ns})
  Destination:            u_top_fsm/u_mouse_ctl/Inst_Ps2Interface/FSM_onehot_state_reg[15]/CLR
                            (recovery check against rising-edge clock clk_out1_clk_wiz_0  {rise@0.000ns fall@7.692ns period=15.385ns})
  Path Group:             **async_default**
  Path Type:              Recovery (Max at Slow Process Corner)
  Requirement:            15.385ns  (clk_out1_clk_wiz_0 rise@15.385ns - clk_out1_clk_wiz_0 rise@0.000ns)
  Data Path Delay:        9.895ns  (logic 0.608ns (6.144%)  route 9.287ns (93.856%))
  Logic Levels:           1  (LUT1=1)
  Clock Path Skew:        -0.103ns (DCD - SCD + CPR)
    Destination Clock Delay (DCD):    -1.550ns = ( 13.835 - 15.385 ) 
    Source Clock Delay      (SCD):    -0.964ns
    Clock Pessimism Removal (CPR):    0.484ns
  Clock Uncertainty:      0.130ns  ((TSJ^2 + DJ^2)^1/2) / 2 + PE
    Total System Jitter     (TSJ):    0.071ns
    Discrete Jitter          (DJ):    0.251ns
    Phase Error              (PE):    0.000ns

    Location             Delay type                Incr(ns)  Path(ns)    Netlist Resource(s)
  -------------------------------------------------------------------    -------------------
                         (clock clk_out1_clk_wiz_0 rise edge)
                                                      0.000     0.000 r  
    W5                                                0.000     0.000 r  clk (IN)
                         net (fo=0)                   0.000     0.000    CLK0/inst/clk
    W5                   IBUF (Prop_ibuf_I_O)         1.458     1.458 r  CLK0/inst/clkin1_ibufg/O
                         net (fo=1, routed)           1.233     2.691    CLK0/inst/clk_in_clk_wiz_0
    MMCME2_ADV_X1Y0      MMCME2_ADV (Prop_mmcme2_adv_CLKIN1_CLKOUT0)
                                                     -6.961    -4.269 r  CLK0/inst/mmcm_adv_inst/CLKOUT0
                         net (fo=2, routed)           1.661    -2.608    CLK0/inst/clk_out1_clk_wiz_0
    BUFGCTRL_X0Y0        BUFGCTRL (Prop_bufgctrl_I0_O)
                                                      0.096    -2.512 r  CLK0/inst/clkout1_buf/O
                         net (fo=1526, routed)        1.548    -0.964    u_reset_sync/clk_65M
    SLICE_X32Y63         FDCE                                         r  u_reset_sync/reset_distribution_reg_rep/C
  -------------------------------------------------------------------    -------------------
    SLICE_X32Y63         FDCE (Prop_fdce_C_Q)         0.456    -0.508 r  u_reset_sync/reset_distribution_reg_rep/Q
                         net (fo=31, routed)          2.806     2.298    u_reset_sync/reset_distribution_reg_rep_0
    SLICE_X54Y84         LUT1 (Prop_lut1_I0_O)        0.152     2.450 f  u_reset_sync/FSM_onehot_state[16]_i_2/O
                         net (fo=840, routed)         6.481     8.931    u_top_fsm/u_mouse_ctl/Inst_Ps2Interface/p_0_in
    SLICE_X38Y43         FDCE                                         f  u_top_fsm/u_mouse_ctl/Inst_Ps2Interface/FSM_onehot_state_reg[15]/CLR
  -------------------------------------------------------------------    -------------------

                         (clock clk_out1_clk_wiz_0 rise edge)
                                                     15.385    15.385 r  
    W5                                                0.000    15.385 r  clk (IN)
                         net (fo=0)                   0.000    15.385    CLK0/inst/clk
    W5                   IBUF (Prop_ibuf_I_O)         1.388    16.773 r  CLK0/inst/clkin1_ibufg/O
                         net (fo=1, routed)           1.162    17.935    CLK0/inst/clk_in_clk_wiz_0
    MMCME2_ADV_X1Y0      MMCME2_ADV (Prop_mmcme2_adv_CLKIN1_CLKOUT0)
                                                     -7.217    10.717 r  CLK0/inst/mmcm_adv_inst/CLKOUT0
                         net (fo=2, routed)           1.581    12.298    CLK0/inst/clk_out1_clk_wiz_0
    BUFGCTRL_X0Y0        BUFGCTRL (Prop_bufgctrl_I0_O)
                                                      0.091    12.389 r  CLK0/inst/clkout1_buf/O
                         net (fo=1526, routed)        1.445    13.835    u_top_fsm/u_mouse_ctl/Inst_Ps2Interface/clk_65M
    SLICE_X38Y43         FDCE                                         r  u_top_fsm/u_mouse_ctl/Inst_Ps2Interface/FSM_onehot_state_reg[15]/C
                         clock pessimism              0.484    14.318    
                         clock uncertainty           -0.130    14.188    
    SLICE_X38Y43         FDCE (Recov_fdce_C_CLR)     -0.585    13.603    u_top_fsm/u_mouse_ctl/Inst_Ps2Interface/FSM_onehot_state_reg[15]
  -------------------------------------------------------------------
                         required time                         13.603    
                         arrival time                          -8.931    
  -------------------------------------------------------------------
                         slack                                  4.672    





Min Delay Paths
--------------------------------------------------------------------------------------
Slack (MET) :             2.131ns  (arrival time - required time)
  Source:                 u_reset_sync/reset_distribution_reg_rep/C
                            (rising edge-triggered cell FDCE clocked by clk_out1_clk_wiz_0  {rise@0.000ns fall@7.692ns period=15.385ns})
  Destination:            u_top_fsm/u_mouse_ctl/y_inc_reg[0]/CLR
                            (removal check against rising-edge clock clk_out1_clk_wiz_0  {rise@0.000ns fall@7.692ns period=15.385ns})
  Path Group:             **async_default**
  Path Type:              Removal (Min at Fast Process Corner)
  Requirement:            0.000ns  (clk_out1_clk_wiz_0 rise@0.000ns - clk_out1_clk_wiz_0 rise@0.000ns)
  Data Path Delay:        2.268ns  (logic 0.185ns (8.156%)  route 2.083ns (91.844%))
  Logic Levels:           1  (LUT1=1)
  Clock Path Skew:        0.277ns (DCD - SCD - CPR)
    Destination Clock Delay (DCD):    -0.856ns
    Source Clock Delay      (SCD):    -0.624ns
    Clock Pessimism Removal (CPR):    -0.508ns

    Location             Delay type                Incr(ns)  Path(ns)    Netlist Resource(s)
  -------------------------------------------------------------------    -------------------
                         (clock clk_out1_clk_wiz_0 rise edge)
                                                      0.000     0.000 r  
    W5                                                0.000     0.000 r  clk (IN)
                         net (fo=0)                   0.000     0.000    CLK0/inst/clk
    W5                   IBUF (Prop_ibuf_I_O)         0.226     0.226 r  CLK0/inst/clkin1_ibufg/O
                         net (fo=1, routed)           0.440     0.667    CLK0/inst/clk_in_clk_wiz_0
    MMCME2_ADV_X1Y0      MMCME2_ADV (Prop_mmcme2_adv_CLKIN1_CLKOUT0)
                                                     -2.360    -1.693 r  CLK0/inst/mmcm_adv_inst/CLKOUT0
                         net (fo=2, routed)           0.486    -1.207    CLK0/inst/clk_out1_clk_wiz_0
    BUFGCTRL_X0Y0        BUFGCTRL (Prop_bufgctrl_I0_O)
                                                      0.026    -1.181 r  CLK0/inst/clkout1_buf/O
                         net (fo=1526, routed)        0.557    -0.624    u_reset_sync/clk_65M
    SLICE_X32Y63         FDCE                                         r  u_reset_sync/reset_distribution_reg_rep/C
  -------------------------------------------------------------------    -------------------
    SLICE_X32Y63         FDCE (Prop_fdce_C_Q)         0.141    -0.483 r  u_reset_sync/reset_distribution_reg_rep/Q
                         net (fo=31, routed)          1.275     0.792    u_reset_sync/reset_distribution_reg_rep_0
    SLICE_X54Y84         LUT1 (Prop_lut1_I0_O)        0.044     0.836 f  u_reset_sync/FSM_onehot_state[16]_i_2/O
                         net (fo=840, routed)         0.808     1.644    u_top_fsm/u_mouse_ctl/p_0_in
    SLICE_X46Y45         FDCE                                         f  u_top_fsm/u_mouse_ctl/y_inc_reg[0]/CLR
  -------------------------------------------------------------------    -------------------

                         (clock clk_out1_clk_wiz_0 rise edge)
                                                      0.000     0.000 r  
    W5                                                0.000     0.000 r  clk (IN)
                         net (fo=0)                   0.000     0.000    CLK0/inst/clk
    W5                   IBUF (Prop_ibuf_I_O)         0.414     0.414 r  CLK0/inst/clkin1_ibufg/O
                         net (fo=1, routed)           0.480     0.894    CLK0/inst/clk_in_clk_wiz_0
    MMCME2_ADV_X1Y0      MMCME2_ADV (Prop_mmcme2_adv_CLKIN1_CLKOUT0)
                                                     -3.142    -2.248 r  CLK0/inst/mmcm_adv_inst/CLKOUT0
                         net (fo=2, routed)           0.530    -1.718    CLK0/inst/clk_out1_clk_wiz_0
    BUFGCTRL_X0Y0        BUFGCTRL (Prop_bufgctrl_I0_O)
                                                      0.029    -1.689 r  CLK0/inst/clkout1_buf/O
                         net (fo=1526, routed)        0.834    -0.856    u_top_fsm/u_mouse_ctl/clk_65M
    SLICE_X46Y45         FDCE                                         r  u_top_fsm/u_mouse_ctl/y_inc_reg[0]/C
                         clock pessimism              0.508    -0.347    
    SLICE_X46Y45         FDCE (Remov_fdce_C_CLR)     -0.140    -0.487    u_top_fsm/u_mouse_ctl/y_inc_reg[0]
  -------------------------------------------------------------------
                         required time                          0.487    
                         arrival time                           1.644    
  -------------------------------------------------------------------
                         slack                                  2.131    

Slack (MET) :             2.131ns  (arrival time - required time)
  Source:                 u_reset_sync/reset_distribution_reg_rep/C
                            (rising edge-triggered cell FDCE clocked by clk_out1_clk_wiz_0  {rise@0.000ns fall@7.692ns period=15.385ns})
  Destination:            u_top_fsm/u_mouse_ctl/y_inc_reg[1]/CLR
                            (removal check against rising-edge clock clk_out1_clk_wiz_0  {rise@0.000ns fall@7.692ns period=15.385ns})
  Path Group:             **async_default**
  Path Type:              Removal (Min at Fast Process Corner)
  Requirement:            0.000ns  (clk_out1_clk_wiz_0 rise@0.000ns - clk_out1_clk_wiz_0 rise@0.000ns)
  Data Path Delay:        2.268ns  (logic 0.185ns (8.156%)  route 2.083ns (91.844%))
  Logic Levels:           1  (LUT1=1)
  Clock Path Skew:        0.277ns (DCD - SCD - CPR)
    Destination Clock Delay (DCD):    -0.856ns
    Source Clock Delay      (SCD):    -0.624ns
    Clock Pessimism Removal (CPR):    -0.508ns

    Location             Delay type                Incr(ns)  Path(ns)    Netlist Resource(s)
  -------------------------------------------------------------------    -------------------
                         (clock clk_out1_clk_wiz_0 rise edge)
                                                      0.000     0.000 r  
    W5                                                0.000     0.000 r  clk (IN)
                         net (fo=0)                   0.000     0.000    CLK0/inst/clk
    W5                   IBUF (Prop_ibuf_I_O)         0.226     0.226 r  CLK0/inst/clkin1_ibufg/O
                         net (fo=1, routed)           0.440     0.667    CLK0/inst/clk_in_clk_wiz_0
    MMCME2_ADV_X1Y0      MMCME2_ADV (Prop_mmcme2_adv_CLKIN1_CLKOUT0)
                                                     -2.360    -1.693 r  CLK0/inst/mmcm_adv_inst/CLKOUT0
                         net (fo=2, routed)           0.486    -1.207    CLK0/inst/clk_out1_clk_wiz_0
    BUFGCTRL_X0Y0        BUFGCTRL (Prop_bufgctrl_I0_O)
                                                      0.026    -1.181 r  CLK0/inst/clkout1_buf/O
                         net (fo=1526, routed)        0.557    -0.624    u_reset_sync/clk_65M
    SLICE_X32Y63         FDCE                                         r  u_reset_sync/reset_distribution_reg_rep/C
  -------------------------------------------------------------------    -------------------
    SLICE_X32Y63         FDCE (Prop_fdce_C_Q)         0.141    -0.483 r  u_reset_sync/reset_distribution_reg_rep/Q
                         net (fo=31, routed)          1.275     0.792    u_reset_sync/reset_distribution_reg_rep_0
    SLICE_X54Y84         LUT1 (Prop_lut1_I0_O)        0.044     0.836 f  u_reset_sync/FSM_onehot_state[16]_i_2/O
                         net (fo=840, routed)         0.808     1.644    u_top_fsm/u_mouse_ctl/p_0_in
    SLICE_X46Y45         FDCE                                         f  u_top_fsm/u_mouse_ctl/y_inc_reg[1]/CLR
  -------------------------------------------------------------------    -------------------

                         (clock clk_out1_clk_wiz_0 rise edge)
                                                      0.000     0.000 r  
    W5                                                0.000     0.000 r  clk (IN)
                         net (fo=0)                   0.000     0.000    CLK0/inst/clk
    W5                   IBUF (Prop_ibuf_I_O)         0.414     0.414 r  CLK0/inst/clkin1_ibufg/O
                         net (fo=1, routed)           0.480     0.894    CLK0/inst/clk_in_clk_wiz_0
    MMCME2_ADV_X1Y0      MMCME2_ADV (Prop_mmcme2_adv_CLKIN1_CLKOUT0)
                                                     -3.142    -2.248 r  CLK0/inst/mmcm_adv_inst/CLKOUT0
                         net (fo=2, routed)           0.530    -1.718    CLK0/inst/clk_out1_clk_wiz_0
    BUFGCTRL_X0Y0        BUFGCTRL (Prop_bufgctrl_I0_O)
                                                      0.029    -1.689 r  CLK0/inst/clkout1_buf/O
                         net (fo=1526, routed)        0.834    -0.856    u_top_fsm/u_mouse_ctl/clk_65M
    SLICE_X46Y45         FDCE                                         r  u_top_fsm/u_mouse_ctl/y_inc_reg[1]/C
                         clock pessimism              0.508    -0.347    
    SLICE_X46Y45         FDCE (Remov_fdce_C_CLR)     -0.140    -0.487    u_top_fsm/u_mouse_ctl/y_inc_reg[1]
  -------------------------------------------------------------------
                         required time                          0.487    
                         arrival time                           1.644    
  -------------------------------------------------------------------
                         slack                                  2.131    

Slack (MET) :             2.154ns  (arrival time - required time)
  Source:                 u_reset_sync/reset_distribution_reg_rep/C
                            (rising edge-triggered cell FDCE clocked by clk_out1_clk_wiz_0  {rise@0.000ns fall@7.692ns period=15.385ns})
  Destination:            u_top_fsm/u_mouse_ctl/FSM_onehot_state_reg[2]/CLR
                            (removal check against rising-edge clock clk_out1_clk_wiz_0  {rise@0.000ns fall@7.692ns period=15.385ns})
  Path Group:             **async_default**
  Path Type:              Removal (Min at Fast Process Corner)
  Requirement:            0.000ns  (clk_out1_clk_wiz_0 rise@0.000ns - clk_out1_clk_wiz_0 rise@0.000ns)
  Data Path Delay:        2.289ns  (logic 0.185ns (8.081%)  route 2.104ns (91.920%))
  Logic Levels:           1  (LUT1=1)
  Clock Path Skew:        0.276ns (DCD - SCD - CPR)
    Destination Clock Delay (DCD):    -0.857ns
    Source Clock Delay      (SCD):    -0.624ns
    Clock Pessimism Removal (CPR):    -0.508ns

    Location             Delay type                Incr(ns)  Path(ns)    Netlist Resource(s)
  -------------------------------------------------------------------    -------------------
                         (clock clk_out1_clk_wiz_0 rise edge)
                                                      0.000     0.000 r  
    W5                                                0.000     0.000 r  clk (IN)
                         net (fo=0)                   0.000     0.000    CLK0/inst/clk
    W5                   IBUF (Prop_ibuf_I_O)         0.226     0.226 r  CLK0/inst/clkin1_ibufg/O
                         net (fo=1, routed)           0.440     0.667    CLK0/inst/clk_in_clk_wiz_0
    MMCME2_ADV_X1Y0      MMCME2_ADV (Prop_mmcme2_adv_CLKIN1_CLKOUT0)
                                                     -2.360    -1.693 r  CLK0/inst/mmcm_adv_inst/CLKOUT0
                         net (fo=2, routed)           0.486    -1.207    CLK0/inst/clk_out1_clk_wiz_0
    BUFGCTRL_X0Y0        BUFGCTRL (Prop_bufgctrl_I0_O)
                                                      0.026    -1.181 r  CLK0/inst/clkout1_buf/O
                         net (fo=1526, routed)        0.557    -0.624    u_reset_sync/clk_65M
    SLICE_X32Y63         FDCE                                         r  u_reset_sync/reset_distribution_reg_rep/C
  -------------------------------------------------------------------    -------------------
    SLICE_X32Y63         FDCE (Prop_fdce_C_Q)         0.141    -0.483 r  u_reset_sync/reset_distribution_reg_rep/Q
                         net (fo=31, routed)          1.275     0.792    u_reset_sync/reset_distribution_reg_rep_0
    SLICE_X54Y84         LUT1 (Prop_lut1_I0_O)        0.044     0.836 f  u_reset_sync/FSM_onehot_state[16]_i_2/O
                         net (fo=840, routed)         0.829     1.665    u_top_fsm/u_mouse_ctl/p_0_in
    SLICE_X42Y46         FDCE                                         f  u_top_fsm/u_mouse_ctl/FSM_onehot_state_reg[2]/CLR
  -------------------------------------------------------------------    -------------------

                         (clock clk_out1_clk_wiz_0 rise edge)
                                                      0.000     0.000 r  
    W5                                                0.000     0.000 r  clk (IN)
                         net (fo=0)                   0.000     0.000    CLK0/inst/clk
    W5                   IBUF (Prop_ibuf_I_O)         0.414     0.414 r  CLK0/inst/clkin1_ibufg/O
                         net (fo=1, routed)           0.480     0.894    CLK0/inst/clk_in_clk_wiz_0
    MMCME2_ADV_X1Y0      MMCME2_ADV (Prop_mmcme2_adv_CLKIN1_CLKOUT0)
                                                     -3.142    -2.248 r  CLK0/inst/mmcm_adv_inst/CLKOUT0
                         net (fo=2, routed)           0.530    -1.718    CLK0/inst/clk_out1_clk_wiz_0
    BUFGCTRL_X0Y0        BUFGCTRL (Prop_bufgctrl_I0_O)
                                                      0.029    -1.689 r  CLK0/inst/clkout1_buf/O
                         net (fo=1526, routed)        0.833    -0.857    u_top_fsm/u_mouse_ctl/clk_65M
    SLICE_X42Y46         FDCE                                         r  u_top_fsm/u_mouse_ctl/FSM_onehot_state_reg[2]/C
                         clock pessimism              0.508    -0.348    
    SLICE_X42Y46         FDCE (Remov_fdce_C_CLR)     -0.140    -0.488    u_top_fsm/u_mouse_ctl/FSM_onehot_state_reg[2]
  -------------------------------------------------------------------
                         required time                          0.488    
                         arrival time                           1.665    
  -------------------------------------------------------------------
                         slack                                  2.154    

Slack (MET) :             2.154ns  (arrival time - required time)
  Source:                 u_reset_sync/reset_distribution_reg_rep/C
                            (rising edge-triggered cell FDCE clocked by clk_out1_clk_wiz_0  {rise@0.000ns fall@7.692ns period=15.385ns})
  Destination:            u_top_fsm/u_mouse_ctl/FSM_onehot_state_reg[3]/CLR
                            (removal check against rising-edge clock clk_out1_clk_wiz_0  {rise@0.000ns fall@7.692ns period=15.385ns})
  Path Group:             **async_default**
  Path Type:              Removal (Min at Fast Process Corner)
  Requirement:            0.000ns  (clk_out1_clk_wiz_0 rise@0.000ns - clk_out1_clk_wiz_0 rise@0.000ns)
  Data Path Delay:        2.289ns  (logic 0.185ns (8.081%)  route 2.104ns (91.920%))
  Logic Levels:           1  (LUT1=1)
  Clock Path Skew:        0.276ns (DCD - SCD - CPR)
    Destination Clock Delay (DCD):    -0.857ns
    Source Clock Delay      (SCD):    -0.624ns
    Clock Pessimism Removal (CPR):    -0.508ns

    Location             Delay type                Incr(ns)  Path(ns)    Netlist Resource(s)
  -------------------------------------------------------------------    -------------------
                         (clock clk_out1_clk_wiz_0 rise edge)
                                                      0.000     0.000 r  
    W5                                                0.000     0.000 r  clk (IN)
                         net (fo=0)                   0.000     0.000    CLK0/inst/clk
    W5                   IBUF (Prop_ibuf_I_O)         0.226     0.226 r  CLK0/inst/clkin1_ibufg/O
                         net (fo=1, routed)           0.440     0.667    CLK0/inst/clk_in_clk_wiz_0
    MMCME2_ADV_X1Y0      MMCME2_ADV (Prop_mmcme2_adv_CLKIN1_CLKOUT0)
                                                     -2.360    -1.693 r  CLK0/inst/mmcm_adv_inst/CLKOUT0
                         net (fo=2, routed)           0.486    -1.207    CLK0/inst/clk_out1_clk_wiz_0
    BUFGCTRL_X0Y0        BUFGCTRL (Prop_bufgctrl_I0_O)
                                                      0.026    -1.181 r  CLK0/inst/clkout1_buf/O
                         net (fo=1526, routed)        0.557    -0.624    u_reset_sync/clk_65M
    SLICE_X32Y63         FDCE                                         r  u_reset_sync/reset_distribution_reg_rep/C
  -------------------------------------------------------------------    -------------------
    SLICE_X32Y63         FDCE (Prop_fdce_C_Q)         0.141    -0.483 r  u_reset_sync/reset_distribution_reg_rep/Q
                         net (fo=31, routed)          1.275     0.792    u_reset_sync/reset_distribution_reg_rep_0
    SLICE_X54Y84         LUT1 (Prop_lut1_I0_O)        0.044     0.836 f  u_reset_sync/FSM_onehot_state[16]_i_2/O
                         net (fo=840, routed)         0.829     1.665    u_top_fsm/u_mouse_ctl/p_0_in
    SLICE_X42Y46         FDCE                                         f  u_top_fsm/u_mouse_ctl/FSM_onehot_state_reg[3]/CLR
  -------------------------------------------------------------------    -------------------

                         (clock clk_out1_clk_wiz_0 rise edge)
                                                      0.000     0.000 r  
    W5                                                0.000     0.000 r  clk (IN)
                         net (fo=0)                   0.000     0.000    CLK0/inst/clk
    W5                   IBUF (Prop_ibuf_I_O)         0.414     0.414 r  CLK0/inst/clkin1_ibufg/O
                         net (fo=1, routed)           0.480     0.894    CLK0/inst/clk_in_clk_wiz_0
    MMCME2_ADV_X1Y0      MMCME2_ADV (Prop_mmcme2_adv_CLKIN1_CLKOUT0)
                                                     -3.142    -2.248 r  CLK0/inst/mmcm_adv_inst/CLKOUT0
                         net (fo=2, routed)           0.530    -1.718    CLK0/inst/clk_out1_clk_wiz_0
    BUFGCTRL_X0Y0        BUFGCTRL (Prop_bufgctrl_I0_O)
                                                      0.029    -1.689 r  CLK0/inst/clkout1_buf/O
                         net (fo=1526, routed)        0.833    -0.857    u_top_fsm/u_mouse_ctl/clk_65M
    SLICE_X42Y46         FDCE                                         r  u_top_fsm/u_mouse_ctl/FSM_onehot_state_reg[3]/C
                         clock pessimism              0.508    -0.348    
    SLICE_X42Y46         FDCE (Remov_fdce_C_CLR)     -0.140    -0.488    u_top_fsm/u_mouse_ctl/FSM_onehot_state_reg[3]
  -------------------------------------------------------------------
                         required time                          0.488    
                         arrival time                           1.665    
  -------------------------------------------------------------------
                         slack                                  2.154    

Slack (MET) :             2.154ns  (arrival time - required time)
  Source:                 u_reset_sync/reset_distribution_reg_rep/C
                            (rising edge-triggered cell FDCE clocked by clk_out1_clk_wiz_0  {rise@0.000ns fall@7.692ns period=15.385ns})
  Destination:            u_top_fsm/u_mouse_ctl/FSM_onehot_state_reg[4]/CLR
                            (removal check against rising-edge clock clk_out1_clk_wiz_0  {rise@0.000ns fall@7.692ns period=15.385ns})
  Path Group:             **async_default**
  Path Type:              Removal (Min at Fast Process Corner)
  Requirement:            0.000ns  (clk_out1_clk_wiz_0 rise@0.000ns - clk_out1_clk_wiz_0 rise@0.000ns)
  Data Path Delay:        2.289ns  (logic 0.185ns (8.081%)  route 2.104ns (91.920%))
  Logic Levels:           1  (LUT1=1)
  Clock Path Skew:        0.276ns (DCD - SCD - CPR)
    Destination Clock Delay (DCD):    -0.857ns
    Source Clock Delay      (SCD):    -0.624ns
    Clock Pessimism Removal (CPR):    -0.508ns

    Location             Delay type                Incr(ns)  Path(ns)    Netlist Resource(s)
  -------------------------------------------------------------------    -------------------
                         (clock clk_out1_clk_wiz_0 rise edge)
                                                      0.000     0.000 r  
    W5                                                0.000     0.000 r  clk (IN)
                         net (fo=0)                   0.000     0.000    CLK0/inst/clk
    W5                   IBUF (Prop_ibuf_I_O)         0.226     0.226 r  CLK0/inst/clkin1_ibufg/O
                         net (fo=1, routed)           0.440     0.667    CLK0/inst/clk_in_clk_wiz_0
    MMCME2_ADV_X1Y0      MMCME2_ADV (Prop_mmcme2_adv_CLKIN1_CLKOUT0)
                                                     -2.360    -1.693 r  CLK0/inst/mmcm_adv_inst/CLKOUT0
                         net (fo=2, routed)           0.486    -1.207    CLK0/inst/clk_out1_clk_wiz_0
    BUFGCTRL_X0Y0        BUFGCTRL (Prop_bufgctrl_I0_O)
                                                      0.026    -1.181 r  CLK0/inst/clkout1_buf/O
                         net (fo=1526, routed)        0.557    -0.624    u_reset_sync/clk_65M
    SLICE_X32Y63         FDCE                                         r  u_reset_sync/reset_distribution_reg_rep/C
  -------------------------------------------------------------------    -------------------
    SLICE_X32Y63         FDCE (Prop_fdce_C_Q)         0.141    -0.483 r  u_reset_sync/reset_distribution_reg_rep/Q
                         net (fo=31, routed)          1.275     0.792    u_reset_sync/reset_distribution_reg_rep_0
    SLICE_X54Y84         LUT1 (Prop_lut1_I0_O)        0.044     0.836 f  u_reset_sync/FSM_onehot_state[16]_i_2/O
                         net (fo=840, routed)         0.829     1.665    u_top_fsm/u_mouse_ctl/p_0_in
    SLICE_X42Y46         FDCE                                         f  u_top_fsm/u_mouse_ctl/FSM_onehot_state_reg[4]/CLR
  -------------------------------------------------------------------    -------------------

                         (clock clk_out1_clk_wiz_0 rise edge)
                                                      0.000     0.000 r  
    W5                                                0.000     0.000 r  clk (IN)
                         net (fo=0)                   0.000     0.000    CLK0/inst/clk
    W5                   IBUF (Prop_ibuf_I_O)         0.414     0.414 r  CLK0/inst/clkin1_ibufg/O
                         net (fo=1, routed)           0.480     0.894    CLK0/inst/clk_in_clk_wiz_0
    MMCME2_ADV_X1Y0      MMCME2_ADV (Prop_mmcme2_adv_CLKIN1_CLKOUT0)
                                                     -3.142    -2.248 r  CLK0/inst/mmcm_adv_inst/CLKOUT0
                         net (fo=2, routed)           0.530    -1.718    CLK0/inst/clk_out1_clk_wiz_0
    BUFGCTRL_X0Y0        BUFGCTRL (Prop_bufgctrl_I0_O)
                                                      0.029    -1.689 r  CLK0/inst/clkout1_buf/O
                         net (fo=1526, routed)        0.833    -0.857    u_top_fsm/u_mouse_ctl/clk_65M
    SLICE_X42Y46         FDCE                                         r  u_top_fsm/u_mouse_ctl/FSM_onehot_state_reg[4]/C
                         clock pessimism              0.508    -0.348    
    SLICE_X42Y46         FDCE (Remov_fdce_C_CLR)     -0.140    -0.488    u_top_fsm/u_mouse_ctl/FSM_onehot_state_reg[4]
  -------------------------------------------------------------------
                         required time                          0.488    
                         arrival time                           1.665    
  -------------------------------------------------------------------
                         slack                                  2.154    

Slack (MET) :             2.179ns  (arrival time - required time)
  Source:                 u_reset_sync/reset_distribution_reg_rep/C
                            (rising edge-triggered cell FDCE clocked by clk_out1_clk_wiz_0  {rise@0.000ns fall@7.692ns period=15.385ns})
  Destination:            u_top_fsm/u_mouse_ctl/FSM_onehot_state_reg[32]/CLR
                            (removal check against rising-edge clock clk_out1_clk_wiz_0  {rise@0.000ns fall@7.692ns period=15.385ns})
  Path Group:             **async_default**
  Path Type:              Removal (Min at Fast Process Corner)
  Requirement:            0.000ns  (clk_out1_clk_wiz_0 rise@0.000ns - clk_out1_clk_wiz_0 rise@0.000ns)
  Data Path Delay:        2.289ns  (logic 0.185ns (8.081%)  route 2.104ns (91.920%))
  Logic Levels:           1  (LUT1=1)
  Clock Path Skew:        0.276ns (DCD - SCD - CPR)
    Destination Clock Delay (DCD):    -0.857ns
    Source Clock Delay      (SCD):    -0.624ns
    Clock Pessimism Removal (CPR):    -0.508ns

    Location             Delay type                Incr(ns)  Path(ns)    Netlist Resource(s)
  -------------------------------------------------------------------    -------------------
                         (clock clk_out1_clk_wiz_0 rise edge)
                                                      0.000     0.000 r  
    W5                                                0.000     0.000 r  clk (IN)
                         net (fo=0)                   0.000     0.000    CLK0/inst/clk
    W5                   IBUF (Prop_ibuf_I_O)         0.226     0.226 r  CLK0/inst/clkin1_ibufg/O
                         net (fo=1, routed)           0.440     0.667    CLK0/inst/clk_in_clk_wiz_0
    MMCME2_ADV_X1Y0      MMCME2_ADV (Prop_mmcme2_adv_CLKIN1_CLKOUT0)
                                                     -2.360    -1.693 r  CLK0/inst/mmcm_adv_inst/CLKOUT0
                         net (fo=2, routed)           0.486    -1.207    CLK0/inst/clk_out1_clk_wiz_0
    BUFGCTRL_X0Y0        BUFGCTRL (Prop_bufgctrl_I0_O)
                                                      0.026    -1.181 r  CLK0/inst/clkout1_buf/O
                         net (fo=1526, routed)        0.557    -0.624    u_reset_sync/clk_65M
    SLICE_X32Y63         FDCE                                         r  u_reset_sync/reset_distribution_reg_rep/C
  -------------------------------------------------------------------    -------------------
    SLICE_X32Y63         FDCE (Prop_fdce_C_Q)         0.141    -0.483 r  u_reset_sync/reset_distribution_reg_rep/Q
                         net (fo=31, routed)          1.275     0.792    u_reset_sync/reset_distribution_reg_rep_0
    SLICE_X54Y84         LUT1 (Prop_lut1_I0_O)        0.044     0.836 f  u_reset_sync/FSM_onehot_state[16]_i_2/O
                         net (fo=840, routed)         0.829     1.665    u_top_fsm/u_mouse_ctl/p_0_in
    SLICE_X43Y46         FDCE                                         f  u_top_fsm/u_mouse_ctl/FSM_onehot_state_reg[32]/CLR
  -------------------------------------------------------------------    -------------------

                         (clock clk_out1_clk_wiz_0 rise edge)
                                                      0.000     0.000 r  
    W5                                                0.000     0.000 r  clk (IN)
                         net (fo=0)                   0.000     0.000    CLK0/inst/clk
    W5                   IBUF (Prop_ibuf_I_O)         0.414     0.414 r  CLK0/inst/clkin1_ibufg/O
                         net (fo=1, routed)           0.480     0.894    CLK0/inst/clk_in_clk_wiz_0
    MMCME2_ADV_X1Y0      MMCME2_ADV (Prop_mmcme2_adv_CLKIN1_CLKOUT0)
                                                     -3.142    -2.248 r  CLK0/inst/mmcm_adv_inst/CLKOUT0
                         net (fo=2, routed)           0.530    -1.718    CLK0/inst/clk_out1_clk_wiz_0
    BUFGCTRL_X0Y0        BUFGCTRL (Prop_bufgctrl_I0_O)
                                                      0.029    -1.689 r  CLK0/inst/clkout1_buf/O
                         net (fo=1526, routed)        0.833    -0.857    u_top_fsm/u_mouse_ctl/clk_65M
    SLICE_X43Y46         FDCE                                         r  u_top_fsm/u_mouse_ctl/FSM_onehot_state_reg[32]/C
                         clock pessimism              0.508    -0.348    
    SLICE_X43Y46         FDCE (Remov_fdce_C_CLR)     -0.165    -0.513    u_top_fsm/u_mouse_ctl/FSM_onehot_state_reg[32]
  -------------------------------------------------------------------
                         required time                          0.513    
                         arrival time                           1.665    
  -------------------------------------------------------------------
                         slack                                  2.179    

Slack (MET) :             2.179ns  (arrival time - required time)
  Source:                 u_reset_sync/reset_distribution_reg_rep/C
                            (rising edge-triggered cell FDCE clocked by clk_out1_clk_wiz_0  {rise@0.000ns fall@7.692ns period=15.385ns})
  Destination:            u_top_fsm/u_mouse_ctl/FSM_onehot_state_reg[33]/CLR
                            (removal check against rising-edge clock clk_out1_clk_wiz_0  {rise@0.000ns fall@7.692ns period=15.385ns})
  Path Group:             **async_default**
  Path Type:              Removal (Min at Fast Process Corner)
  Requirement:            0.000ns  (clk_out1_clk_wiz_0 rise@0.000ns - clk_out1_clk_wiz_0 rise@0.000ns)
  Data Path Delay:        2.289ns  (logic 0.185ns (8.081%)  route 2.104ns (91.920%))
  Logic Levels:           1  (LUT1=1)
  Clock Path Skew:        0.276ns (DCD - SCD - CPR)
    Destination Clock Delay (DCD):    -0.857ns
    Source Clock Delay      (SCD):    -0.624ns
    Clock Pessimism Removal (CPR):    -0.508ns

    Location             Delay type                Incr(ns)  Path(ns)    Netlist Resource(s)
  -------------------------------------------------------------------    -------------------
                         (clock clk_out1_clk_wiz_0 rise edge)
                                                      0.000     0.000 r  
    W5                                                0.000     0.000 r  clk (IN)
                         net (fo=0)                   0.000     0.000    CLK0/inst/clk
    W5                   IBUF (Prop_ibuf_I_O)         0.226     0.226 r  CLK0/inst/clkin1_ibufg/O
                         net (fo=1, routed)           0.440     0.667    CLK0/inst/clk_in_clk_wiz_0
    MMCME2_ADV_X1Y0      MMCME2_ADV (Prop_mmcme2_adv_CLKIN1_CLKOUT0)
                                                     -2.360    -1.693 r  CLK0/inst/mmcm_adv_inst/CLKOUT0
                         net (fo=2, routed)           0.486    -1.207    CLK0/inst/clk_out1_clk_wiz_0
    BUFGCTRL_X0Y0        BUFGCTRL (Prop_bufgctrl_I0_O)
                                                      0.026    -1.181 r  CLK0/inst/clkout1_buf/O
                         net (fo=1526, routed)        0.557    -0.624    u_reset_sync/clk_65M
    SLICE_X32Y63         FDCE                                         r  u_reset_sync/reset_distribution_reg_rep/C
  -------------------------------------------------------------------    -------------------
    SLICE_X32Y63         FDCE (Prop_fdce_C_Q)         0.141    -0.483 r  u_reset_sync/reset_distribution_reg_rep/Q
                         net (fo=31, routed)          1.275     0.792    u_reset_sync/reset_distribution_reg_rep_0
    SLICE_X54Y84         LUT1 (Prop_lut1_I0_O)        0.044     0.836 f  u_reset_sync/FSM_onehot_state[16]_i_2/O
                         net (fo=840, routed)         0.829     1.665    u_top_fsm/u_mouse_ctl/p_0_in
    SLICE_X43Y46         FDCE                                         f  u_top_fsm/u_mouse_ctl/FSM_onehot_state_reg[33]/CLR
  -------------------------------------------------------------------    -------------------

                         (clock clk_out1_clk_wiz_0 rise edge)
                                                      0.000     0.000 r  
    W5                                                0.000     0.000 r  clk (IN)
                         net (fo=0)                   0.000     0.000    CLK0/inst/clk
    W5                   IBUF (Prop_ibuf_I_O)         0.414     0.414 r  CLK0/inst/clkin1_ibufg/O
                         net (fo=1, routed)           0.480     0.894    CLK0/inst/clk_in_clk_wiz_0
    MMCME2_ADV_X1Y0      MMCME2_ADV (Prop_mmcme2_adv_CLKIN1_CLKOUT0)
                                                     -3.142    -2.248 r  CLK0/inst/mmcm_adv_inst/CLKOUT0
                         net (fo=2, routed)           0.530    -1.718    CLK0/inst/clk_out1_clk_wiz_0
    BUFGCTRL_X0Y0        BUFGCTRL (Prop_bufgctrl_I0_O)
                                                      0.029    -1.689 r  CLK0/inst/clkout1_buf/O
                         net (fo=1526, routed)        0.833    -0.857    u_top_fsm/u_mouse_ctl/clk_65M
    SLICE_X43Y46         FDCE                                         r  u_top_fsm/u_mouse_ctl/FSM_onehot_state_reg[33]/C
                         clock pessimism              0.508    -0.348    
    SLICE_X43Y46         FDCE (Remov_fdce_C_CLR)     -0.165    -0.513    u_top_fsm/u_mouse_ctl/FSM_onehot_state_reg[33]
  -------------------------------------------------------------------
                         required time                          0.513    
                         arrival time                           1.665    
  -------------------------------------------------------------------
                         slack                                  2.179    

Slack (MET) :             2.179ns  (arrival time - required time)
  Source:                 u_reset_sync/reset_distribution_reg_rep/C
                            (rising edge-triggered cell FDCE clocked by clk_out1_clk_wiz_0  {rise@0.000ns fall@7.692ns period=15.385ns})
  Destination:            u_top_fsm/u_mouse_ctl/haswheel_reg/CLR
                            (removal check against rising-edge clock clk_out1_clk_wiz_0  {rise@0.000ns fall@7.692ns period=15.385ns})
  Path Group:             **async_default**
  Path Type:              Removal (Min at Fast Process Corner)
  Requirement:            0.000ns  (clk_out1_clk_wiz_0 rise@0.000ns - clk_out1_clk_wiz_0 rise@0.000ns)
  Data Path Delay:        2.289ns  (logic 0.185ns (8.081%)  route 2.104ns (91.920%))
  Logic Levels:           1  (LUT1=1)
  Clock Path Skew:        0.276ns (DCD - SCD - CPR)
    Destination Clock Delay (DCD):    -0.857ns
    Source Clock Delay      (SCD):    -0.624ns
    Clock Pessimism Removal (CPR):    -0.508ns

    Location             Delay type                Incr(ns)  Path(ns)    Netlist Resource(s)
  -------------------------------------------------------------------    -------------------
                         (clock clk_out1_clk_wiz_0 rise edge)
                                                      0.000     0.000 r  
    W5                                                0.000     0.000 r  clk (IN)
                         net (fo=0)                   0.000     0.000    CLK0/inst/clk
    W5                   IBUF (Prop_ibuf_I_O)         0.226     0.226 r  CLK0/inst/clkin1_ibufg/O
                         net (fo=1, routed)           0.440     0.667    CLK0/inst/clk_in_clk_wiz_0
    MMCME2_ADV_X1Y0      MMCME2_ADV (Prop_mmcme2_adv_CLKIN1_CLKOUT0)
                                                     -2.360    -1.693 r  CLK0/inst/mmcm_adv_inst/CLKOUT0
                         net (fo=2, routed)           0.486    -1.207    CLK0/inst/clk_out1_clk_wiz_0
    BUFGCTRL_X0Y0        BUFGCTRL (Prop_bufgctrl_I0_O)
                                                      0.026    -1.181 r  CLK0/inst/clkout1_buf/O
                         net (fo=1526, routed)        0.557    -0.624    u_reset_sync/clk_65M
    SLICE_X32Y63         FDCE                                         r  u_reset_sync/reset_distribution_reg_rep/C
  -------------------------------------------------------------------    -------------------
    SLICE_X32Y63         FDCE (Prop_fdce_C_Q)         0.141    -0.483 r  u_reset_sync/reset_distribution_reg_rep/Q
                         net (fo=31, routed)          1.275     0.792    u_reset_sync/reset_distribution_reg_rep_0
    SLICE_X54Y84         LUT1 (Prop_lut1_I0_O)        0.044     0.836 f  u_reset_sync/FSM_onehot_state[16]_i_2/O
                         net (fo=840, routed)         0.829     1.665    u_top_fsm/u_mouse_ctl/p_0_in
    SLICE_X43Y46         FDCE                                         f  u_top_fsm/u_mouse_ctl/haswheel_reg/CLR
  -------------------------------------------------------------------    -------------------

                         (clock clk_out1_clk_wiz_0 rise edge)
                                                      0.000     0.000 r  
    W5                                                0.000     0.000 r  clk (IN)
                         net (fo=0)                   0.000     0.000    CLK0/inst/clk
    W5                   IBUF (Prop_ibuf_I_O)         0.414     0.414 r  CLK0/inst/clkin1_ibufg/O
                         net (fo=1, routed)           0.480     0.894    CLK0/inst/clk_in_clk_wiz_0
    MMCME2_ADV_X1Y0      MMCME2_ADV (Prop_mmcme2_adv_CLKIN1_CLKOUT0)
                                                     -3.142    -2.248 r  CLK0/inst/mmcm_adv_inst/CLKOUT0
                         net (fo=2, routed)           0.530    -1.718    CLK0/inst/clk_out1_clk_wiz_0
    BUFGCTRL_X0Y0        BUFGCTRL (Prop_bufgctrl_I0_O)
                                                      0.029    -1.689 r  CLK0/inst/clkout1_buf/O
                         net (fo=1526, routed)        0.833    -0.857    u_top_fsm/u_mouse_ctl/clk_65M
    SLICE_X43Y46         FDCE                                         r  u_top_fsm/u_mouse_ctl/haswheel_reg/C
                         clock pessimism              0.508    -0.348    
    SLICE_X43Y46         FDCE (Remov_fdce_C_CLR)     -0.165    -0.513    u_top_fsm/u_mouse_ctl/haswheel_reg
  -------------------------------------------------------------------
                         required time                          0.513    
                         arrival time                           1.665    
  -------------------------------------------------------------------
                         slack                                  2.179    

Slack (MET) :             2.181ns  (arrival time - required time)
  Source:                 u_reset_sync/reset_distribution_reg_rep/C
                            (rising edge-triggered cell FDCE clocked by clk_out1_clk_wiz_0  {rise@0.000ns fall@7.692ns period=15.385ns})
  Destination:            u_top_fsm/u_mouse_ctl/x_overflow_reg/CLR
                            (removal check against rising-edge clock clk_out1_clk_wiz_0  {rise@0.000ns fall@7.692ns period=15.385ns})
  Path Group:             **async_default**
  Path Type:              Removal (Min at Fast Process Corner)
  Requirement:            0.000ns  (clk_out1_clk_wiz_0 rise@0.000ns - clk_out1_clk_wiz_0 rise@0.000ns)
  Data Path Delay:        2.294ns  (logic 0.185ns (8.065%)  route 2.109ns (91.935%))
  Logic Levels:           1  (LUT1=1)
  Clock Path Skew:        0.278ns (DCD - SCD - CPR)
    Destination Clock Delay (DCD):    -0.855ns
    Source Clock Delay      (SCD):    -0.624ns
    Clock Pessimism Removal (CPR):    -0.508ns

    Location             Delay type                Incr(ns)  Path(ns)    Netlist Resource(s)
  -------------------------------------------------------------------    -------------------
                         (clock clk_out1_clk_wiz_0 rise edge)
                                                      0.000     0.000 r  
    W5                                                0.000     0.000 r  clk (IN)
                         net (fo=0)                   0.000     0.000    CLK0/inst/clk
    W5                   IBUF (Prop_ibuf_I_O)         0.226     0.226 r  CLK0/inst/clkin1_ibufg/O
                         net (fo=1, routed)           0.440     0.667    CLK0/inst/clk_in_clk_wiz_0
    MMCME2_ADV_X1Y0      MMCME2_ADV (Prop_mmcme2_adv_CLKIN1_CLKOUT0)
                                                     -2.360    -1.693 r  CLK0/inst/mmcm_adv_inst/CLKOUT0
                         net (fo=2, routed)           0.486    -1.207    CLK0/inst/clk_out1_clk_wiz_0
    BUFGCTRL_X0Y0        BUFGCTRL (Prop_bufgctrl_I0_O)
                                                      0.026    -1.181 r  CLK0/inst/clkout1_buf/O
                         net (fo=1526, routed)        0.557    -0.624    u_reset_sync/clk_65M
    SLICE_X32Y63         FDCE                                         r  u_reset_sync/reset_distribution_reg_rep/C
  -------------------------------------------------------------------    -------------------
    SLICE_X32Y63         FDCE (Prop_fdce_C_Q)         0.141    -0.483 r  u_reset_sync/reset_distribution_reg_rep/Q
                         net (fo=31, routed)          1.275     0.792    u_reset_sync/reset_distribution_reg_rep_0
    SLICE_X54Y84         LUT1 (Prop_lut1_I0_O)        0.044     0.836 f  u_reset_sync/FSM_onehot_state[16]_i_2/O
                         net (fo=840, routed)         0.834     1.670    u_top_fsm/u_mouse_ctl/p_0_in
    SLICE_X45Y47         FDCE                                         f  u_top_fsm/u_mouse_ctl/x_overflow_reg/CLR
  -------------------------------------------------------------------    -------------------

                         (clock clk_out1_clk_wiz_0 rise edge)
                                                      0.000     0.000 r  
    W5                                                0.000     0.000 r  clk (IN)
                         net (fo=0)                   0.000     0.000    CLK0/inst/clk
    W5                   IBUF (Prop_ibuf_I_O)         0.414     0.414 r  CLK0/inst/clkin1_ibufg/O
                         net (fo=1, routed)           0.480     0.894    CLK0/inst/clk_in_clk_wiz_0
    MMCME2_ADV_X1Y0      MMCME2_ADV (Prop_mmcme2_adv_CLKIN1_CLKOUT0)
                                                     -3.142    -2.248 r  CLK0/inst/mmcm_adv_inst/CLKOUT0
                         net (fo=2, routed)           0.530    -1.718    CLK0/inst/clk_out1_clk_wiz_0
    BUFGCTRL_X0Y0        BUFGCTRL (Prop_bufgctrl_I0_O)
                                                      0.029    -1.689 r  CLK0/inst/clkout1_buf/O
                         net (fo=1526, routed)        0.835    -0.855    u_top_fsm/u_mouse_ctl/clk_65M
    SLICE_X45Y47         FDCE                                         r  u_top_fsm/u_mouse_ctl/x_overflow_reg/C
                         clock pessimism              0.508    -0.346    
    SLICE_X45Y47         FDCE (Remov_fdce_C_CLR)     -0.165    -0.511    u_top_fsm/u_mouse_ctl/x_overflow_reg
  -------------------------------------------------------------------
                         required time                          0.511    
                         arrival time                           1.670    
  -------------------------------------------------------------------
                         slack                                  2.181    

Slack (MET) :             2.185ns  (arrival time - required time)
  Source:                 u_reset_sync/reset_distribution_reg_rep/C
                            (rising edge-triggered cell FDCE clocked by clk_out1_clk_wiz_0  {rise@0.000ns fall@7.692ns period=15.385ns})
  Destination:            u_top_fsm/u_mouse_ctl/x_inc_reg[0]/CLR
                            (removal check against rising-edge clock clk_out1_clk_wiz_0  {rise@0.000ns fall@7.692ns period=15.385ns})
  Path Group:             **async_default**
  Path Type:              Removal (Min at Fast Process Corner)
  Requirement:            0.000ns  (clk_out1_clk_wiz_0 rise@0.000ns - clk_out1_clk_wiz_0 rise@0.000ns)
  Data Path Delay:        2.298ns  (logic 0.185ns (8.050%)  route 2.113ns (91.950%))
  Logic Levels:           1  (LUT1=1)
  Clock Path Skew:        0.278ns (DCD - SCD - CPR)
    Destination Clock Delay (DCD):    -0.855ns
    Source Clock Delay      (SCD):    -0.624ns
    Clock Pessimism Removal (CPR):    -0.508ns

    Location             Delay type                Incr(ns)  Path(ns)    Netlist Resource(s)
  -------------------------------------------------------------------    -------------------
                         (clock clk_out1_clk_wiz_0 rise edge)
                                                      0.000     0.000 r  
    W5                                                0.000     0.000 r  clk (IN)
                         net (fo=0)                   0.000     0.000    CLK0/inst/clk
    W5                   IBUF (Prop_ibuf_I_O)         0.226     0.226 r  CLK0/inst/clkin1_ibufg/O
                         net (fo=1, routed)           0.440     0.667    CLK0/inst/clk_in_clk_wiz_0
    MMCME2_ADV_X1Y0      MMCME2_ADV (Prop_mmcme2_adv_CLKIN1_CLKOUT0)
                                                     -2.360    -1.693 r  CLK0/inst/mmcm_adv_inst/CLKOUT0
                         net (fo=2, routed)           0.486    -1.207    CLK0/inst/clk_out1_clk_wiz_0
    BUFGCTRL_X0Y0        BUFGCTRL (Prop_bufgctrl_I0_O)
                                                      0.026    -1.181 r  CLK0/inst/clkout1_buf/O
                         net (fo=1526, routed)        0.557    -0.624    u_reset_sync/clk_65M
    SLICE_X32Y63         FDCE                                         r  u_reset_sync/reset_distribution_reg_rep/C
  -------------------------------------------------------------------    -------------------
    SLICE_X32Y63         FDCE (Prop_fdce_C_Q)         0.141    -0.483 r  u_reset_sync/reset_distribution_reg_rep/Q
                         net (fo=31, routed)          1.275     0.792    u_reset_sync/reset_distribution_reg_rep_0
    SLICE_X54Y84         LUT1 (Prop_lut1_I0_O)        0.044     0.836 f  u_reset_sync/FSM_onehot_state[16]_i_2/O
                         net (fo=840, routed)         0.838     1.674    u_top_fsm/u_mouse_ctl/p_0_in
    SLICE_X44Y47         FDCE                                         f  u_top_fsm/u_mouse_ctl/x_inc_reg[0]/CLR
  -------------------------------------------------------------------    -------------------

                         (clock clk_out1_clk_wiz_0 rise edge)
                                                      0.000     0.000 r  
    W5                                                0.000     0.000 r  clk (IN)
                         net (fo=0)                   0.000     0.000    CLK0/inst/clk
    W5                   IBUF (Prop_ibuf_I_O)         0.414     0.414 r  CLK0/inst/clkin1_ibufg/O
                         net (fo=1, routed)           0.480     0.894    CLK0/inst/clk_in_clk_wiz_0
    MMCME2_ADV_X1Y0      MMCME2_ADV (Prop_mmcme2_adv_CLKIN1_CLKOUT0)
                                                     -3.142    -2.248 r  CLK0/inst/mmcm_adv_inst/CLKOUT0
                         net (fo=2, routed)           0.530    -1.718    CLK0/inst/clk_out1_clk_wiz_0
    BUFGCTRL_X0Y0        BUFGCTRL (Prop_bufgctrl_I0_O)
                                                      0.029    -1.689 r  CLK0/inst/clkout1_buf/O
                         net (fo=1526, routed)        0.835    -0.855    u_top_fsm/u_mouse_ctl/clk_65M
    SLICE_X44Y47         FDCE                                         r  u_top_fsm/u_mouse_ctl/x_inc_reg[0]/C
                         clock pessimism              0.508    -0.346    
    SLICE_X44Y47         FDCE (Remov_fdce_C_CLR)     -0.165    -0.511    u_top_fsm/u_mouse_ctl/x_inc_reg[0]
  -------------------------------------------------------------------
                         required time                          0.511    
                         arrival time                           1.674    
  -------------------------------------------------------------------
                         slack                                  2.185    

Slack (MET) :             2.185ns  (arrival time - required time)
  Source:                 u_reset_sync/reset_distribution_reg_rep/C
                            (rising edge-triggered cell FDCE clocked by clk_out1_clk_wiz_0  {rise@0.000ns fall@7.692ns period=15.385ns})
  Destination:            u_top_fsm/u_mouse_ctl/x_inc_reg[2]/CLR
                            (removal check against rising-edge clock clk_out1_clk_wiz_0  {rise@0.000ns fall@7.692ns period=15.385ns})
  Path Group:             **async_default**
  Path Type:              Removal (Min at Fast Process Corner)
  Requirement:            0.000ns  (clk_out1_clk_wiz_0 rise@0.000ns - clk_out1_clk_wiz_0 rise@0.000ns)
  Data Path Delay:        2.298ns  (logic 0.185ns (8.050%)  route 2.113ns (91.950%))
  Logic Levels:           1  (LUT1=1)
  Clock Path Skew:        0.278ns (DCD - SCD - CPR)
    Destination Clock Delay (DCD):    -0.855ns
    Source Clock Delay      (SCD):    -0.624ns
    Clock Pessimism Removal (CPR):    -0.508ns

    Location             Delay type                Incr(ns)  Path(ns)    Netlist Resource(s)
  -------------------------------------------------------------------    -------------------
                         (clock clk_out1_clk_wiz_0 rise edge)
                                                      0.000     0.000 r  
    W5                                                0.000     0.000 r  clk (IN)
                         net (fo=0)                   0.000     0.000    CLK0/inst/clk
    W5                   IBUF (Prop_ibuf_I_O)         0.226     0.226 r  CLK0/inst/clkin1_ibufg/O
                         net (fo=1, routed)           0.440     0.667    CLK0/inst/clk_in_clk_wiz_0
    MMCME2_ADV_X1Y0      MMCME2_ADV (Prop_mmcme2_adv_CLKIN1_CLKOUT0)
                                                     -2.360    -1.693 r  CLK0/inst/mmcm_adv_inst/CLKOUT0
                         net (fo=2, routed)           0.486    -1.207    CLK0/inst/clk_out1_clk_wiz_0
    BUFGCTRL_X0Y0        BUFGCTRL (Prop_bufgctrl_I0_O)
                                                      0.026    -1.181 r  CLK0/inst/clkout1_buf/O
                         net (fo=1526, routed)        0.557    -0.624    u_reset_sync/clk_65M
    SLICE_X32Y63         FDCE                                         r  u_reset_sync/reset_distribution_reg_rep/C
  -------------------------------------------------------------------    -------------------
    SLICE_X32Y63         FDCE (Prop_fdce_C_Q)         0.141    -0.483 r  u_reset_sync/reset_distribution_reg_rep/Q
                         net (fo=31, routed)          1.275     0.792    u_reset_sync/reset_distribution_reg_rep_0
    SLICE_X54Y84         LUT1 (Prop_lut1_I0_O)        0.044     0.836 f  u_reset_sync/FSM_onehot_state[16]_i_2/O
                         net (fo=840, routed)         0.838     1.674    u_top_fsm/u_mouse_ctl/p_0_in
    SLICE_X44Y47         FDCE                                         f  u_top_fsm/u_mouse_ctl/x_inc_reg[2]/CLR
  -------------------------------------------------------------------    -------------------

                         (clock clk_out1_clk_wiz_0 rise edge)
                                                      0.000     0.000 r  
    W5                                                0.000     0.000 r  clk (IN)
                         net (fo=0)                   0.000     0.000    CLK0/inst/clk
    W5                   IBUF (Prop_ibuf_I_O)         0.414     0.414 r  CLK0/inst/clkin1_ibufg/O
                         net (fo=1, routed)           0.480     0.894    CLK0/inst/clk_in_clk_wiz_0
    MMCME2_ADV_X1Y0      MMCME2_ADV (Prop_mmcme2_adv_CLKIN1_CLKOUT0)
                                                     -3.142    -2.248 r  CLK0/inst/mmcm_adv_inst/CLKOUT0
                         net (fo=2, routed)           0.530    -1.718    CLK0/inst/clk_out1_clk_wiz_0
    BUFGCTRL_X0Y0        BUFGCTRL (Prop_bufgctrl_I0_O)
                                                      0.029    -1.689 r  CLK0/inst/clkout1_buf/O
                         net (fo=1526, routed)        0.835    -0.855    u_top_fsm/u_mouse_ctl/clk_65M
    SLICE_X44Y47         FDCE                                         r  u_top_fsm/u_mouse_ctl/x_inc_reg[2]/C
                         clock pessimism              0.508    -0.346    
    SLICE_X44Y47         FDCE (Remov_fdce_C_CLR)     -0.165    -0.511    u_top_fsm/u_mouse_ctl/x_inc_reg[2]
  -------------------------------------------------------------------
                         required time                          0.511    
                         arrival time                           1.674    
  -------------------------------------------------------------------
                         slack                                  2.185    

Slack (MET) :             2.185ns  (arrival time - required time)
  Source:                 u_reset_sync/reset_distribution_reg_rep/C
                            (rising edge-triggered cell FDCE clocked by clk_out1_clk_wiz_0  {rise@0.000ns fall@7.692ns period=15.385ns})
  Destination:            u_top_fsm/u_mouse_ctl/x_inc_reg[3]/CLR
                            (removal check against rising-edge clock clk_out1_clk_wiz_0  {rise@0.000ns fall@7.692ns period=15.385ns})
  Path Group:             **async_default**
  Path Type:              Removal (Min at Fast Process Corner)
  Requirement:            0.000ns  (clk_out1_clk_wiz_0 rise@0.000ns - clk_out1_clk_wiz_0 rise@0.000ns)
  Data Path Delay:        2.298ns  (logic 0.185ns (8.050%)  route 2.113ns (91.950%))
  Logic Levels:           1  (LUT1=1)
  Clock Path Skew:        0.278ns (DCD - SCD - CPR)
    Destination Clock Delay (DCD):    -0.855ns
    Source Clock Delay      (SCD):    -0.624ns
    Clock Pessimism Removal (CPR):    -0.508ns

    Location             Delay type                Incr(ns)  Path(ns)    Netlist Resource(s)
  -------------------------------------------------------------------    -------------------
                         (clock clk_out1_clk_wiz_0 rise edge)
                                                      0.000     0.000 r  
    W5                                                0.000     0.000 r  clk (IN)
                         net (fo=0)                   0.000     0.000    CLK0/inst/clk
    W5                   IBUF (Prop_ibuf_I_O)         0.226     0.226 r  CLK0/inst/clkin1_ibufg/O
                         net (fo=1, routed)           0.440     0.667    CLK0/inst/clk_in_clk_wiz_0
    MMCME2_ADV_X1Y0      MMCME2_ADV (Prop_mmcme2_adv_CLKIN1_CLKOUT0)
                                                     -2.360    -1.693 r  CLK0/inst/mmcm_adv_inst/CLKOUT0
                         net (fo=2, routed)           0.486    -1.207    CLK0/inst/clk_out1_clk_wiz_0
    BUFGCTRL_X0Y0        BUFGCTRL (Prop_bufgctrl_I0_O)
                                                      0.026    -1.181 r  CLK0/inst/clkout1_buf/O
                         net (fo=1526, routed)        0.557    -0.624    u_reset_sync/clk_65M
    SLICE_X32Y63         FDCE                                         r  u_reset_sync/reset_distribution_reg_rep/C
  -------------------------------------------------------------------    -------------------
    SLICE_X32Y63         FDCE (Prop_fdce_C_Q)         0.141    -0.483 r  u_reset_sync/reset_distribution_reg_rep/Q
                         net (fo=31, routed)          1.275     0.792    u_reset_sync/reset_distribution_reg_rep_0
    SLICE_X54Y84         LUT1 (Prop_lut1_I0_O)        0.044     0.836 f  u_reset_sync/FSM_onehot_state[16]_i_2/O
                         net (fo=840, routed)         0.838     1.674    u_top_fsm/u_mouse_ctl/p_0_in
    SLICE_X44Y47         FDCE                                         f  u_top_fsm/u_mouse_ctl/x_inc_reg[3]/CLR
  -------------------------------------------------------------------    -------------------

                         (clock clk_out1_clk_wiz_0 rise edge)
                                                      0.000     0.000 r  
    W5                                                0.000     0.000 r  clk (IN)
                         net (fo=0)                   0.000     0.000    CLK0/inst/clk
    W5                   IBUF (Prop_ibuf_I_O)         0.414     0.414 r  CLK0/inst/clkin1_ibufg/O
                         net (fo=1, routed)           0.480     0.894    CLK0/inst/clk_in_clk_wiz_0
    MMCME2_ADV_X1Y0      MMCME2_ADV (Prop_mmcme2_adv_CLKIN1_CLKOUT0)
                                                     -3.142    -2.248 r  CLK0/inst/mmcm_adv_inst/CLKOUT0
                         net (fo=2, routed)           0.530    -1.718    CLK0/inst/clk_out1_clk_wiz_0
    BUFGCTRL_X0Y0        BUFGCTRL (Prop_bufgctrl_I0_O)
                                                      0.029    -1.689 r  CLK0/inst/clkout1_buf/O
                         net (fo=1526, routed)        0.835    -0.855    u_top_fsm/u_mouse_ctl/clk_65M
    SLICE_X44Y47         FDCE                                         r  u_top_fsm/u_mouse_ctl/x_inc_reg[3]/C
                         clock pessimism              0.508    -0.346    
    SLICE_X44Y47         FDCE (Remov_fdce_C_CLR)     -0.165    -0.511    u_top_fsm/u_mouse_ctl/x_inc_reg[3]
  -------------------------------------------------------------------
                         required time                          0.511    
                         arrival time                           1.674    
  -------------------------------------------------------------------
                         slack                                  2.185    

Slack (MET) :             2.185ns  (arrival time - required time)
  Source:                 u_reset_sync/reset_distribution_reg_rep/C
                            (rising edge-triggered cell FDCE clocked by clk_out1_clk_wiz_0  {rise@0.000ns fall@7.692ns period=15.385ns})
  Destination:            u_top_fsm/u_mouse_ctl/x_inc_reg[4]/CLR
                            (removal check against rising-edge clock clk_out1_clk_wiz_0  {rise@0.000ns fall@7.692ns period=15.385ns})
  Path Group:             **async_default**
  Path Type:              Removal (Min at Fast Process Corner)
  Requirement:            0.000ns  (clk_out1_clk_wiz_0 rise@0.000ns - clk_out1_clk_wiz_0 rise@0.000ns)
  Data Path Delay:        2.298ns  (logic 0.185ns (8.050%)  route 2.113ns (91.950%))
  Logic Levels:           1  (LUT1=1)
  Clock Path Skew:        0.278ns (DCD - SCD - CPR)
    Destination Clock Delay (DCD):    -0.855ns
    Source Clock Delay      (SCD):    -0.624ns
    Clock Pessimism Removal (CPR):    -0.508ns

    Location             Delay type                Incr(ns)  Path(ns)    Netlist Resource(s)
  -------------------------------------------------------------------    -------------------
                         (clock clk_out1_clk_wiz_0 rise edge)
                                                      0.000     0.000 r  
    W5                                                0.000     0.000 r  clk (IN)
                         net (fo=0)                   0.000     0.000    CLK0/inst/clk
    W5                   IBUF (Prop_ibuf_I_O)         0.226     0.226 r  CLK0/inst/clkin1_ibufg/O
                         net (fo=1, routed)           0.440     0.667    CLK0/inst/clk_in_clk_wiz_0
    MMCME2_ADV_X1Y0      MMCME2_ADV (Prop_mmcme2_adv_CLKIN1_CLKOUT0)
                                                     -2.360    -1.693 r  CLK0/inst/mmcm_adv_inst/CLKOUT0
                         net (fo=2, routed)           0.486    -1.207    CLK0/inst/clk_out1_clk_wiz_0
    BUFGCTRL_X0Y0        BUFGCTRL (Prop_bufgctrl_I0_O)
                                                      0.026    -1.181 r  CLK0/inst/clkout1_buf/O
                         net (fo=1526, routed)        0.557    -0.624    u_reset_sync/clk_65M
    SLICE_X32Y63         FDCE                                         r  u_reset_sync/reset_distribution_reg_rep/C
  -------------------------------------------------------------------    -------------------
    SLICE_X32Y63         FDCE (Prop_fdce_C_Q)         0.141    -0.483 r  u_reset_sync/reset_distribution_reg_rep/Q
                         net (fo=31, routed)          1.275     0.792    u_reset_sync/reset_distribution_reg_rep_0
    SLICE_X54Y84         LUT1 (Prop_lut1_I0_O)        0.044     0.836 f  u_reset_sync/FSM_onehot_state[16]_i_2/O
                         net (fo=840, routed)         0.838     1.674    u_top_fsm/u_mouse_ctl/p_0_in
    SLICE_X44Y47         FDCE                                         f  u_top_fsm/u_mouse_ctl/x_inc_reg[4]/CLR
  -------------------------------------------------------------------    -------------------

                         (clock clk_out1_clk_wiz_0 rise edge)
                                                      0.000     0.000 r  
    W5                                                0.000     0.000 r  clk (IN)
                         net (fo=0)                   0.000     0.000    CLK0/inst/clk
    W5                   IBUF (Prop_ibuf_I_O)         0.414     0.414 r  CLK0/inst/clkin1_ibufg/O
                         net (fo=1, routed)           0.480     0.894    CLK0/inst/clk_in_clk_wiz_0
    MMCME2_ADV_X1Y0      MMCME2_ADV (Prop_mmcme2_adv_CLKIN1_CLKOUT0)
                                                     -3.142    -2.248 r  CLK0/inst/mmcm_adv_inst/CLKOUT0
                         net (fo=2, routed)           0.530    -1.718    CLK0/inst/clk_out1_clk_wiz_0
    BUFGCTRL_X0Y0        BUFGCTRL (Prop_bufgctrl_I0_O)
                                                      0.029    -1.689 r  CLK0/inst/clkout1_buf/O
                         net (fo=1526, routed)        0.835    -0.855    u_top_fsm/u_mouse_ctl/clk_65M
    SLICE_X44Y47         FDCE                                         r  u_top_fsm/u_mouse_ctl/x_inc_reg[4]/C
                         clock pessimism              0.508    -0.346    
    SLICE_X44Y47         FDCE (Remov_fdce_C_CLR)     -0.165    -0.511    u_top_fsm/u_mouse_ctl/x_inc_reg[4]
  -------------------------------------------------------------------
                         required time                          0.511    
                         arrival time                           1.674    
  -------------------------------------------------------------------
                         slack                                  2.185    

Slack (MET) :             2.185ns  (arrival time - required time)
  Source:                 u_reset_sync/reset_distribution_reg_rep/C
                            (rising edge-triggered cell FDCE clocked by clk_out1_clk_wiz_0  {rise@0.000ns fall@7.692ns period=15.385ns})
  Destination:            u_top_fsm/u_mouse_ctl/x_inc_reg[5]/CLR
                            (removal check against rising-edge clock clk_out1_clk_wiz_0  {rise@0.000ns fall@7.692ns period=15.385ns})
  Path Group:             **async_default**
  Path Type:              Removal (Min at Fast Process Corner)
  Requirement:            0.000ns  (clk_out1_clk_wiz_0 rise@0.000ns - clk_out1_clk_wiz_0 rise@0.000ns)
  Data Path Delay:        2.298ns  (logic 0.185ns (8.050%)  route 2.113ns (91.950%))
  Logic Levels:           1  (LUT1=1)
  Clock Path Skew:        0.278ns (DCD - SCD - CPR)
    Destination Clock Delay (DCD):    -0.855ns
    Source Clock Delay      (SCD):    -0.624ns
    Clock Pessimism Removal (CPR):    -0.508ns

    Location             Delay type                Incr(ns)  Path(ns)    Netlist Resource(s)
  -------------------------------------------------------------------    -------------------
                         (clock clk_out1_clk_wiz_0 rise edge)
                                                      0.000     0.000 r  
    W5                                                0.000     0.000 r  clk (IN)
                         net (fo=0)                   0.000     0.000    CLK0/inst/clk
    W5                   IBUF (Prop_ibuf_I_O)         0.226     0.226 r  CLK0/inst/clkin1_ibufg/O
                         net (fo=1, routed)           0.440     0.667    CLK0/inst/clk_in_clk_wiz_0
    MMCME2_ADV_X1Y0      MMCME2_ADV (Prop_mmcme2_adv_CLKIN1_CLKOUT0)
                                                     -2.360    -1.693 r  CLK0/inst/mmcm_adv_inst/CLKOUT0
                         net (fo=2, routed)           0.486    -1.207    CLK0/inst/clk_out1_clk_wiz_0
    BUFGCTRL_X0Y0        BUFGCTRL (Prop_bufgctrl_I0_O)
                                                      0.026    -1.181 r  CLK0/inst/clkout1_buf/O
                         net (fo=1526, routed)        0.557    -0.624    u_reset_sync/clk_65M
    SLICE_X32Y63         FDCE                                         r  u_reset_sync/reset_distribution_reg_rep/C
  -------------------------------------------------------------------    -------------------
    SLICE_X32Y63         FDCE (Prop_fdce_C_Q)         0.141    -0.483 r  u_reset_sync/reset_distribution_reg_rep/Q
                         net (fo=31, routed)          1.275     0.792    u_reset_sync/reset_distribution_reg_rep_0
    SLICE_X54Y84         LUT1 (Prop_lut1_I0_O)        0.044     0.836 f  u_reset_sync/FSM_onehot_state[16]_i_2/O
                         net (fo=840, routed)         0.838     1.674    u_top_fsm/u_mouse_ctl/p_0_in
    SLICE_X44Y47         FDCE                                         f  u_top_fsm/u_mouse_ctl/x_inc_reg[5]/CLR
  -------------------------------------------------------------------    -------------------

                         (clock clk_out1_clk_wiz_0 rise edge)
                                                      0.000     0.000 r  
    W5                                                0.000     0.000 r  clk (IN)
                         net (fo=0)                   0.000     0.000    CLK0/inst/clk
    W5                   IBUF (Prop_ibuf_I_O)         0.414     0.414 r  CLK0/inst/clkin1_ibufg/O
                         net (fo=1, routed)           0.480     0.894    CLK0/inst/clk_in_clk_wiz_0
    MMCME2_ADV_X1Y0      MMCME2_ADV (Prop_mmcme2_adv_CLKIN1_CLKOUT0)
                                                     -3.142    -2.248 r  CLK0/inst/mmcm_adv_inst/CLKOUT0
                         net (fo=2, routed)           0.530    -1.718    CLK0/inst/clk_out1_clk_wiz_0
    BUFGCTRL_X0Y0        BUFGCTRL (Prop_bufgctrl_I0_O)
                                                      0.029    -1.689 r  CLK0/inst/clkout1_buf/O
                         net (fo=1526, routed)        0.835    -0.855    u_top_fsm/u_mouse_ctl/clk_65M
    SLICE_X44Y47         FDCE                                         r  u_top_fsm/u_mouse_ctl/x_inc_reg[5]/C
                         clock pessimism              0.508    -0.346    
    SLICE_X44Y47         FDCE (Remov_fdce_C_CLR)     -0.165    -0.511    u_top_fsm/u_mouse_ctl/x_inc_reg[5]
  -------------------------------------------------------------------
                         required time                          0.511    
                         arrival time                           1.674    
  -------------------------------------------------------------------
                         slack                                  2.185    

Slack (MET) :             2.185ns  (arrival time - required time)
  Source:                 u_reset_sync/reset_distribution_reg_rep/C
                            (rising edge-triggered cell FDCE clocked by clk_out1_clk_wiz_0  {rise@0.000ns fall@7.692ns period=15.385ns})
  Destination:            u_top_fsm/u_mouse_ctl/x_inc_reg[7]/CLR
                            (removal check against rising-edge clock clk_out1_clk_wiz_0  {rise@0.000ns fall@7.692ns period=15.385ns})
  Path Group:             **async_default**
  Path Type:              Removal (Min at Fast Process Corner)
  Requirement:            0.000ns  (clk_out1_clk_wiz_0 rise@0.000ns - clk_out1_clk_wiz_0 rise@0.000ns)
  Data Path Delay:        2.298ns  (logic 0.185ns (8.050%)  route 2.113ns (91.950%))
  Logic Levels:           1  (LUT1=1)
  Clock Path Skew:        0.278ns (DCD - SCD - CPR)
    Destination Clock Delay (DCD):    -0.855ns
    Source Clock Delay      (SCD):    -0.624ns
    Clock Pessimism Removal (CPR):    -0.508ns

    Location             Delay type                Incr(ns)  Path(ns)    Netlist Resource(s)
  -------------------------------------------------------------------    -------------------
                         (clock clk_out1_clk_wiz_0 rise edge)
                                                      0.000     0.000 r  
    W5                                                0.000     0.000 r  clk (IN)
                         net (fo=0)                   0.000     0.000    CLK0/inst/clk
    W5                   IBUF (Prop_ibuf_I_O)         0.226     0.226 r  CLK0/inst/clkin1_ibufg/O
                         net (fo=1, routed)           0.440     0.667    CLK0/inst/clk_in_clk_wiz_0
    MMCME2_ADV_X1Y0      MMCME2_ADV (Prop_mmcme2_adv_CLKIN1_CLKOUT0)
                                                     -2.360    -1.693 r  CLK0/inst/mmcm_adv_inst/CLKOUT0
                         net (fo=2, routed)           0.486    -1.207    CLK0/inst/clk_out1_clk_wiz_0
    BUFGCTRL_X0Y0        BUFGCTRL (Prop_bufgctrl_I0_O)
                                                      0.026    -1.181 r  CLK0/inst/clkout1_buf/O
                         net (fo=1526, routed)        0.557    -0.624    u_reset_sync/clk_65M
    SLICE_X32Y63         FDCE                                         r  u_reset_sync/reset_distribution_reg_rep/C
  -------------------------------------------------------------------    -------------------
    SLICE_X32Y63         FDCE (Prop_fdce_C_Q)         0.141    -0.483 r  u_reset_sync/reset_distribution_reg_rep/Q
                         net (fo=31, routed)          1.275     0.792    u_reset_sync/reset_distribution_reg_rep_0
    SLICE_X54Y84         LUT1 (Prop_lut1_I0_O)        0.044     0.836 f  u_reset_sync/FSM_onehot_state[16]_i_2/O
                         net (fo=840, routed)         0.838     1.674    u_top_fsm/u_mouse_ctl/p_0_in
    SLICE_X44Y47         FDCE                                         f  u_top_fsm/u_mouse_ctl/x_inc_reg[7]/CLR
  -------------------------------------------------------------------    -------------------

                         (clock clk_out1_clk_wiz_0 rise edge)
                                                      0.000     0.000 r  
    W5                                                0.000     0.000 r  clk (IN)
                         net (fo=0)                   0.000     0.000    CLK0/inst/clk
    W5                   IBUF (Prop_ibuf_I_O)         0.414     0.414 r  CLK0/inst/clkin1_ibufg/O
                         net (fo=1, routed)           0.480     0.894    CLK0/inst/clk_in_clk_wiz_0
    MMCME2_ADV_X1Y0      MMCME2_ADV (Prop_mmcme2_adv_CLKIN1_CLKOUT0)
                                                     -3.142    -2.248 r  CLK0/inst/mmcm_adv_inst/CLKOUT0
                         net (fo=2, routed)           0.530    -1.718    CLK0/inst/clk_out1_clk_wiz_0
    BUFGCTRL_X0Y0        BUFGCTRL (Prop_bufgctrl_I0_O)
                                                      0.029    -1.689 r  CLK0/inst/clkout1_buf/O
                         net (fo=1526, routed)        0.835    -0.855    u_top_fsm/u_mouse_ctl/clk_65M
    SLICE_X44Y47         FDCE                                         r  u_top_fsm/u_mouse_ctl/x_inc_reg[7]/C
                         clock pessimism              0.508    -0.346    
    SLICE_X44Y47         FDCE (Remov_fdce_C_CLR)     -0.165    -0.511    u_top_fsm/u_mouse_ctl/x_inc_reg[7]
  -------------------------------------------------------------------
                         required time                          0.511    
                         arrival time                           1.674    
  -------------------------------------------------------------------
                         slack                                  2.185    

Slack (MET) :             2.222ns  (arrival time - required time)
  Source:                 u_reset_sync/reset_distribution_reg_rep/C
                            (rising edge-triggered cell FDCE clocked by clk_out1_clk_wiz_0  {rise@0.000ns fall@7.692ns period=15.385ns})
  Destination:            u_top_fsm/u_mouse_ctl/left_down_reg/CLR
                            (removal check against rising-edge clock clk_out1_clk_wiz_0  {rise@0.000ns fall@7.692ns period=15.385ns})
  Path Group:             **async_default**
  Path Type:              Removal (Min at Fast Process Corner)
  Requirement:            0.000ns  (clk_out1_clk_wiz_0 rise@0.000ns - clk_out1_clk_wiz_0 rise@0.000ns)
  Data Path Delay:        2.335ns  (logic 0.185ns (7.924%)  route 2.150ns (92.076%))
  Logic Levels:           1  (LUT1=1)
  Clock Path Skew:        0.278ns (DCD - SCD - CPR)
    Destination Clock Delay (DCD):    -0.855ns
    Source Clock Delay      (SCD):    -0.624ns
    Clock Pessimism Removal (CPR):    -0.508ns

    Location             Delay type                Incr(ns)  Path(ns)    Netlist Resource(s)
  -------------------------------------------------------------------    -------------------
                         (clock clk_out1_clk_wiz_0 rise edge)
                                                      0.000     0.000 r  
    W5                                                0.000     0.000 r  clk (IN)
                         net (fo=0)                   0.000     0.000    CLK0/inst/clk
    W5                   IBUF (Prop_ibuf_I_O)         0.226     0.226 r  CLK0/inst/clkin1_ibufg/O
                         net (fo=1, routed)           0.440     0.667    CLK0/inst/clk_in_clk_wiz_0
    MMCME2_ADV_X1Y0      MMCME2_ADV (Prop_mmcme2_adv_CLKIN1_CLKOUT0)
                                                     -2.360    -1.693 r  CLK0/inst/mmcm_adv_inst/CLKOUT0
                         net (fo=2, routed)           0.486    -1.207    CLK0/inst/clk_out1_clk_wiz_0
    BUFGCTRL_X0Y0        BUFGCTRL (Prop_bufgctrl_I0_O)
                                                      0.026    -1.181 r  CLK0/inst/clkout1_buf/O
                         net (fo=1526, routed)        0.557    -0.624    u_reset_sync/clk_65M
    SLICE_X32Y63         FDCE                                         r  u_reset_sync/reset_distribution_reg_rep/C
  -------------------------------------------------------------------    -------------------
    SLICE_X32Y63         FDCE (Prop_fdce_C_Q)         0.141    -0.483 r  u_reset_sync/reset_distribution_reg_rep/Q
                         net (fo=31, routed)          1.275     0.792    u_reset_sync/reset_distribution_reg_rep_0
    SLICE_X54Y84         LUT1 (Prop_lut1_I0_O)        0.044     0.836 f  u_reset_sync/FSM_onehot_state[16]_i_2/O
                         net (fo=840, routed)         0.875     1.710    u_top_fsm/u_mouse_ctl/p_0_in
    SLICE_X47Y47         FDCE                                         f  u_top_fsm/u_mouse_ctl/left_down_reg/CLR
  -------------------------------------------------------------------    -------------------

                         (clock clk_out1_clk_wiz_0 rise edge)
                                                      0.000     0.000 r  
    W5                                                0.000     0.000 r  clk (IN)
                         net (fo=0)                   0.000     0.000    CLK0/inst/clk
    W5                   IBUF (Prop_ibuf_I_O)         0.414     0.414 r  CLK0/inst/clkin1_ibufg/O
                         net (fo=1, routed)           0.480     0.894    CLK0/inst/clk_in_clk_wiz_0
    MMCME2_ADV_X1Y0      MMCME2_ADV (Prop_mmcme2_adv_CLKIN1_CLKOUT0)
                                                     -3.142    -2.248 r  CLK0/inst/mmcm_adv_inst/CLKOUT0
                         net (fo=2, routed)           0.530    -1.718    CLK0/inst/clk_out1_clk_wiz_0
    BUFGCTRL_X0Y0        BUFGCTRL (Prop_bufgctrl_I0_O)
                                                      0.029    -1.689 r  CLK0/inst/clkout1_buf/O
                         net (fo=1526, routed)        0.835    -0.855    u_top_fsm/u_mouse_ctl/clk_65M
    SLICE_X47Y47         FDCE                                         r  u_top_fsm/u_mouse_ctl/left_down_reg/C
                         clock pessimism              0.508    -0.346    
    SLICE_X47Y47         FDCE (Remov_fdce_C_CLR)     -0.165    -0.511    u_top_fsm/u_mouse_ctl/left_down_reg
  -------------------------------------------------------------------
                         required time                          0.511    
                         arrival time                           1.710    
  -------------------------------------------------------------------
                         slack                                  2.222    

Slack (MET) :             2.222ns  (arrival time - required time)
  Source:                 u_reset_sync/reset_distribution_reg_rep/C
                            (rising edge-triggered cell FDCE clocked by clk_out1_clk_wiz_0  {rise@0.000ns fall@7.692ns period=15.385ns})
  Destination:            u_top_fsm/u_mouse_ctl/x_sign_reg/CLR
                            (removal check against rising-edge clock clk_out1_clk_wiz_0  {rise@0.000ns fall@7.692ns period=15.385ns})
  Path Group:             **async_default**
  Path Type:              Removal (Min at Fast Process Corner)
  Requirement:            0.000ns  (clk_out1_clk_wiz_0 rise@0.000ns - clk_out1_clk_wiz_0 rise@0.000ns)
  Data Path Delay:        2.335ns  (logic 0.185ns (7.924%)  route 2.150ns (92.076%))
  Logic Levels:           1  (LUT1=1)
  Clock Path Skew:        0.278ns (DCD - SCD - CPR)
    Destination Clock Delay (DCD):    -0.855ns
    Source Clock Delay      (SCD):    -0.624ns
    Clock Pessimism Removal (CPR):    -0.508ns

    Location             Delay type                Incr(ns)  Path(ns)    Netlist Resource(s)
  -------------------------------------------------------------------    -------------------
                         (clock clk_out1_clk_wiz_0 rise edge)
                                                      0.000     0.000 r  
    W5                                                0.000     0.000 r  clk (IN)
                         net (fo=0)                   0.000     0.000    CLK0/inst/clk
    W5                   IBUF (Prop_ibuf_I_O)         0.226     0.226 r  CLK0/inst/clkin1_ibufg/O
                         net (fo=1, routed)           0.440     0.667    CLK0/inst/clk_in_clk_wiz_0
    MMCME2_ADV_X1Y0      MMCME2_ADV (Prop_mmcme2_adv_CLKIN1_CLKOUT0)
                                                     -2.360    -1.693 r  CLK0/inst/mmcm_adv_inst/CLKOUT0
                         net (fo=2, routed)           0.486    -1.207    CLK0/inst/clk_out1_clk_wiz_0
    BUFGCTRL_X0Y0        BUFGCTRL (Prop_bufgctrl_I0_O)
                                                      0.026    -1.181 r  CLK0/inst/clkout1_buf/O
                         net (fo=1526, routed)        0.557    -0.624    u_reset_sync/clk_65M
    SLICE_X32Y63         FDCE                                         r  u_reset_sync/reset_distribution_reg_rep/C
  -------------------------------------------------------------------    -------------------
    SLICE_X32Y63         FDCE (Prop_fdce_C_Q)         0.141    -0.483 r  u_reset_sync/reset_distribution_reg_rep/Q
                         net (fo=31, routed)          1.275     0.792    u_reset_sync/reset_distribution_reg_rep_0
    SLICE_X54Y84         LUT1 (Prop_lut1_I0_O)        0.044     0.836 f  u_reset_sync/FSM_onehot_state[16]_i_2/O
                         net (fo=840, routed)         0.875     1.710    u_top_fsm/u_mouse_ctl/p_0_in
    SLICE_X47Y47         FDCE                                         f  u_top_fsm/u_mouse_ctl/x_sign_reg/CLR
  -------------------------------------------------------------------    -------------------

                         (clock clk_out1_clk_wiz_0 rise edge)
                                                      0.000     0.000 r  
    W5                                                0.000     0.000 r  clk (IN)
                         net (fo=0)                   0.000     0.000    CLK0/inst/clk
    W5                   IBUF (Prop_ibuf_I_O)         0.414     0.414 r  CLK0/inst/clkin1_ibufg/O
                         net (fo=1, routed)           0.480     0.894    CLK0/inst/clk_in_clk_wiz_0
    MMCME2_ADV_X1Y0      MMCME2_ADV (Prop_mmcme2_adv_CLKIN1_CLKOUT0)
                                                     -3.142    -2.248 r  CLK0/inst/mmcm_adv_inst/CLKOUT0
                         net (fo=2, routed)           0.530    -1.718    CLK0/inst/clk_out1_clk_wiz_0
    BUFGCTRL_X0Y0        BUFGCTRL (Prop_bufgctrl_I0_O)
                                                      0.029    -1.689 r  CLK0/inst/clkout1_buf/O
                         net (fo=1526, routed)        0.835    -0.855    u_top_fsm/u_mouse_ctl/clk_65M
    SLICE_X47Y47         FDCE                                         r  u_top_fsm/u_mouse_ctl/x_sign_reg/C
                         clock pessimism              0.508    -0.346    
    SLICE_X47Y47         FDCE (Remov_fdce_C_CLR)     -0.165    -0.511    u_top_fsm/u_mouse_ctl/x_sign_reg
  -------------------------------------------------------------------
                         required time                          0.511    
                         arrival time                           1.710    
  -------------------------------------------------------------------
                         slack                                  2.222    

Slack (MET) :             2.222ns  (arrival time - required time)
  Source:                 u_reset_sync/reset_distribution_reg_rep/C
                            (rising edge-triggered cell FDCE clocked by clk_out1_clk_wiz_0  {rise@0.000ns fall@7.692ns period=15.385ns})
  Destination:            u_top_fsm/u_mouse_ctl/y_overflow_reg/CLR
                            (removal check against rising-edge clock clk_out1_clk_wiz_0  {rise@0.000ns fall@7.692ns period=15.385ns})
  Path Group:             **async_default**
  Path Type:              Removal (Min at Fast Process Corner)
  Requirement:            0.000ns  (clk_out1_clk_wiz_0 rise@0.000ns - clk_out1_clk_wiz_0 rise@0.000ns)
  Data Path Delay:        2.335ns  (logic 0.185ns (7.924%)  route 2.150ns (92.076%))
  Logic Levels:           1  (LUT1=1)
  Clock Path Skew:        0.278ns (DCD - SCD - CPR)
    Destination Clock Delay (DCD):    -0.855ns
    Source Clock Delay      (SCD):    -0.624ns
    Clock Pessimism Removal (CPR):    -0.508ns

    Location             Delay type                Incr(ns)  Path(ns)    Netlist Resource(s)
  -------------------------------------------------------------------    -------------------
                         (clock clk_out1_clk_wiz_0 rise edge)
                                                      0.000     0.000 r  
    W5                                                0.000     0.000 r  clk (IN)
                         net (fo=0)                   0.000     0.000    CLK0/inst/clk
    W5                   IBUF (Prop_ibuf_I_O)         0.226     0.226 r  CLK0/inst/clkin1_ibufg/O
                         net (fo=1, routed)           0.440     0.667    CLK0/inst/clk_in_clk_wiz_0
    MMCME2_ADV_X1Y0      MMCME2_ADV (Prop_mmcme2_adv_CLKIN1_CLKOUT0)
                                                     -2.360    -1.693 r  CLK0/inst/mmcm_adv_inst/CLKOUT0
                         net (fo=2, routed)           0.486    -1.207    CLK0/inst/clk_out1_clk_wiz_0
    BUFGCTRL_X0Y0        BUFGCTRL (Prop_bufgctrl_I0_O)
                                                      0.026    -1.181 r  CLK0/inst/clkout1_buf/O
                         net (fo=1526, routed)        0.557    -0.624    u_reset_sync/clk_65M
    SLICE_X32Y63         FDCE                                         r  u_reset_sync/reset_distribution_reg_rep/C
  -------------------------------------------------------------------    -------------------
    SLICE_X32Y63         FDCE (Prop_fdce_C_Q)         0.141    -0.483 r  u_reset_sync/reset_distribution_reg_rep/Q
                         net (fo=31, routed)          1.275     0.792    u_reset_sync/reset_distribution_reg_rep_0
    SLICE_X54Y84         LUT1 (Prop_lut1_I0_O)        0.044     0.836 f  u_reset_sync/FSM_onehot_state[16]_i_2/O
                         net (fo=840, routed)         0.875     1.710    u_top_fsm/u_mouse_ctl/p_0_in
    SLICE_X47Y47         FDCE                                         f  u_top_fsm/u_mouse_ctl/y_overflow_reg/CLR
  -------------------------------------------------------------------    -------------------

                         (clock clk_out1_clk_wiz_0 rise edge)
                                                      0.000     0.000 r  
    W5                                                0.000     0.000 r  clk (IN)
                         net (fo=0)                   0.000     0.000    CLK0/inst/clk
    W5                   IBUF (Prop_ibuf_I_O)         0.414     0.414 r  CLK0/inst/clkin1_ibufg/O
                         net (fo=1, routed)           0.480     0.894    CLK0/inst/clk_in_clk_wiz_0
    MMCME2_ADV_X1Y0      MMCME2_ADV (Prop_mmcme2_adv_CLKIN1_CLKOUT0)
                                                     -3.142    -2.248 r  CLK0/inst/mmcm_adv_inst/CLKOUT0
                         net (fo=2, routed)           0.530    -1.718    CLK0/inst/clk_out1_clk_wiz_0
    BUFGCTRL_X0Y0        BUFGCTRL (Prop_bufgctrl_I0_O)
                                                      0.029    -1.689 r  CLK0/inst/clkout1_buf/O
                         net (fo=1526, routed)        0.835    -0.855    u_top_fsm/u_mouse_ctl/clk_65M
    SLICE_X47Y47         FDCE                                         r  u_top_fsm/u_mouse_ctl/y_overflow_reg/C
                         clock pessimism              0.508    -0.346    
    SLICE_X47Y47         FDCE (Remov_fdce_C_CLR)     -0.165    -0.511    u_top_fsm/u_mouse_ctl/y_overflow_reg
  -------------------------------------------------------------------
                         required time                          0.511    
                         arrival time                           1.710    
  -------------------------------------------------------------------
                         slack                                  2.222    

Slack (MET) :             2.222ns  (arrival time - required time)
  Source:                 u_reset_sync/reset_distribution_reg_rep/C
                            (rising edge-triggered cell FDCE clocked by clk_out1_clk_wiz_0  {rise@0.000ns fall@7.692ns period=15.385ns})
  Destination:            u_top_fsm/u_mouse_ctl/y_sign_reg/CLR
                            (removal check against rising-edge clock clk_out1_clk_wiz_0  {rise@0.000ns fall@7.692ns period=15.385ns})
  Path Group:             **async_default**
  Path Type:              Removal (Min at Fast Process Corner)
  Requirement:            0.000ns  (clk_out1_clk_wiz_0 rise@0.000ns - clk_out1_clk_wiz_0 rise@0.000ns)
  Data Path Delay:        2.335ns  (logic 0.185ns (7.924%)  route 2.150ns (92.076%))
  Logic Levels:           1  (LUT1=1)
  Clock Path Skew:        0.278ns (DCD - SCD - CPR)
    Destination Clock Delay (DCD):    -0.855ns
    Source Clock Delay      (SCD):    -0.624ns
    Clock Pessimism Removal (CPR):    -0.508ns

    Location             Delay type                Incr(ns)  Path(ns)    Netlist Resource(s)
  -------------------------------------------------------------------    -------------------
                         (clock clk_out1_clk_wiz_0 rise edge)
                                                      0.000     0.000 r  
    W5                                                0.000     0.000 r  clk (IN)
                         net (fo=0)                   0.000     0.000    CLK0/inst/clk
    W5                   IBUF (Prop_ibuf_I_O)         0.226     0.226 r  CLK0/inst/clkin1_ibufg/O
                         net (fo=1, routed)           0.440     0.667    CLK0/inst/clk_in_clk_wiz_0
    MMCME2_ADV_X1Y0      MMCME2_ADV (Prop_mmcme2_adv_CLKIN1_CLKOUT0)
                                                     -2.360    -1.693 r  CLK0/inst/mmcm_adv_inst/CLKOUT0
                         net (fo=2, routed)           0.486    -1.207    CLK0/inst/clk_out1_clk_wiz_0
    BUFGCTRL_X0Y0        BUFGCTRL (Prop_bufgctrl_I0_O)
                                                      0.026    -1.181 r  CLK0/inst/clkout1_buf/O
                         net (fo=1526, routed)        0.557    -0.624    u_reset_sync/clk_65M
    SLICE_X32Y63         FDCE                                         r  u_reset_sync/reset_distribution_reg_rep/C
  -------------------------------------------------------------------    -------------------
    SLICE_X32Y63         FDCE (Prop_fdce_C_Q)         0.141    -0.483 r  u_reset_sync/reset_distribution_reg_rep/Q
                         net (fo=31, routed)          1.275     0.792    u_reset_sync/reset_distribution_reg_rep_0
    SLICE_X54Y84         LUT1 (Prop_lut1_I0_O)        0.044     0.836 f  u_reset_sync/FSM_onehot_state[16]_i_2/O
                         net (fo=840, routed)         0.875     1.710    u_top_fsm/u_mouse_ctl/p_0_in
    SLICE_X47Y47         FDCE                                         f  u_top_fsm/u_mouse_ctl/y_sign_reg/CLR
  -------------------------------------------------------------------    -------------------

                         (clock clk_out1_clk_wiz_0 rise edge)
                                                      0.000     0.000 r  
    W5                                                0.000     0.000 r  clk (IN)
                         net (fo=0)                   0.000     0.000    CLK0/inst/clk
    W5                   IBUF (Prop_ibuf_I_O)         0.414     0.414 r  CLK0/inst/clkin1_ibufg/O
                         net (fo=1, routed)           0.480     0.894    CLK0/inst/clk_in_clk_wiz_0
    MMCME2_ADV_X1Y0      MMCME2_ADV (Prop_mmcme2_adv_CLKIN1_CLKOUT0)
                                                     -3.142    -2.248 r  CLK0/inst/mmcm_adv_inst/CLKOUT0
                         net (fo=2, routed)           0.530    -1.718    CLK0/inst/clk_out1_clk_wiz_0
    BUFGCTRL_X0Y0        BUFGCTRL (Prop_bufgctrl_I0_O)
                                                      0.029    -1.689 r  CLK0/inst/clkout1_buf/O
                         net (fo=1526, routed)        0.835    -0.855    u_top_fsm/u_mouse_ctl/clk_65M
    SLICE_X47Y47         FDCE                                         r  u_top_fsm/u_mouse_ctl/y_sign_reg/C
                         clock pessimism              0.508    -0.346    
    SLICE_X47Y47         FDCE (Remov_fdce_C_CLR)     -0.165    -0.511    u_top_fsm/u_mouse_ctl/y_sign_reg
  -------------------------------------------------------------------
                         required time                          0.511    
                         arrival time                           1.710    
  -------------------------------------------------------------------
                         slack                                  2.222    

Slack (MET) :             2.259ns  (arrival time - required time)
  Source:                 u_reset_sync/reset_distribution_reg_rep/C
                            (rising edge-triggered cell FDCE clocked by clk_out1_clk_wiz_0  {rise@0.000ns fall@7.692ns period=15.385ns})
  Destination:            u_top_fsm/u_mouse_ctl/x_inc_reg[1]/CLR
                            (removal check against rising-edge clock clk_out1_clk_wiz_0  {rise@0.000ns fall@7.692ns period=15.385ns})
  Path Group:             **async_default**
  Path Type:              Removal (Min at Fast Process Corner)
  Requirement:            0.000ns  (clk_out1_clk_wiz_0 rise@0.000ns - clk_out1_clk_wiz_0 rise@0.000ns)
  Data Path Delay:        2.396ns  (logic 0.185ns (7.721%)  route 2.211ns (92.279%))
  Logic Levels:           1  (LUT1=1)
  Clock Path Skew:        0.277ns (DCD - SCD - CPR)
    Destination Clock Delay (DCD):    -0.856ns
    Source Clock Delay      (SCD):    -0.624ns
    Clock Pessimism Removal (CPR):    -0.508ns

    Location             Delay type                Incr(ns)  Path(ns)    Netlist Resource(s)
  -------------------------------------------------------------------    -------------------
                         (clock clk_out1_clk_wiz_0 rise edge)
                                                      0.000     0.000 r  
    W5                                                0.000     0.000 r  clk (IN)
                         net (fo=0)                   0.000     0.000    CLK0/inst/clk
    W5                   IBUF (Prop_ibuf_I_O)         0.226     0.226 r  CLK0/inst/clkin1_ibufg/O
                         net (fo=1, routed)           0.440     0.667    CLK0/inst/clk_in_clk_wiz_0
    MMCME2_ADV_X1Y0      MMCME2_ADV (Prop_mmcme2_adv_CLKIN1_CLKOUT0)
                                                     -2.360    -1.693 r  CLK0/inst/mmcm_adv_inst/CLKOUT0
                         net (fo=2, routed)           0.486    -1.207    CLK0/inst/clk_out1_clk_wiz_0
    BUFGCTRL_X0Y0        BUFGCTRL (Prop_bufgctrl_I0_O)
                                                      0.026    -1.181 r  CLK0/inst/clkout1_buf/O
                         net (fo=1526, routed)        0.557    -0.624    u_reset_sync/clk_65M
    SLICE_X32Y63         FDCE                                         r  u_reset_sync/reset_distribution_reg_rep/C
  -------------------------------------------------------------------    -------------------
    SLICE_X32Y63         FDCE (Prop_fdce_C_Q)         0.141    -0.483 r  u_reset_sync/reset_distribution_reg_rep/Q
                         net (fo=31, routed)          1.275     0.792    u_reset_sync/reset_distribution_reg_rep_0
    SLICE_X54Y84         LUT1 (Prop_lut1_I0_O)        0.044     0.836 f  u_reset_sync/FSM_onehot_state[16]_i_2/O
                         net (fo=840, routed)         0.936     1.772    u_top_fsm/u_mouse_ctl/p_0_in
    SLICE_X46Y46         FDCE                                         f  u_top_fsm/u_mouse_ctl/x_inc_reg[1]/CLR
  -------------------------------------------------------------------    -------------------

                         (clock clk_out1_clk_wiz_0 rise edge)
                                                      0.000     0.000 r  
    W5                                                0.000     0.000 r  clk (IN)
                         net (fo=0)                   0.000     0.000    CLK0/inst/clk
    W5                   IBUF (Prop_ibuf_I_O)         0.414     0.414 r  CLK0/inst/clkin1_ibufg/O
                         net (fo=1, routed)           0.480     0.894    CLK0/inst/clk_in_clk_wiz_0
    MMCME2_ADV_X1Y0      MMCME2_ADV (Prop_mmcme2_adv_CLKIN1_CLKOUT0)
                                                     -3.142    -2.248 r  CLK0/inst/mmcm_adv_inst/CLKOUT0
                         net (fo=2, routed)           0.530    -1.718    CLK0/inst/clk_out1_clk_wiz_0
    BUFGCTRL_X0Y0        BUFGCTRL (Prop_bufgctrl_I0_O)
                                                      0.029    -1.689 r  CLK0/inst/clkout1_buf/O
                         net (fo=1526, routed)        0.834    -0.856    u_top_fsm/u_mouse_ctl/clk_65M
    SLICE_X46Y46         FDCE                                         r  u_top_fsm/u_mouse_ctl/x_inc_reg[1]/C
                         clock pessimism              0.508    -0.347    
    SLICE_X46Y46         FDCE (Remov_fdce_C_CLR)     -0.140    -0.487    u_top_fsm/u_mouse_ctl/x_inc_reg[1]
  -------------------------------------------------------------------
                         required time                          0.487    
                         arrival time                           1.772    
  -------------------------------------------------------------------
                         slack                                  2.259    





--------------------------------------------------------------------------------------
Path Group:  (none)
From Clock:  
  To Clock:  clk_out1_clk_wiz_0

Max Delay            19 Endpoints
Min Delay            19 Endpoints
--------------------------------------------------------------------------------------


Max Delay Paths
--------------------------------------------------------------------------------------
Slack:                    inf
  Source:                 btnC
                            (input port)
  Destination:            u_reset_sync/release_sync_reg[0]/CLR
                            (recovery check against rising-edge clock clk_out1_clk_wiz_0  {rise@0.000ns fall@7.692ns period=15.385ns})
  Path Group:             (none)
  Path Type:              Recovery (Max at Slow Process Corner)
  Data Path Delay:        6.027ns  (logic 1.565ns (25.971%)  route 4.462ns (74.029%))
  Logic Levels:           2  (IBUF=1 LUT2=1)
  Clock Path Skew:        -1.566ns (DCD - SCD + CPR)
    Destination Clock Delay (DCD):    -1.566ns
    Source Clock Delay      (SCD):    0.000ns
    Clock Pessimism Removal (CPR):    0.000ns
  Clock Uncertainty:      0.426ns  ((TSJ^2 + DJ^2)^1/2) / 2 + PE
    Total System Jitter     (TSJ):    0.050ns
    Discrete Jitter          (DJ):    0.251ns
    Phase Error              (PE):    0.298ns
  Timing Exception:       False Path

    Location             Delay type                Incr(ns)  Path(ns)    Netlist Resource(s)
  -------------------------------------------------------------------    -------------------
    U18                                               0.000     0.000 f  btnC (IN)
                         net (fo=0)                   0.000     0.000    btnC
    U18                  IBUF (Prop_ibuf_I_O)         1.441     1.441 f  btnC_IBUF_inst/O
                         net (fo=1, routed)           2.814     4.256    CLK0/inst/btnC_IBUF
    SLICE_X31Y45         LUT2 (Prop_lut2_I0_O)        0.124     4.380 f  CLK0/inst/release_sync[1]_i_1/O
                         net (fo=5, routed)           1.647     6.027    u_reset_sync/release_sync_reg[1]_0
    SLICE_X31Y64         FDCE                                         f  u_reset_sync/release_sync_reg[0]/CLR
  -------------------------------------------------------------------    -------------------

                         (clock clk_out1_clk_wiz_0 rise edge)
                                                      0.000     0.000 r  
    W5                                                0.000     0.000 r  clk (IN)
                         net (fo=0)                   0.000     0.000    CLK0/inst/clk
    W5                   IBUF (Prop_ibuf_I_O)         1.388     1.388 r  CLK0/inst/clkin1_ibufg/O
                         net (fo=1, routed)           1.162     2.550    CLK0/inst/clk_in_clk_wiz_0
    MMCME2_ADV_X1Y0      MMCME2_ADV (Prop_mmcme2_adv_CLKIN1_CLKOUT0)
                                                     -7.217    -4.668 r  CLK0/inst/mmcm_adv_inst/CLKOUT0
                         net (fo=2, routed)           1.581    -3.086    CLK0/inst/clk_out1_clk_wiz_0
    BUFGCTRL_X0Y0        BUFGCTRL (Prop_bufgctrl_I0_O)
                                                      0.091    -2.995 r  CLK0/inst/clkout1_buf/O
                         net (fo=1526, routed)        1.430    -1.566    u_reset_sync/clk_65M
    SLICE_X31Y64         FDCE                                         r  u_reset_sync/release_sync_reg[0]/C

Slack:                    inf
  Source:                 btnC
                            (input port)
  Destination:            u_reset_sync/release_sync_reg[1]/CLR
                            (recovery check against rising-edge clock clk_out1_clk_wiz_0  {rise@0.000ns fall@7.692ns period=15.385ns})
  Path Group:             (none)
  Path Type:              Recovery (Max at Slow Process Corner)
  Data Path Delay:        6.027ns  (logic 1.565ns (25.971%)  route 4.462ns (74.029%))
  Logic Levels:           2  (IBUF=1 LUT2=1)
  Clock Path Skew:        -1.566ns (DCD - SCD + CPR)
    Destination Clock Delay (DCD):    -1.566ns
    Source Clock Delay      (SCD):    0.000ns
    Clock Pessimism Removal (CPR):    0.000ns
  Clock Uncertainty:      0.426ns  ((TSJ^2 + DJ^2)^1/2) / 2 + PE
    Total System Jitter     (TSJ):    0.050ns
    Discrete Jitter          (DJ):    0.251ns
    Phase Error              (PE):    0.298ns
  Timing Exception:       False Path

    Location             Delay type                Incr(ns)  Path(ns)    Netlist Resource(s)
  -------------------------------------------------------------------    -------------------
    U18                                               0.000     0.000 f  btnC (IN)
                         net (fo=0)                   0.000     0.000    btnC
    U18                  IBUF (Prop_ibuf_I_O)         1.441     1.441 f  btnC_IBUF_inst/O
                         net (fo=1, routed)           2.814     4.256    CLK0/inst/btnC_IBUF
    SLICE_X31Y45         LUT2 (Prop_lut2_I0_O)        0.124     4.380 f  CLK0/inst/release_sync[1]_i_1/O
                         net (fo=5, routed)           1.647     6.027    u_reset_sync/release_sync_reg[1]_0
    SLICE_X31Y64         FDCE                                         f  u_reset_sync/release_sync_reg[1]/CLR
  -------------------------------------------------------------------    -------------------

                         (clock clk_out1_clk_wiz_0 rise edge)
                                                      0.000     0.000 r  
    W5                                                0.000     0.000 r  clk (IN)
                         net (fo=0)                   0.000     0.000    CLK0/inst/clk
    W5                   IBUF (Prop_ibuf_I_O)         1.388     1.388 r  CLK0/inst/clkin1_ibufg/O
                         net (fo=1, routed)           1.162     2.550    CLK0/inst/clk_in_clk_wiz_0
    MMCME2_ADV_X1Y0      MMCME2_ADV (Prop_mmcme2_adv_CLKIN1_CLKOUT0)
                                                     -7.217    -4.668 r  CLK0/inst/mmcm_adv_inst/CLKOUT0
                         net (fo=2, routed)           1.581    -3.086    CLK0/inst/clk_out1_clk_wiz_0
    BUFGCTRL_X0Y0        BUFGCTRL (Prop_bufgctrl_I0_O)
                                                      0.091    -2.995 r  CLK0/inst/clkout1_buf/O
                         net (fo=1526, routed)        1.430    -1.566    u_reset_sync/clk_65M
    SLICE_X31Y64         FDCE                                         r  u_reset_sync/release_sync_reg[1]/C

Slack:                    inf
  Source:                 sw[0]
                            (input port)
  Destination:            u_top_fsm/u_switch_synchronizer/input_meta_reg[0]/D
                            (rising edge-triggered cell FDRE clocked by clk_out1_clk_wiz_0  {rise@0.000ns fall@7.692ns period=15.385ns})
  Path Group:             (none)
  Path Type:              Setup (Max at Slow Process Corner)
  Data Path Delay:        5.811ns  (logic 1.453ns (25.002%)  route 4.358ns (74.998%))
  Logic Levels:           1  (IBUF=1)
  Clock Path Skew:        -1.505ns (DCD - SCD + CPR)
    Destination Clock Delay (DCD):    -1.505ns
    Source Clock Delay      (SCD):    0.000ns
    Clock Pessimism Removal (CPR):    0.000ns
  Clock Uncertainty:      0.426ns  ((TSJ^2 + DJ^2)^1/2) / 2 + PE
    Total System Jitter     (TSJ):    0.050ns
    Discrete Jitter          (DJ):    0.251ns
    Phase Error              (PE):    0.298ns
  Timing Exception:       False Path

    Location             Delay type                Incr(ns)  Path(ns)    Netlist Resource(s)
  -------------------------------------------------------------------    -------------------
    V17                                               0.000     0.000 r  sw[0] (IN)
                         net (fo=0)                   0.000     0.000    sw[0]
    V17                  IBUF (Prop_ibuf_I_O)         1.453     1.453 r  sw_IBUF[0]_inst/O
                         net (fo=1, routed)           4.358     5.811    u_top_fsm/u_switch_synchronizer/input_meta_reg[15]_0[0]
    SLICE_X58Y75         FDRE                                         r  u_top_fsm/u_switch_synchronizer/input_meta_reg[0]/D
  -------------------------------------------------------------------    -------------------

                         (clock clk_out1_clk_wiz_0 rise edge)
                                                      0.000     0.000 r  
    W5                                                0.000     0.000 r  clk (IN)
                         net (fo=0)                   0.000     0.000    CLK0/inst/clk
    W5                   IBUF (Prop_ibuf_I_O)         1.388     1.388 r  CLK0/inst/clkin1_ibufg/O
                         net (fo=1, routed)           1.162     2.550    CLK0/inst/clk_in_clk_wiz_0
    MMCME2_ADV_X1Y0      MMCME2_ADV (Prop_mmcme2_adv_CLKIN1_CLKOUT0)
                                                     -7.217    -4.668 r  CLK0/inst/mmcm_adv_inst/CLKOUT0
                         net (fo=2, routed)           1.581    -3.086    CLK0/inst/clk_out1_clk_wiz_0
    BUFGCTRL_X0Y0        BUFGCTRL (Prop_bufgctrl_I0_O)
                                                      0.091    -2.995 r  CLK0/inst/clkout1_buf/O
                         net (fo=1526, routed)        1.491    -1.505    u_top_fsm/u_switch_synchronizer/clk_65M
    SLICE_X58Y75         FDRE                                         r  u_top_fsm/u_switch_synchronizer/input_meta_reg[0]/C

Slack:                    inf
  Source:                 btnC
                            (input port)
  Destination:            u_reset_sync/reset_distribution_reg_rep/CLR
                            (recovery check against rising-edge clock clk_out1_clk_wiz_0  {rise@0.000ns fall@7.692ns period=15.385ns})
  Path Group:             (none)
  Path Type:              Recovery (Max at Slow Process Corner)
  Data Path Delay:        5.761ns  (logic 1.565ns (27.170%)  route 4.196ns (72.830%))
  Logic Levels:           2  (IBUF=1 LUT2=1)
  Clock Path Skew:        -1.566ns (DCD - SCD + CPR)
    Destination Clock Delay (DCD):    -1.566ns
    Source Clock Delay      (SCD):    0.000ns
    Clock Pessimism Removal (CPR):    0.000ns
  Clock Uncertainty:      0.426ns  ((TSJ^2 + DJ^2)^1/2) / 2 + PE
    Total System Jitter     (TSJ):    0.050ns
    Discrete Jitter          (DJ):    0.251ns
    Phase Error              (PE):    0.298ns
  Timing Exception:       False Path

    Location             Delay type                Incr(ns)  Path(ns)    Netlist Resource(s)
  -------------------------------------------------------------------    -------------------
    U18                                               0.000     0.000 f  btnC (IN)
                         net (fo=0)                   0.000     0.000    btnC
    U18                  IBUF (Prop_ibuf_I_O)         1.441     1.441 f  btnC_IBUF_inst/O
                         net (fo=1, routed)           2.814     4.256    CLK0/inst/btnC_IBUF
    SLICE_X31Y45         LUT2 (Prop_lut2_I0_O)        0.124     4.380 f  CLK0/inst/release_sync[1]_i_1/O
                         net (fo=5, routed)           1.381     5.761    u_reset_sync/release_sync_reg[1]_0
    SLICE_X32Y63         FDCE                                         f  u_reset_sync/reset_distribution_reg_rep/CLR
  -------------------------------------------------------------------    -------------------

                         (clock clk_out1_clk_wiz_0 rise edge)
                                                      0.000     0.000 r  
    W5                                                0.000     0.000 r  clk (IN)
                         net (fo=0)                   0.000     0.000    CLK0/inst/clk
    W5                   IBUF (Prop_ibuf_I_O)         1.388     1.388 r  CLK0/inst/clkin1_ibufg/O
                         net (fo=1, routed)           1.162     2.550    CLK0/inst/clk_in_clk_wiz_0
    MMCME2_ADV_X1Y0      MMCME2_ADV (Prop_mmcme2_adv_CLKIN1_CLKOUT0)
                                                     -7.217    -4.668 r  CLK0/inst/mmcm_adv_inst/CLKOUT0
                         net (fo=2, routed)           1.581    -3.086    CLK0/inst/clk_out1_clk_wiz_0
    BUFGCTRL_X0Y0        BUFGCTRL (Prop_bufgctrl_I0_O)
                                                      0.091    -2.995 r  CLK0/inst/clkout1_buf/O
                         net (fo=1526, routed)        1.430    -1.566    u_reset_sync/clk_65M
    SLICE_X32Y63         FDCE                                         r  u_reset_sync/reset_distribution_reg_rep/C

Slack:                    inf
  Source:                 btnC
                            (input port)
  Destination:            u_reset_sync/reset_distribution_reg_rep__0/CLR
                            (recovery check against rising-edge clock clk_out1_clk_wiz_0  {rise@0.000ns fall@7.692ns period=15.385ns})
  Path Group:             (none)
  Path Type:              Recovery (Max at Slow Process Corner)
  Data Path Delay:        5.761ns  (logic 1.565ns (27.170%)  route 4.196ns (72.830%))
  Logic Levels:           2  (IBUF=1 LUT2=1)
  Clock Path Skew:        -1.566ns (DCD - SCD + CPR)
    Destination Clock Delay (DCD):    -1.566ns
    Source Clock Delay      (SCD):    0.000ns
    Clock Pessimism Removal (CPR):    0.000ns
  Clock Uncertainty:      0.426ns  ((TSJ^2 + DJ^2)^1/2) / 2 + PE
    Total System Jitter     (TSJ):    0.050ns
    Discrete Jitter          (DJ):    0.251ns
    Phase Error              (PE):    0.298ns
  Timing Exception:       False Path

    Location             Delay type                Incr(ns)  Path(ns)    Netlist Resource(s)
  -------------------------------------------------------------------    -------------------
    U18                                               0.000     0.000 f  btnC (IN)
                         net (fo=0)                   0.000     0.000    btnC
    U18                  IBUF (Prop_ibuf_I_O)         1.441     1.441 f  btnC_IBUF_inst/O
                         net (fo=1, routed)           2.814     4.256    CLK0/inst/btnC_IBUF
    SLICE_X31Y45         LUT2 (Prop_lut2_I0_O)        0.124     4.380 f  CLK0/inst/release_sync[1]_i_1/O
                         net (fo=5, routed)           1.381     5.761    u_reset_sync/release_sync_reg[1]_0
    SLICE_X32Y63         FDCE                                         f  u_reset_sync/reset_distribution_reg_rep__0/CLR
  -------------------------------------------------------------------    -------------------

                         (clock clk_out1_clk_wiz_0 rise edge)
                                                      0.000     0.000 r  
    W5                                                0.000     0.000 r  clk (IN)
                         net (fo=0)                   0.000     0.000    CLK0/inst/clk
    W5                   IBUF (Prop_ibuf_I_O)         1.388     1.388 r  CLK0/inst/clkin1_ibufg/O
                         net (fo=1, routed)           1.162     2.550    CLK0/inst/clk_in_clk_wiz_0
    MMCME2_ADV_X1Y0      MMCME2_ADV (Prop_mmcme2_adv_CLKIN1_CLKOUT0)
                                                     -7.217    -4.668 r  CLK0/inst/mmcm_adv_inst/CLKOUT0
                         net (fo=2, routed)           1.581    -3.086    CLK0/inst/clk_out1_clk_wiz_0
    BUFGCTRL_X0Y0        BUFGCTRL (Prop_bufgctrl_I0_O)
                                                      0.091    -2.995 r  CLK0/inst/clkout1_buf/O
                         net (fo=1526, routed)        1.430    -1.566    u_reset_sync/clk_65M
    SLICE_X32Y63         FDCE                                         r  u_reset_sync/reset_distribution_reg_rep__0/C

Slack:                    inf
  Source:                 sw[1]
                            (input port)
  Destination:            u_top_fsm/u_switch_synchronizer/input_meta_reg[1]/D
                            (rising edge-triggered cell FDRE clocked by clk_out1_clk_wiz_0  {rise@0.000ns fall@7.692ns period=15.385ns})
  Path Group:             (none)
  Path Type:              Setup (Max at Slow Process Corner)
  Data Path Delay:        5.750ns  (logic 1.461ns (25.416%)  route 4.288ns (74.584%))
  Logic Levels:           1  (IBUF=1)
  Clock Path Skew:        -1.569ns (DCD - SCD + CPR)
    Destination Clock Delay (DCD):    -1.569ns
    Source Clock Delay      (SCD):    0.000ns
    Clock Pessimism Removal (CPR):    0.000ns
  Clock Uncertainty:      0.426ns  ((TSJ^2 + DJ^2)^1/2) / 2 + PE
    Total System Jitter     (TSJ):    0.050ns
    Discrete Jitter          (DJ):    0.251ns
    Phase Error              (PE):    0.298ns
  Timing Exception:       False Path

    Location             Delay type                Incr(ns)  Path(ns)    Netlist Resource(s)
  -------------------------------------------------------------------    -------------------
    V16                                               0.000     0.000 r  sw[1] (IN)
                         net (fo=0)                   0.000     0.000    sw[1]
    V16                  IBUF (Prop_ibuf_I_O)         1.461     1.461 r  sw_IBUF[1]_inst/O
                         net (fo=1, routed)           4.288     5.750    u_top_fsm/u_switch_synchronizer/input_meta_reg[15]_0[1]
    SLICE_X54Y73         FDRE                                         r  u_top_fsm/u_switch_synchronizer/input_meta_reg[1]/D
  -------------------------------------------------------------------    -------------------

                         (clock clk_out1_clk_wiz_0 rise edge)
                                                      0.000     0.000 r  
    W5                                                0.000     0.000 r  clk (IN)
                         net (fo=0)                   0.000     0.000    CLK0/inst/clk
    W5                   IBUF (Prop_ibuf_I_O)         1.388     1.388 r  CLK0/inst/clkin1_ibufg/O
                         net (fo=1, routed)           1.162     2.550    CLK0/inst/clk_in_clk_wiz_0
    MMCME2_ADV_X1Y0      MMCME2_ADV (Prop_mmcme2_adv_CLKIN1_CLKOUT0)
                                                     -7.217    -4.668 r  CLK0/inst/mmcm_adv_inst/CLKOUT0
                         net (fo=2, routed)           1.581    -3.086    CLK0/inst/clk_out1_clk_wiz_0
    BUFGCTRL_X0Y0        BUFGCTRL (Prop_bufgctrl_I0_O)
                                                      0.091    -2.995 r  CLK0/inst/clkout1_buf/O
                         net (fo=1526, routed)        1.427    -1.569    u_top_fsm/u_switch_synchronizer/clk_65M
    SLICE_X54Y73         FDRE                                         r  u_top_fsm/u_switch_synchronizer/input_meta_reg[1]/C

Slack:                    inf
  Source:                 sw[3]
                            (input port)
  Destination:            u_top_fsm/u_switch_synchronizer/input_meta_reg[3]/D
                            (rising edge-triggered cell FDRE clocked by clk_out1_clk_wiz_0  {rise@0.000ns fall@7.692ns period=15.385ns})
  Path Group:             (none)
  Path Type:              Setup (Max at Slow Process Corner)
  Data Path Delay:        5.749ns  (logic 1.448ns (25.194%)  route 4.301ns (74.806%))
  Logic Levels:           1  (IBUF=1)
  Clock Path Skew:        -1.569ns (DCD - SCD + CPR)
    Destination Clock Delay (DCD):    -1.569ns
    Source Clock Delay      (SCD):    0.000ns
    Clock Pessimism Removal (CPR):    0.000ns
  Clock Uncertainty:      0.426ns  ((TSJ^2 + DJ^2)^1/2) / 2 + PE
    Total System Jitter     (TSJ):    0.050ns
    Discrete Jitter          (DJ):    0.251ns
    Phase Error              (PE):    0.298ns
  Timing Exception:       False Path

    Location             Delay type                Incr(ns)  Path(ns)    Netlist Resource(s)
  -------------------------------------------------------------------    -------------------
    W17                                               0.000     0.000 r  sw[3] (IN)
                         net (fo=0)                   0.000     0.000    sw[3]
    W17                  IBUF (Prop_ibuf_I_O)         1.448     1.448 r  sw_IBUF[3]_inst/O
                         net (fo=1, routed)           4.301     5.749    u_top_fsm/u_switch_synchronizer/input_meta_reg[15]_0[3]
    SLICE_X55Y73         FDRE                                         r  u_top_fsm/u_switch_synchronizer/input_meta_reg[3]/D
  -------------------------------------------------------------------    -------------------

                         (clock clk_out1_clk_wiz_0 rise edge)
                                                      0.000     0.000 r  
    W5                                                0.000     0.000 r  clk (IN)
                         net (fo=0)                   0.000     0.000    CLK0/inst/clk
    W5                   IBUF (Prop_ibuf_I_O)         1.388     1.388 r  CLK0/inst/clkin1_ibufg/O
                         net (fo=1, routed)           1.162     2.550    CLK0/inst/clk_in_clk_wiz_0
    MMCME2_ADV_X1Y0      MMCME2_ADV (Prop_mmcme2_adv_CLKIN1_CLKOUT0)
                                                     -7.217    -4.668 r  CLK0/inst/mmcm_adv_inst/CLKOUT0
                         net (fo=2, routed)           1.581    -3.086    CLK0/inst/clk_out1_clk_wiz_0
    BUFGCTRL_X0Y0        BUFGCTRL (Prop_bufgctrl_I0_O)
                                                      0.091    -2.995 r  CLK0/inst/clkout1_buf/O
                         net (fo=1526, routed)        1.427    -1.569    u_top_fsm/u_switch_synchronizer/clk_65M
    SLICE_X55Y73         FDRE                                         r  u_top_fsm/u_switch_synchronizer/input_meta_reg[3]/C

Slack:                    inf
  Source:                 sw[6]
                            (input port)
  Destination:            u_top_fsm/u_switch_synchronizer/input_meta_reg[6]/D
                            (rising edge-triggered cell FDRE clocked by clk_out1_clk_wiz_0  {rise@0.000ns fall@7.692ns period=15.385ns})
  Path Group:             (none)
  Path Type:              Setup (Max at Slow Process Corner)
  Data Path Delay:        5.722ns  (logic 1.450ns (25.336%)  route 4.272ns (74.664%))
  Logic Levels:           1  (IBUF=1)
  Clock Path Skew:        -1.571ns (DCD - SCD + CPR)
    Destination Clock Delay (DCD):    -1.571ns
    Source Clock Delay      (SCD):    0.000ns
    Clock Pessimism Removal (CPR):    0.000ns
  Clock Uncertainty:      0.426ns  ((TSJ^2 + DJ^2)^1/2) / 2 + PE
    Total System Jitter     (TSJ):    0.050ns
    Discrete Jitter          (DJ):    0.251ns
    Phase Error              (PE):    0.298ns
  Timing Exception:       False Path

    Location             Delay type                Incr(ns)  Path(ns)    Netlist Resource(s)
  -------------------------------------------------------------------    -------------------
    W14                                               0.000     0.000 r  sw[6] (IN)
                         net (fo=0)                   0.000     0.000    sw[6]
    W14                  IBUF (Prop_ibuf_I_O)         1.450     1.450 r  sw_IBUF[6]_inst/O
                         net (fo=1, routed)           4.272     5.722    u_top_fsm/u_switch_synchronizer/input_meta_reg[15]_0[6]
    SLICE_X50Y75         FDRE                                         r  u_top_fsm/u_switch_synchronizer/input_meta_reg[6]/D
  -------------------------------------------------------------------    -------------------

                         (clock clk_out1_clk_wiz_0 rise edge)
                                                      0.000     0.000 r  
    W5                                                0.000     0.000 r  clk (IN)
                         net (fo=0)                   0.000     0.000    CLK0/inst/clk
    W5                   IBUF (Prop_ibuf_I_O)         1.388     1.388 r  CLK0/inst/clkin1_ibufg/O
                         net (fo=1, routed)           1.162     2.550    CLK0/inst/clk_in_clk_wiz_0
    MMCME2_ADV_X1Y0      MMCME2_ADV (Prop_mmcme2_adv_CLKIN1_CLKOUT0)
                                                     -7.217    -4.668 r  CLK0/inst/mmcm_adv_inst/CLKOUT0
                         net (fo=2, routed)           1.581    -3.086    CLK0/inst/clk_out1_clk_wiz_0
    BUFGCTRL_X0Y0        BUFGCTRL (Prop_bufgctrl_I0_O)
                                                      0.091    -2.995 r  CLK0/inst/clkout1_buf/O
                         net (fo=1526, routed)        1.425    -1.571    u_top_fsm/u_switch_synchronizer/clk_65M
    SLICE_X50Y75         FDRE                                         r  u_top_fsm/u_switch_synchronizer/input_meta_reg[6]/C

Slack:                    inf
  Source:                 sw[7]
                            (input port)
  Destination:            u_top_fsm/u_switch_synchronizer/input_meta_reg[7]/D
                            (rising edge-triggered cell FDRE clocked by clk_out1_clk_wiz_0  {rise@0.000ns fall@7.692ns period=15.385ns})
  Path Group:             (none)
  Path Type:              Setup (Max at Slow Process Corner)
  Data Path Delay:        5.628ns  (logic 1.459ns (25.920%)  route 4.170ns (74.080%))
  Logic Levels:           1  (IBUF=1)
  Clock Path Skew:        -1.569ns (DCD - SCD + CPR)
    Destination Clock Delay (DCD):    -1.569ns
    Source Clock Delay      (SCD):    0.000ns
    Clock Pessimism Removal (CPR):    0.000ns
  Clock Uncertainty:      0.426ns  ((TSJ^2 + DJ^2)^1/2) / 2 + PE
    Total System Jitter     (TSJ):    0.050ns
    Discrete Jitter          (DJ):    0.251ns
    Phase Error              (PE):    0.298ns
  Timing Exception:       False Path

    Location             Delay type                Incr(ns)  Path(ns)    Netlist Resource(s)
  -------------------------------------------------------------------    -------------------
    W13                                               0.000     0.000 r  sw[7] (IN)
                         net (fo=0)                   0.000     0.000    sw[7]
    W13                  IBUF (Prop_ibuf_I_O)         1.459     1.459 r  sw_IBUF[7]_inst/O
                         net (fo=1, routed)           4.170     5.628    u_top_fsm/u_switch_synchronizer/input_meta_reg[15]_0[7]
    SLICE_X48Y72         FDRE                                         r  u_top_fsm/u_switch_synchronizer/input_meta_reg[7]/D
  -------------------------------------------------------------------    -------------------

                         (clock clk_out1_clk_wiz_0 rise edge)
                                                      0.000     0.000 r  
    W5                                                0.000     0.000 r  clk (IN)
                         net (fo=0)                   0.000     0.000    CLK0/inst/clk
    W5                   IBUF (Prop_ibuf_I_O)         1.388     1.388 r  CLK0/inst/clkin1_ibufg/O
                         net (fo=1, routed)           1.162     2.550    CLK0/inst/clk_in_clk_wiz_0
    MMCME2_ADV_X1Y0      MMCME2_ADV (Prop_mmcme2_adv_CLKIN1_CLKOUT0)
                                                     -7.217    -4.668 r  CLK0/inst/mmcm_adv_inst/CLKOUT0
                         net (fo=2, routed)           1.581    -3.086    CLK0/inst/clk_out1_clk_wiz_0
    BUFGCTRL_X0Y0        BUFGCTRL (Prop_bufgctrl_I0_O)
                                                      0.091    -2.995 r  CLK0/inst/clkout1_buf/O
                         net (fo=1526, routed)        1.427    -1.569    u_top_fsm/u_switch_synchronizer/clk_65M
    SLICE_X48Y72         FDRE                                         r  u_top_fsm/u_switch_synchronizer/input_meta_reg[7]/C

Slack:                    inf
  Source:                 sw[5]
                            (input port)
  Destination:            u_top_fsm/u_switch_synchronizer/input_meta_reg[5]/D
                            (rising edge-triggered cell FDRE clocked by clk_out1_clk_wiz_0  {rise@0.000ns fall@7.692ns period=15.385ns})
  Path Group:             (none)
  Path Type:              Setup (Max at Slow Process Corner)
  Data Path Delay:        5.627ns  (logic 1.466ns (26.054%)  route 4.161ns (73.946%))
  Logic Levels:           1  (IBUF=1)
  Clock Path Skew:        -1.572ns (DCD - SCD + CPR)
    Destination Clock Delay (DCD):    -1.572ns
    Source Clock Delay      (SCD):    0.000ns
    Clock Pessimism Removal (CPR):    0.000ns
  Clock Uncertainty:      0.426ns  ((TSJ^2 + DJ^2)^1/2) / 2 + PE
    Total System Jitter     (TSJ):    0.050ns
    Discrete Jitter          (DJ):    0.251ns
    Phase Error              (PE):    0.298ns
  Timing Exception:       False Path

    Location             Delay type                Incr(ns)  Path(ns)    Netlist Resource(s)
  -------------------------------------------------------------------    -------------------
    V15                                               0.000     0.000 r  sw[5] (IN)
                         net (fo=0)                   0.000     0.000    sw[5]
    V15                  IBUF (Prop_ibuf_I_O)         1.466     1.466 r  sw_IBUF[5]_inst/O
                         net (fo=1, routed)           4.161     5.627    u_top_fsm/u_switch_synchronizer/input_meta_reg[15]_0[5]
    SLICE_X48Y74         FDRE                                         r  u_top_fsm/u_switch_synchronizer/input_meta_reg[5]/D
  -------------------------------------------------------------------    -------------------

                         (clock clk_out1_clk_wiz_0 rise edge)
                                                      0.000     0.000 r  
    W5                                                0.000     0.000 r  clk (IN)
                         net (fo=0)                   0.000     0.000    CLK0/inst/clk
    W5                   IBUF (Prop_ibuf_I_O)         1.388     1.388 r  CLK0/inst/clkin1_ibufg/O
                         net (fo=1, routed)           1.162     2.550    CLK0/inst/clk_in_clk_wiz_0
    MMCME2_ADV_X1Y0      MMCME2_ADV (Prop_mmcme2_adv_CLKIN1_CLKOUT0)
                                                     -7.217    -4.668 r  CLK0/inst/mmcm_adv_inst/CLKOUT0
                         net (fo=2, routed)           1.581    -3.086    CLK0/inst/clk_out1_clk_wiz_0
    BUFGCTRL_X0Y0        BUFGCTRL (Prop_bufgctrl_I0_O)
                                                      0.091    -2.995 r  CLK0/inst/clkout1_buf/O
                         net (fo=1526, routed)        1.424    -1.572    u_top_fsm/u_switch_synchronizer/clk_65M
    SLICE_X48Y74         FDRE                                         r  u_top_fsm/u_switch_synchronizer/input_meta_reg[5]/C

Slack:                    inf
  Source:                 btnC
                            (input port)
  Destination:            u_reset_sync/reset_distribution_reg/CLR
                            (recovery check against rising-edge clock clk_out1_clk_wiz_0  {rise@0.000ns fall@7.692ns period=15.385ns})
  Path Group:             (none)
  Path Type:              Recovery (Max at Slow Process Corner)
  Data Path Delay:        5.519ns  (logic 1.565ns (28.364%)  route 3.953ns (71.636%))
  Logic Levels:           2  (IBUF=1 LUT2=1)
  Clock Path Skew:        -1.564ns (DCD - SCD + CPR)
    Destination Clock Delay (DCD):    -1.564ns
    Source Clock Delay      (SCD):    0.000ns
    Clock Pessimism Removal (CPR):    0.000ns
  Clock Uncertainty:      0.426ns  ((TSJ^2 + DJ^2)^1/2) / 2 + PE
    Total System Jitter     (TSJ):    0.050ns
    Discrete Jitter          (DJ):    0.251ns
    Phase Error              (PE):    0.298ns
  Timing Exception:       False Path

    Location             Delay type                Incr(ns)  Path(ns)    Netlist Resource(s)
  -------------------------------------------------------------------    -------------------
    U18                                               0.000     0.000 f  btnC (IN)
                         net (fo=0)                   0.000     0.000    btnC
    U18                  IBUF (Prop_ibuf_I_O)         1.441     1.441 f  btnC_IBUF_inst/O
                         net (fo=1, routed)           2.814     4.256    CLK0/inst/btnC_IBUF
    SLICE_X31Y45         LUT2 (Prop_lut2_I0_O)        0.124     4.380 f  CLK0/inst/release_sync[1]_i_1/O
                         net (fo=5, routed)           1.139     5.519    u_reset_sync/release_sync_reg[1]_0
    SLICE_X32Y61         FDCE                                         f  u_reset_sync/reset_distribution_reg/CLR
  -------------------------------------------------------------------    -------------------

                         (clock clk_out1_clk_wiz_0 rise edge)
                                                      0.000     0.000 r  
    W5                                                0.000     0.000 r  clk (IN)
                         net (fo=0)                   0.000     0.000    CLK0/inst/clk
    W5                   IBUF (Prop_ibuf_I_O)         1.388     1.388 r  CLK0/inst/clkin1_ibufg/O
                         net (fo=1, routed)           1.162     2.550    CLK0/inst/clk_in_clk_wiz_0
    MMCME2_ADV_X1Y0      MMCME2_ADV (Prop_mmcme2_adv_CLKIN1_CLKOUT0)
                                                     -7.217    -4.668 r  CLK0/inst/mmcm_adv_inst/CLKOUT0
                         net (fo=2, routed)           1.581    -3.086    CLK0/inst/clk_out1_clk_wiz_0
    BUFGCTRL_X0Y0        BUFGCTRL (Prop_bufgctrl_I0_O)
                                                      0.091    -2.995 r  CLK0/inst/clkout1_buf/O
                         net (fo=1526, routed)        1.432    -1.564    u_reset_sync/clk_65M
    SLICE_X32Y61         FDCE                                         r  u_reset_sync/reset_distribution_reg/C

Slack:                    inf
  Source:                 sw[4]
                            (input port)
  Destination:            u_top_fsm/u_switch_synchronizer/input_meta_reg[4]/D
                            (rising edge-triggered cell FDRE clocked by clk_out1_clk_wiz_0  {rise@0.000ns fall@7.692ns period=15.385ns})
  Path Group:             (none)
  Path Type:              Setup (Max at Slow Process Corner)
  Data Path Delay:        5.509ns  (logic 1.451ns (26.335%)  route 4.058ns (73.665%))
  Logic Levels:           1  (IBUF=1)
  Clock Path Skew:        -1.572ns (DCD - SCD + CPR)
    Destination Clock Delay (DCD):    -1.572ns
    Source Clock Delay      (SCD):    0.000ns
    Clock Pessimism Removal (CPR):    0.000ns
  Clock Uncertainty:      0.426ns  ((TSJ^2 + DJ^2)^1/2) / 2 + PE
    Total System Jitter     (TSJ):    0.050ns
    Discrete Jitter          (DJ):    0.251ns
    Phase Error              (PE):    0.298ns
  Timing Exception:       False Path

    Location             Delay type                Incr(ns)  Path(ns)    Netlist Resource(s)
  -------------------------------------------------------------------    -------------------
    W15                                               0.000     0.000 r  sw[4] (IN)
                         net (fo=0)                   0.000     0.000    sw[4]
    W15                  IBUF (Prop_ibuf_I_O)         1.451     1.451 r  sw_IBUF[4]_inst/O
                         net (fo=1, routed)           4.058     5.509    u_top_fsm/u_switch_synchronizer/input_meta_reg[15]_0[4]
    SLICE_X48Y74         FDRE                                         r  u_top_fsm/u_switch_synchronizer/input_meta_reg[4]/D
  -------------------------------------------------------------------    -------------------

                         (clock clk_out1_clk_wiz_0 rise edge)
                                                      0.000     0.000 r  
    W5                                                0.000     0.000 r  clk (IN)
                         net (fo=0)                   0.000     0.000    CLK0/inst/clk
    W5                   IBUF (Prop_ibuf_I_O)         1.388     1.388 r  CLK0/inst/clkin1_ibufg/O
                         net (fo=1, routed)           1.162     2.550    CLK0/inst/clk_in_clk_wiz_0
    MMCME2_ADV_X1Y0      MMCME2_ADV (Prop_mmcme2_adv_CLKIN1_CLKOUT0)
                                                     -7.217    -4.668 r  CLK0/inst/mmcm_adv_inst/CLKOUT0
                         net (fo=2, routed)           1.581    -3.086    CLK0/inst/clk_out1_clk_wiz_0
    BUFGCTRL_X0Y0        BUFGCTRL (Prop_bufgctrl_I0_O)
                                                      0.091    -2.995 r  CLK0/inst/clkout1_buf/O
                         net (fo=1526, routed)        1.424    -1.572    u_top_fsm/u_switch_synchronizer/clk_65M
    SLICE_X48Y74         FDRE                                         r  u_top_fsm/u_switch_synchronizer/input_meta_reg[4]/C

Slack:                    inf
  Source:                 uart_rx
                            (input port)
  Destination:            u_top_fsm/u_pit_stop_core/u_uart_game_link/u_uart_rx/rx_meta_reg/D
                            (rising edge-triggered cell FDSE clocked by clk_out1_clk_wiz_0  {rise@0.000ns fall@7.692ns period=15.385ns})
  Path Group:             (none)
  Path Type:              Setup (Max at Slow Process Corner)
  Data Path Delay:        5.458ns  (logic 1.457ns (26.693%)  route 4.001ns (73.307%))
  Logic Levels:           1  (IBUF=1)
  Clock Path Skew:        -1.493ns (DCD - SCD + CPR)
    Destination Clock Delay (DCD):    -1.493ns
    Source Clock Delay      (SCD):    0.000ns
    Clock Pessimism Removal (CPR):    0.000ns
  Clock Uncertainty:      0.426ns  ((TSJ^2 + DJ^2)^1/2) / 2 + PE
    Total System Jitter     (TSJ):    0.050ns
    Discrete Jitter          (DJ):    0.251ns
    Phase Error              (PE):    0.298ns
  Timing Exception:       False Path

    Location             Delay type                Incr(ns)  Path(ns)    Netlist Resource(s)
  -------------------------------------------------------------------    -------------------
    A16                                               0.000     0.000 r  uart_rx (IN)
                         net (fo=0)                   0.000     0.000    uart_rx
    A16                  IBUF (Prop_ibuf_I_O)         1.457     1.457 r  uart_rx_IBUF_inst/O
                         net (fo=1, routed)           4.001     5.458    u_top_fsm/u_pit_stop_core/u_uart_game_link/u_uart_rx/uart_rx_i
    SLICE_X61Y85         FDSE                                         r  u_top_fsm/u_pit_stop_core/u_uart_game_link/u_uart_rx/rx_meta_reg/D
  -------------------------------------------------------------------    -------------------

                         (clock clk_out1_clk_wiz_0 rise edge)
                                                      0.000     0.000 r  
    W5                                                0.000     0.000 r  clk (IN)
                         net (fo=0)                   0.000     0.000    CLK0/inst/clk
    W5                   IBUF (Prop_ibuf_I_O)         1.388     1.388 r  CLK0/inst/clkin1_ibufg/O
                         net (fo=1, routed)           1.162     2.550    CLK0/inst/clk_in_clk_wiz_0
    MMCME2_ADV_X1Y0      MMCME2_ADV (Prop_mmcme2_adv_CLKIN1_CLKOUT0)
                                                     -7.217    -4.668 r  CLK0/inst/mmcm_adv_inst/CLKOUT0
                         net (fo=2, routed)           1.581    -3.086    CLK0/inst/clk_out1_clk_wiz_0
    BUFGCTRL_X0Y0        BUFGCTRL (Prop_bufgctrl_I0_O)
                                                      0.091    -2.995 r  CLK0/inst/clkout1_buf/O
                         net (fo=1526, routed)        1.503    -1.493    u_top_fsm/u_pit_stop_core/u_uart_game_link/u_uart_rx/clk_65M
    SLICE_X61Y85         FDSE                                         r  u_top_fsm/u_pit_stop_core/u_uart_game_link/u_uart_rx/rx_meta_reg/C

Slack:                    inf
  Source:                 sw[2]
                            (input port)
  Destination:            u_top_fsm/u_switch_synchronizer/input_meta_reg[2]/D
                            (rising edge-triggered cell FDRE clocked by clk_out1_clk_wiz_0  {rise@0.000ns fall@7.692ns period=15.385ns})
  Path Group:             (none)
  Path Type:              Setup (Max at Slow Process Corner)
  Data Path Delay:        5.402ns  (logic 1.464ns (27.097%)  route 3.938ns (72.903%))
  Logic Levels:           1  (IBUF=1)
  Clock Path Skew:        -1.569ns (DCD - SCD + CPR)
    Destination Clock Delay (DCD):    -1.569ns
    Source Clock Delay      (SCD):    0.000ns
    Clock Pessimism Removal (CPR):    0.000ns
  Clock Uncertainty:      0.426ns  ((TSJ^2 + DJ^2)^1/2) / 2 + PE
    Total System Jitter     (TSJ):    0.050ns
    Discrete Jitter          (DJ):    0.251ns
    Phase Error              (PE):    0.298ns
  Timing Exception:       False Path

    Location             Delay type                Incr(ns)  Path(ns)    Netlist Resource(s)
  -------------------------------------------------------------------    -------------------
    W16                                               0.000     0.000 r  sw[2] (IN)
                         net (fo=0)                   0.000     0.000    sw[2]
    W16                  IBUF (Prop_ibuf_I_O)         1.464     1.464 r  sw_IBUF[2]_inst/O
                         net (fo=1, routed)           3.938     5.402    u_top_fsm/u_switch_synchronizer/input_meta_reg[15]_0[2]
    SLICE_X54Y73         FDRE                                         r  u_top_fsm/u_switch_synchronizer/input_meta_reg[2]/D
  -------------------------------------------------------------------    -------------------

                         (clock clk_out1_clk_wiz_0 rise edge)
                                                      0.000     0.000 r  
    W5                                                0.000     0.000 r  clk (IN)
                         net (fo=0)                   0.000     0.000    CLK0/inst/clk
    W5                   IBUF (Prop_ibuf_I_O)         1.388     1.388 r  CLK0/inst/clkin1_ibufg/O
                         net (fo=1, routed)           1.162     2.550    CLK0/inst/clk_in_clk_wiz_0
    MMCME2_ADV_X1Y0      MMCME2_ADV (Prop_mmcme2_adv_CLKIN1_CLKOUT0)
                                                     -7.217    -4.668 r  CLK0/inst/mmcm_adv_inst/CLKOUT0
                         net (fo=2, routed)           1.581    -3.086    CLK0/inst/clk_out1_clk_wiz_0
    BUFGCTRL_X0Y0        BUFGCTRL (Prop_bufgctrl_I0_O)
                                                      0.091    -2.995 r  CLK0/inst/clkout1_buf/O
                         net (fo=1526, routed)        1.427    -1.569    u_top_fsm/u_switch_synchronizer/clk_65M
    SLICE_X54Y73         FDRE                                         r  u_top_fsm/u_switch_synchronizer/input_meta_reg[2]/C

Slack:                    inf
  Source:                 btnU
                            (input port)
  Destination:            u_top_fsm/u_pit_stop_core/u_multiplayer_session_control/debug_finish_meta_reg/D
                            (rising edge-triggered cell FDRE clocked by clk_out1_clk_wiz_0  {rise@0.000ns fall@7.692ns period=15.385ns})
  Path Group:             (none)
  Path Type:              Setup (Max at Slow Process Corner)
  Data Path Delay:        5.363ns  (logic 1.454ns (27.107%)  route 3.909ns (72.893%))
  Logic Levels:           1  (IBUF=1)
  Clock Path Skew:        -1.573ns (DCD - SCD + CPR)
    Destination Clock Delay (DCD):    -1.573ns
    Source Clock Delay      (SCD):    0.000ns
    Clock Pessimism Removal (CPR):    0.000ns
  Clock Uncertainty:      0.426ns  ((TSJ^2 + DJ^2)^1/2) / 2 + PE
    Total System Jitter     (TSJ):    0.050ns
    Discrete Jitter          (DJ):    0.251ns
    Phase Error              (PE):    0.298ns
  Timing Exception:       False Path

    Location             Delay type                Incr(ns)  Path(ns)    Netlist Resource(s)
  -------------------------------------------------------------------    -------------------
    T18                                               0.000     0.000 r  btnU (IN)
                         net (fo=0)                   0.000     0.000    btnU
    T18                  IBUF (Prop_ibuf_I_O)         1.454     1.454 r  btnU_IBUF_inst/O
                         net (fo=1, routed)           3.909     5.363    u_top_fsm/u_pit_stop_core/u_multiplayer_session_control/btnU_IBUF
    SLICE_X45Y76         FDRE                                         r  u_top_fsm/u_pit_stop_core/u_multiplayer_session_control/debug_finish_meta_reg/D
  -------------------------------------------------------------------    -------------------

                         (clock clk_out1_clk_wiz_0 rise edge)
                                                      0.000     0.000 r  
    W5                                                0.000     0.000 r  clk (IN)
                         net (fo=0)                   0.000     0.000    CLK0/inst/clk
    W5                   IBUF (Prop_ibuf_I_O)         1.388     1.388 r  CLK0/inst/clkin1_ibufg/O
                         net (fo=1, routed)           1.162     2.550    CLK0/inst/clk_in_clk_wiz_0
    MMCME2_ADV_X1Y0      MMCME2_ADV (Prop_mmcme2_adv_CLKIN1_CLKOUT0)
                                                     -7.217    -4.668 r  CLK0/inst/mmcm_adv_inst/CLKOUT0
                         net (fo=2, routed)           1.581    -3.086    CLK0/inst/clk_out1_clk_wiz_0
    BUFGCTRL_X0Y0        BUFGCTRL (Prop_bufgctrl_I0_O)
                                                      0.091    -2.995 r  CLK0/inst/clkout1_buf/O
                         net (fo=1526, routed)        1.423    -1.573    u_top_fsm/u_pit_stop_core/u_multiplayer_session_control/clk_65M
    SLICE_X45Y76         FDRE                                         r  u_top_fsm/u_pit_stop_core/u_multiplayer_session_control/debug_finish_meta_reg/C

Slack:                    inf
  Source:                 sw[12]
                            (input port)
  Destination:            u_top_fsm/u_switch_synchronizer/input_meta_reg[12]/D
                            (rising edge-triggered cell FDRE clocked by clk_out1_clk_wiz_0  {rise@0.000ns fall@7.692ns period=15.385ns})
  Path Group:             (none)
  Path Type:              Setup (Max at Slow Process Corner)
  Data Path Delay:        3.178ns  (logic 1.469ns (46.211%)  route 1.710ns (53.789%))
  Logic Levels:           1  (IBUF=1)
  Clock Path Skew:        -1.502ns (DCD - SCD + CPR)
    Destination Clock Delay (DCD):    -1.502ns
    Source Clock Delay      (SCD):    0.000ns
    Clock Pessimism Removal (CPR):    0.000ns
  Clock Uncertainty:      0.426ns  ((TSJ^2 + DJ^2)^1/2) / 2 + PE
    Total System Jitter     (TSJ):    0.050ns
    Discrete Jitter          (DJ):    0.251ns
    Phase Error              (PE):    0.298ns
  Timing Exception:       False Path

    Location             Delay type                Incr(ns)  Path(ns)    Netlist Resource(s)
  -------------------------------------------------------------------    -------------------
    W2                                                0.000     0.000 r  sw[12] (IN)
                         net (fo=0)                   0.000     0.000    sw[12]
    W2                   IBUF (Prop_ibuf_I_O)         1.469     1.469 r  sw_IBUF[12]_inst/O
                         net (fo=1, routed)           1.710     3.178    u_top_fsm/u_switch_synchronizer/input_meta_reg[15]_0[12]
    SLICE_X61Y72         FDRE                                         r  u_top_fsm/u_switch_synchronizer/input_meta_reg[12]/D
  -------------------------------------------------------------------    -------------------

                         (clock clk_out1_clk_wiz_0 rise edge)
                                                      0.000     0.000 r  
    W5                                                0.000     0.000 r  clk (IN)
                         net (fo=0)                   0.000     0.000    CLK0/inst/clk
    W5                   IBUF (Prop_ibuf_I_O)         1.388     1.388 r  CLK0/inst/clkin1_ibufg/O
                         net (fo=1, routed)           1.162     2.550    CLK0/inst/clk_in_clk_wiz_0
    MMCME2_ADV_X1Y0      MMCME2_ADV (Prop_mmcme2_adv_CLKIN1_CLKOUT0)
                                                     -7.217    -4.668 r  CLK0/inst/mmcm_adv_inst/CLKOUT0
                         net (fo=2, routed)           1.581    -3.086    CLK0/inst/clk_out1_clk_wiz_0
    BUFGCTRL_X0Y0        BUFGCTRL (Prop_bufgctrl_I0_O)
                                                      0.091    -2.995 r  CLK0/inst/clkout1_buf/O
                         net (fo=1526, routed)        1.494    -1.502    u_top_fsm/u_switch_synchronizer/clk_65M
    SLICE_X61Y72         FDRE                                         r  u_top_fsm/u_switch_synchronizer/input_meta_reg[12]/C

Slack:                    inf
  Source:                 sw[15]
                            (input port)
  Destination:            u_top_fsm/u_switch_synchronizer/input_meta_reg[15]/D
                            (rising edge-triggered cell FDRE clocked by clk_out1_clk_wiz_0  {rise@0.000ns fall@7.692ns period=15.385ns})
  Path Group:             (none)
  Path Type:              Setup (Max at Slow Process Corner)
  Data Path Delay:        3.153ns  (logic 1.456ns (46.185%)  route 1.697ns (53.815%))
  Logic Levels:           1  (IBUF=1)
  Clock Path Skew:        -1.502ns (DCD - SCD + CPR)
    Destination Clock Delay (DCD):    -1.502ns
    Source Clock Delay      (SCD):    0.000ns
    Clock Pessimism Removal (CPR):    0.000ns
  Clock Uncertainty:      0.426ns  ((TSJ^2 + DJ^2)^1/2) / 2 + PE
    Total System Jitter     (TSJ):    0.050ns
    Discrete Jitter          (DJ):    0.251ns
    Phase Error              (PE):    0.298ns
  Timing Exception:       False Path

    Location             Delay type                Incr(ns)  Path(ns)    Netlist Resource(s)
  -------------------------------------------------------------------    -------------------
    R2                                                0.000     0.000 r  sw[15] (IN)
                         net (fo=0)                   0.000     0.000    sw[15]
    R2                   IBUF (Prop_ibuf_I_O)         1.456     1.456 r  sw_IBUF[15]_inst/O
                         net (fo=1, routed)           1.697     3.153    u_top_fsm/u_switch_synchronizer/input_meta_reg[15]_0[15]
    SLICE_X60Y72         FDRE                                         r  u_top_fsm/u_switch_synchronizer/input_meta_reg[15]/D
  -------------------------------------------------------------------    -------------------

                         (clock clk_out1_clk_wiz_0 rise edge)
                                                      0.000     0.000 r  
    W5                                                0.000     0.000 r  clk (IN)
                         net (fo=0)                   0.000     0.000    CLK0/inst/clk
    W5                   IBUF (Prop_ibuf_I_O)         1.388     1.388 r  CLK0/inst/clkin1_ibufg/O
                         net (fo=1, routed)           1.162     2.550    CLK0/inst/clk_in_clk_wiz_0
    MMCME2_ADV_X1Y0      MMCME2_ADV (Prop_mmcme2_adv_CLKIN1_CLKOUT0)
                                                     -7.217    -4.668 r  CLK0/inst/mmcm_adv_inst/CLKOUT0
                         net (fo=2, routed)           1.581    -3.086    CLK0/inst/clk_out1_clk_wiz_0
    BUFGCTRL_X0Y0        BUFGCTRL (Prop_bufgctrl_I0_O)
                                                      0.091    -2.995 r  CLK0/inst/clkout1_buf/O
                         net (fo=1526, routed)        1.494    -1.502    u_top_fsm/u_switch_synchronizer/clk_65M
    SLICE_X60Y72         FDRE                                         r  u_top_fsm/u_switch_synchronizer/input_meta_reg[15]/C

Slack:                    inf
  Source:                 sw[13]
                            (input port)
  Destination:            u_top_fsm/u_switch_synchronizer/input_meta_reg[13]/D
                            (rising edge-triggered cell FDRE clocked by clk_out1_clk_wiz_0  {rise@0.000ns fall@7.692ns period=15.385ns})
  Path Group:             (none)
  Path Type:              Setup (Max at Slow Process Corner)
  Data Path Delay:        3.124ns  (logic 1.453ns (46.501%)  route 1.672ns (53.499%))
  Logic Levels:           1  (IBUF=1)
  Clock Path Skew:        -1.499ns (DCD - SCD + CPR)
    Destination Clock Delay (DCD):    -1.499ns
    Source Clock Delay      (SCD):    0.000ns
    Clock Pessimism Removal (CPR):    0.000ns
  Clock Uncertainty:      0.426ns  ((TSJ^2 + DJ^2)^1/2) / 2 + PE
    Total System Jitter     (TSJ):    0.050ns
    Discrete Jitter          (DJ):    0.251ns
    Phase Error              (PE):    0.298ns
  Timing Exception:       False Path

    Location             Delay type                Incr(ns)  Path(ns)    Netlist Resource(s)
  -------------------------------------------------------------------    -------------------
    U1                                                0.000     0.000 r  sw[13] (IN)
                         net (fo=0)                   0.000     0.000    sw[13]
    U1                   IBUF (Prop_ibuf_I_O)         1.453     1.453 r  sw_IBUF[13]_inst/O
                         net (fo=1, routed)           1.672     3.124    u_top_fsm/u_switch_synchronizer/input_meta_reg[15]_0[13]
    SLICE_X64Y71         FDRE                                         r  u_top_fsm/u_switch_synchronizer/input_meta_reg[13]/D
  -------------------------------------------------------------------    -------------------

                         (clock clk_out1_clk_wiz_0 rise edge)
                                                      0.000     0.000 r  
    W5                                                0.000     0.000 r  clk (IN)
                         net (fo=0)                   0.000     0.000    CLK0/inst/clk
    W5                   IBUF (Prop_ibuf_I_O)         1.388     1.388 r  CLK0/inst/clkin1_ibufg/O
                         net (fo=1, routed)           1.162     2.550    CLK0/inst/clk_in_clk_wiz_0
    MMCME2_ADV_X1Y0      MMCME2_ADV (Prop_mmcme2_adv_CLKIN1_CLKOUT0)
                                                     -7.217    -4.668 r  CLK0/inst/mmcm_adv_inst/CLKOUT0
                         net (fo=2, routed)           1.581    -3.086    CLK0/inst/clk_out1_clk_wiz_0
    BUFGCTRL_X0Y0        BUFGCTRL (Prop_bufgctrl_I0_O)
                                                      0.091    -2.995 r  CLK0/inst/clkout1_buf/O
                         net (fo=1526, routed)        1.497    -1.499    u_top_fsm/u_switch_synchronizer/clk_65M
    SLICE_X64Y71         FDRE                                         r  u_top_fsm/u_switch_synchronizer/input_meta_reg[13]/C

Slack:                    inf
  Source:                 sw[14]
                            (input port)
  Destination:            u_top_fsm/u_switch_synchronizer/input_meta_reg[14]/D
                            (rising edge-triggered cell FDRE clocked by clk_out1_clk_wiz_0  {rise@0.000ns fall@7.692ns period=15.385ns})
  Path Group:             (none)
  Path Type:              Setup (Max at Slow Process Corner)
  Data Path Delay:        2.970ns  (logic 1.455ns (48.994%)  route 1.515ns (51.006%))
  Logic Levels:           1  (IBUF=1)
  Clock Path Skew:        -1.499ns (DCD - SCD + CPR)
    Destination Clock Delay (DCD):    -1.499ns
    Source Clock Delay      (SCD):    0.000ns
    Clock Pessimism Removal (CPR):    0.000ns
  Clock Uncertainty:      0.426ns  ((TSJ^2 + DJ^2)^1/2) / 2 + PE
    Total System Jitter     (TSJ):    0.050ns
    Discrete Jitter          (DJ):    0.251ns
    Phase Error              (PE):    0.298ns
  Timing Exception:       False Path

    Location             Delay type                Incr(ns)  Path(ns)    Netlist Resource(s)
  -------------------------------------------------------------------    -------------------
    T1                                                0.000     0.000 r  sw[14] (IN)
                         net (fo=0)                   0.000     0.000    sw[14]
    T1                   IBUF (Prop_ibuf_I_O)         1.455     1.455 r  sw_IBUF[14]_inst/O
                         net (fo=1, routed)           1.515     2.970    u_top_fsm/u_switch_synchronizer/input_meta_reg[15]_0[14]
    SLICE_X63Y71         FDRE                                         r  u_top_fsm/u_switch_synchronizer/input_meta_reg[14]/D
  -------------------------------------------------------------------    -------------------

                         (clock clk_out1_clk_wiz_0 rise edge)
                                                      0.000     0.000 r  
    W5                                                0.000     0.000 r  clk (IN)
                         net (fo=0)                   0.000     0.000    CLK0/inst/clk
    W5                   IBUF (Prop_ibuf_I_O)         1.388     1.388 r  CLK0/inst/clkin1_ibufg/O
                         net (fo=1, routed)           1.162     2.550    CLK0/inst/clk_in_clk_wiz_0
    MMCME2_ADV_X1Y0      MMCME2_ADV (Prop_mmcme2_adv_CLKIN1_CLKOUT0)
                                                     -7.217    -4.668 r  CLK0/inst/mmcm_adv_inst/CLKOUT0
                         net (fo=2, routed)           1.581    -3.086    CLK0/inst/clk_out1_clk_wiz_0
    BUFGCTRL_X0Y0        BUFGCTRL (Prop_bufgctrl_I0_O)
                                                      0.091    -2.995 r  CLK0/inst/clkout1_buf/O
                         net (fo=1526, routed)        1.497    -1.499    u_top_fsm/u_switch_synchronizer/clk_65M
    SLICE_X63Y71         FDRE                                         r  u_top_fsm/u_switch_synchronizer/input_meta_reg[14]/C





Min Delay Paths
--------------------------------------------------------------------------------------
Slack:                    inf
  Source:                 sw[14]
                            (input port)
  Destination:            u_top_fsm/u_switch_synchronizer/input_meta_reg[14]/D
                            (rising edge-triggered cell FDRE clocked by clk_out1_clk_wiz_0  {rise@0.000ns fall@7.692ns period=15.385ns})
  Path Group:             (none)
  Path Type:              Hold (Min at Fast Process Corner)
  Data Path Delay:        0.818ns  (logic 0.223ns (27.288%)  route 0.595ns (72.712%))
  Logic Levels:           1  (IBUF=1)
  Clock Path Skew:        -0.838ns (DCD - SCD - CPR)
    Destination Clock Delay (DCD):    -0.838ns
    Source Clock Delay      (SCD):    0.000ns
    Clock Pessimism Removal (CPR):    -0.000ns
  Timing Exception:       False Path

    Location             Delay type                Incr(ns)  Path(ns)    Netlist Resource(s)
  -------------------------------------------------------------------    -------------------
    T1                                                0.000     0.000 r  sw[14] (IN)
                         net (fo=0)                   0.000     0.000    sw[14]
    T1                   IBUF (Prop_ibuf_I_O)         0.223     0.223 r  sw_IBUF[14]_inst/O
                         net (fo=1, routed)           0.595     0.818    u_top_fsm/u_switch_synchronizer/input_meta_reg[15]_0[14]
    SLICE_X63Y71         FDRE                                         r  u_top_fsm/u_switch_synchronizer/input_meta_reg[14]/D
  -------------------------------------------------------------------    -------------------

                         (clock clk_out1_clk_wiz_0 rise edge)
                                                      0.000     0.000 r  
    W5                                                0.000     0.000 r  clk (IN)
                         net (fo=0)                   0.000     0.000    CLK0/inst/clk
    W5                   IBUF (Prop_ibuf_I_O)         0.414     0.414 r  CLK0/inst/clkin1_ibufg/O
                         net (fo=1, routed)           0.480     0.894    CLK0/inst/clk_in_clk_wiz_0
    MMCME2_ADV_X1Y0      MMCME2_ADV (Prop_mmcme2_adv_CLKIN1_CLKOUT0)
                                                     -3.142    -2.248 r  CLK0/inst/mmcm_adv_inst/CLKOUT0
                         net (fo=2, routed)           0.530    -1.718    CLK0/inst/clk_out1_clk_wiz_0
    BUFGCTRL_X0Y0        BUFGCTRL (Prop_bufgctrl_I0_O)
                                                      0.029    -1.689 r  CLK0/inst/clkout1_buf/O
                         net (fo=1526, routed)        0.851    -0.838    u_top_fsm/u_switch_synchronizer/clk_65M
    SLICE_X63Y71         FDRE                                         r  u_top_fsm/u_switch_synchronizer/input_meta_reg[14]/C

Slack:                    inf
  Source:                 sw[13]
                            (input port)
  Destination:            u_top_fsm/u_switch_synchronizer/input_meta_reg[13]/D
                            (rising edge-triggered cell FDRE clocked by clk_out1_clk_wiz_0  {rise@0.000ns fall@7.692ns period=15.385ns})
  Path Group:             (none)
  Path Type:              Hold (Min at Fast Process Corner)
  Data Path Delay:        0.883ns  (logic 0.221ns (25.041%)  route 0.662ns (74.959%))
  Logic Levels:           1  (IBUF=1)
  Clock Path Skew:        -0.838ns (DCD - SCD - CPR)
    Destination Clock Delay (DCD):    -0.838ns
    Source Clock Delay      (SCD):    0.000ns
    Clock Pessimism Removal (CPR):    -0.000ns
  Timing Exception:       False Path

    Location             Delay type                Incr(ns)  Path(ns)    Netlist Resource(s)
  -------------------------------------------------------------------    -------------------
    U1                                                0.000     0.000 r  sw[13] (IN)
                         net (fo=0)                   0.000     0.000    sw[13]
    U1                   IBUF (Prop_ibuf_I_O)         0.221     0.221 r  sw_IBUF[13]_inst/O
                         net (fo=1, routed)           0.662     0.883    u_top_fsm/u_switch_synchronizer/input_meta_reg[15]_0[13]
    SLICE_X64Y71         FDRE                                         r  u_top_fsm/u_switch_synchronizer/input_meta_reg[13]/D
  -------------------------------------------------------------------    -------------------

                         (clock clk_out1_clk_wiz_0 rise edge)
                                                      0.000     0.000 r  
    W5                                                0.000     0.000 r  clk (IN)
                         net (fo=0)                   0.000     0.000    CLK0/inst/clk
    W5                   IBUF (Prop_ibuf_I_O)         0.414     0.414 r  CLK0/inst/clkin1_ibufg/O
                         net (fo=1, routed)           0.480     0.894    CLK0/inst/clk_in_clk_wiz_0
    MMCME2_ADV_X1Y0      MMCME2_ADV (Prop_mmcme2_adv_CLKIN1_CLKOUT0)
                                                     -3.142    -2.248 r  CLK0/inst/mmcm_adv_inst/CLKOUT0
                         net (fo=2, routed)           0.530    -1.718    CLK0/inst/clk_out1_clk_wiz_0
    BUFGCTRL_X0Y0        BUFGCTRL (Prop_bufgctrl_I0_O)
                                                      0.029    -1.689 r  CLK0/inst/clkout1_buf/O
                         net (fo=1526, routed)        0.851    -0.838    u_top_fsm/u_switch_synchronizer/clk_65M
    SLICE_X64Y71         FDRE                                         r  u_top_fsm/u_switch_synchronizer/input_meta_reg[13]/C

Slack:                    inf
  Source:                 sw[12]
                            (input port)
  Destination:            u_top_fsm/u_switch_synchronizer/input_meta_reg[12]/D
                            (rising edge-triggered cell FDRE clocked by clk_out1_clk_wiz_0  {rise@0.000ns fall@7.692ns period=15.385ns})
  Path Group:             (none)
  Path Type:              Hold (Min at Fast Process Corner)
  Data Path Delay:        0.911ns  (logic 0.237ns (25.971%)  route 0.675ns (74.029%))
  Logic Levels:           1  (IBUF=1)
  Clock Path Skew:        -0.841ns (DCD - SCD - CPR)
    Destination Clock Delay (DCD):    -0.841ns
    Source Clock Delay      (SCD):    0.000ns
    Clock Pessimism Removal (CPR):    -0.000ns
  Timing Exception:       False Path

    Location             Delay type                Incr(ns)  Path(ns)    Netlist Resource(s)
  -------------------------------------------------------------------    -------------------
    W2                                                0.000     0.000 r  sw[12] (IN)
                         net (fo=0)                   0.000     0.000    sw[12]
    W2                   IBUF (Prop_ibuf_I_O)         0.237     0.237 r  sw_IBUF[12]_inst/O
                         net (fo=1, routed)           0.675     0.911    u_top_fsm/u_switch_synchronizer/input_meta_reg[15]_0[12]
    SLICE_X61Y72         FDRE                                         r  u_top_fsm/u_switch_synchronizer/input_meta_reg[12]/D
  -------------------------------------------------------------------    -------------------

                         (clock clk_out1_clk_wiz_0 rise edge)
                                                      0.000     0.000 r  
    W5                                                0.000     0.000 r  clk (IN)
                         net (fo=0)                   0.000     0.000    CLK0/inst/clk
    W5                   IBUF (Prop_ibuf_I_O)         0.414     0.414 r  CLK0/inst/clkin1_ibufg/O
                         net (fo=1, routed)           0.480     0.894    CLK0/inst/clk_in_clk_wiz_0
    MMCME2_ADV_X1Y0      MMCME2_ADV (Prop_mmcme2_adv_CLKIN1_CLKOUT0)
                                                     -3.142    -2.248 r  CLK0/inst/mmcm_adv_inst/CLKOUT0
                         net (fo=2, routed)           0.530    -1.718    CLK0/inst/clk_out1_clk_wiz_0
    BUFGCTRL_X0Y0        BUFGCTRL (Prop_bufgctrl_I0_O)
                                                      0.029    -1.689 r  CLK0/inst/clkout1_buf/O
                         net (fo=1526, routed)        0.849    -0.841    u_top_fsm/u_switch_synchronizer/clk_65M
    SLICE_X61Y72         FDRE                                         r  u_top_fsm/u_switch_synchronizer/input_meta_reg[12]/C

Slack:                    inf
  Source:                 sw[15]
                            (input port)
  Destination:            u_top_fsm/u_switch_synchronizer/input_meta_reg[15]/D
                            (rising edge-triggered cell FDRE clocked by clk_out1_clk_wiz_0  {rise@0.000ns fall@7.692ns period=15.385ns})
  Path Group:             (none)
  Path Type:              Hold (Min at Fast Process Corner)
  Data Path Delay:        0.916ns  (logic 0.224ns (24.483%)  route 0.692ns (75.517%))
  Logic Levels:           1  (IBUF=1)
  Clock Path Skew:        -0.841ns (DCD - SCD - CPR)
    Destination Clock Delay (DCD):    -0.841ns
    Source Clock Delay      (SCD):    0.000ns
    Clock Pessimism Removal (CPR):    -0.000ns
  Timing Exception:       False Path

    Location             Delay type                Incr(ns)  Path(ns)    Netlist Resource(s)
  -------------------------------------------------------------------    -------------------
    R2                                                0.000     0.000 r  sw[15] (IN)
                         net (fo=0)                   0.000     0.000    sw[15]
    R2                   IBUF (Prop_ibuf_I_O)         0.224     0.224 r  sw_IBUF[15]_inst/O
                         net (fo=1, routed)           0.692     0.916    u_top_fsm/u_switch_synchronizer/input_meta_reg[15]_0[15]
    SLICE_X60Y72         FDRE                                         r  u_top_fsm/u_switch_synchronizer/input_meta_reg[15]/D
  -------------------------------------------------------------------    -------------------

                         (clock clk_out1_clk_wiz_0 rise edge)
                                                      0.000     0.000 r  
    W5                                                0.000     0.000 r  clk (IN)
                         net (fo=0)                   0.000     0.000    CLK0/inst/clk
    W5                   IBUF (Prop_ibuf_I_O)         0.414     0.414 r  CLK0/inst/clkin1_ibufg/O
                         net (fo=1, routed)           0.480     0.894    CLK0/inst/clk_in_clk_wiz_0
    MMCME2_ADV_X1Y0      MMCME2_ADV (Prop_mmcme2_adv_CLKIN1_CLKOUT0)
                                                     -3.142    -2.248 r  CLK0/inst/mmcm_adv_inst/CLKOUT0
                         net (fo=2, routed)           0.530    -1.718    CLK0/inst/clk_out1_clk_wiz_0
    BUFGCTRL_X0Y0        BUFGCTRL (Prop_bufgctrl_I0_O)
                                                      0.029    -1.689 r  CLK0/inst/clkout1_buf/O
                         net (fo=1526, routed)        0.849    -0.841    u_top_fsm/u_switch_synchronizer/clk_65M
    SLICE_X60Y72         FDRE                                         r  u_top_fsm/u_switch_synchronizer/input_meta_reg[15]/C

Slack:                    inf
  Source:                 btnC
                            (input port)
  Destination:            u_reset_sync/reset_distribution_reg/CLR
                            (removal check against rising-edge clock clk_out1_clk_wiz_0  {rise@0.000ns fall@7.692ns period=15.385ns})
  Path Group:             (none)
  Path Type:              Removal (Min at Fast Process Corner)
  Data Path Delay:        1.952ns  (logic 0.255ns (13.040%)  route 1.697ns (86.960%))
  Logic Levels:           2  (IBUF=1 LUT2=1)
  Clock Path Skew:        -0.862ns (DCD - SCD - CPR)
    Destination Clock Delay (DCD):    -0.862ns
    Source Clock Delay      (SCD):    0.000ns
    Clock Pessimism Removal (CPR):    -0.000ns
  Timing Exception:       False Path

    Location             Delay type                Incr(ns)  Path(ns)    Netlist Resource(s)
  -------------------------------------------------------------------    -------------------
    U18                                               0.000     0.000 f  btnC (IN)
                         net (fo=0)                   0.000     0.000    btnC
    U18                  IBUF (Prop_ibuf_I_O)         0.210     0.210 f  btnC_IBUF_inst/O
                         net (fo=1, routed)           1.255     1.465    CLK0/inst/btnC_IBUF
    SLICE_X31Y45         LUT2 (Prop_lut2_I0_O)        0.045     1.510 f  CLK0/inst/release_sync[1]_i_1/O
                         net (fo=5, routed)           0.442     1.952    u_reset_sync/release_sync_reg[1]_0
    SLICE_X32Y61         FDCE                                         f  u_reset_sync/reset_distribution_reg/CLR
  -------------------------------------------------------------------    -------------------

                         (clock clk_out1_clk_wiz_0 rise edge)
                                                      0.000     0.000 r  
    W5                                                0.000     0.000 r  clk (IN)
                         net (fo=0)                   0.000     0.000    CLK0/inst/clk
    W5                   IBUF (Prop_ibuf_I_O)         0.414     0.414 r  CLK0/inst/clkin1_ibufg/O
                         net (fo=1, routed)           0.480     0.894    CLK0/inst/clk_in_clk_wiz_0
    MMCME2_ADV_X1Y0      MMCME2_ADV (Prop_mmcme2_adv_CLKIN1_CLKOUT0)
                                                     -3.142    -2.248 r  CLK0/inst/mmcm_adv_inst/CLKOUT0
                         net (fo=2, routed)           0.530    -1.718    CLK0/inst/clk_out1_clk_wiz_0
    BUFGCTRL_X0Y0        BUFGCTRL (Prop_bufgctrl_I0_O)
                                                      0.029    -1.689 r  CLK0/inst/clkout1_buf/O
                         net (fo=1526, routed)        0.827    -0.862    u_reset_sync/clk_65M
    SLICE_X32Y61         FDCE                                         r  u_reset_sync/reset_distribution_reg/C

Slack:                    inf
  Source:                 sw[2]
                            (input port)
  Destination:            u_top_fsm/u_switch_synchronizer/input_meta_reg[2]/D
                            (rising edge-triggered cell FDRE clocked by clk_out1_clk_wiz_0  {rise@0.000ns fall@7.692ns period=15.385ns})
  Path Group:             (none)
  Path Type:              Hold (Min at Fast Process Corner)
  Data Path Delay:        1.995ns  (logic 0.232ns (11.619%)  route 1.763ns (88.381%))
  Logic Levels:           1  (IBUF=1)
  Clock Path Skew:        -0.870ns (DCD - SCD - CPR)
    Destination Clock Delay (DCD):    -0.870ns
    Source Clock Delay      (SCD):    0.000ns
    Clock Pessimism Removal (CPR):    -0.000ns
  Timing Exception:       False Path

    Location             Delay type                Incr(ns)  Path(ns)    Netlist Resource(s)
  -------------------------------------------------------------------    -------------------
    W16                                               0.000     0.000 r  sw[2] (IN)
                         net (fo=0)                   0.000     0.000    sw[2]
    W16                  IBUF (Prop_ibuf_I_O)         0.232     0.232 r  sw_IBUF[2]_inst/O
                         net (fo=1, routed)           1.763     1.995    u_top_fsm/u_switch_synchronizer/input_meta_reg[15]_0[2]
    SLICE_X54Y73         FDRE                                         r  u_top_fsm/u_switch_synchronizer/input_meta_reg[2]/D
  -------------------------------------------------------------------    -------------------

                         (clock clk_out1_clk_wiz_0 rise edge)
                                                      0.000     0.000 r  
    W5                                                0.000     0.000 r  clk (IN)
                         net (fo=0)                   0.000     0.000    CLK0/inst/clk
    W5                   IBUF (Prop_ibuf_I_O)         0.414     0.414 r  CLK0/inst/clkin1_ibufg/O
                         net (fo=1, routed)           0.480     0.894    CLK0/inst/clk_in_clk_wiz_0
    MMCME2_ADV_X1Y0      MMCME2_ADV (Prop_mmcme2_adv_CLKIN1_CLKOUT0)
                                                     -3.142    -2.248 r  CLK0/inst/mmcm_adv_inst/CLKOUT0
                         net (fo=2, routed)           0.530    -1.718    CLK0/inst/clk_out1_clk_wiz_0
    BUFGCTRL_X0Y0        BUFGCTRL (Prop_bufgctrl_I0_O)
                                                      0.029    -1.689 r  CLK0/inst/clkout1_buf/O
                         net (fo=1526, routed)        0.819    -0.870    u_top_fsm/u_switch_synchronizer/clk_65M
    SLICE_X54Y73         FDRE                                         r  u_top_fsm/u_switch_synchronizer/input_meta_reg[2]/C

Slack:                    inf
  Source:                 btnU
                            (input port)
  Destination:            u_top_fsm/u_pit_stop_core/u_multiplayer_session_control/debug_finish_meta_reg/D
                            (rising edge-triggered cell FDRE clocked by clk_out1_clk_wiz_0  {rise@0.000ns fall@7.692ns period=15.385ns})
  Path Group:             (none)
  Path Type:              Hold (Min at Fast Process Corner)
  Data Path Delay:        2.000ns  (logic 0.222ns (11.093%)  route 1.778ns (88.907%))
  Logic Levels:           1  (IBUF=1)
  Clock Path Skew:        -0.873ns (DCD - SCD - CPR)
    Destination Clock Delay (DCD):    -0.873ns
    Source Clock Delay      (SCD):    0.000ns
    Clock Pessimism Removal (CPR):    -0.000ns
  Timing Exception:       False Path

    Location             Delay type                Incr(ns)  Path(ns)    Netlist Resource(s)
  -------------------------------------------------------------------    -------------------
    T18                                               0.000     0.000 r  btnU (IN)
                         net (fo=0)                   0.000     0.000    btnU
    T18                  IBUF (Prop_ibuf_I_O)         0.222     0.222 r  btnU_IBUF_inst/O
                         net (fo=1, routed)           1.778     2.000    u_top_fsm/u_pit_stop_core/u_multiplayer_session_control/btnU_IBUF
    SLICE_X45Y76         FDRE                                         r  u_top_fsm/u_pit_stop_core/u_multiplayer_session_control/debug_finish_meta_reg/D
  -------------------------------------------------------------------    -------------------

                         (clock clk_out1_clk_wiz_0 rise edge)
                                                      0.000     0.000 r  
    W5                                                0.000     0.000 r  clk (IN)
                         net (fo=0)                   0.000     0.000    CLK0/inst/clk
    W5                   IBUF (Prop_ibuf_I_O)         0.414     0.414 r  CLK0/inst/clkin1_ibufg/O
                         net (fo=1, routed)           0.480     0.894    CLK0/inst/clk_in_clk_wiz_0
    MMCME2_ADV_X1Y0      MMCME2_ADV (Prop_mmcme2_adv_CLKIN1_CLKOUT0)
                                                     -3.142    -2.248 r  CLK0/inst/mmcm_adv_inst/CLKOUT0
                         net (fo=2, routed)           0.530    -1.718    CLK0/inst/clk_out1_clk_wiz_0
    BUFGCTRL_X0Y0        BUFGCTRL (Prop_bufgctrl_I0_O)
                                                      0.029    -1.689 r  CLK0/inst/clkout1_buf/O
                         net (fo=1526, routed)        0.817    -0.873    u_top_fsm/u_pit_stop_core/u_multiplayer_session_control/clk_65M
    SLICE_X45Y76         FDRE                                         r  u_top_fsm/u_pit_stop_core/u_multiplayer_session_control/debug_finish_meta_reg/C

Slack:                    inf
  Source:                 sw[4]
                            (input port)
  Destination:            u_top_fsm/u_switch_synchronizer/input_meta_reg[4]/D
                            (rising edge-triggered cell FDRE clocked by clk_out1_clk_wiz_0  {rise@0.000ns fall@7.692ns period=15.385ns})
  Path Group:             (none)
  Path Type:              Hold (Min at Fast Process Corner)
  Data Path Delay:        2.045ns  (logic 0.219ns (10.704%)  route 1.826ns (89.296%))
  Logic Levels:           1  (IBUF=1)
  Clock Path Skew:        -0.872ns (DCD - SCD - CPR)
    Destination Clock Delay (DCD):    -0.872ns
    Source Clock Delay      (SCD):    0.000ns
    Clock Pessimism Removal (CPR):    -0.000ns
  Timing Exception:       False Path

    Location             Delay type                Incr(ns)  Path(ns)    Netlist Resource(s)
  -------------------------------------------------------------------    -------------------
    W15                                               0.000     0.000 r  sw[4] (IN)
                         net (fo=0)                   0.000     0.000    sw[4]
    W15                  IBUF (Prop_ibuf_I_O)         0.219     0.219 r  sw_IBUF[4]_inst/O
                         net (fo=1, routed)           1.826     2.045    u_top_fsm/u_switch_synchronizer/input_meta_reg[15]_0[4]
    SLICE_X48Y74         FDRE                                         r  u_top_fsm/u_switch_synchronizer/input_meta_reg[4]/D
  -------------------------------------------------------------------    -------------------

                         (clock clk_out1_clk_wiz_0 rise edge)
                                                      0.000     0.000 r  
    W5                                                0.000     0.000 r  clk (IN)
                         net (fo=0)                   0.000     0.000    CLK0/inst/clk
    W5                   IBUF (Prop_ibuf_I_O)         0.414     0.414 r  CLK0/inst/clkin1_ibufg/O
                         net (fo=1, routed)           0.480     0.894    CLK0/inst/clk_in_clk_wiz_0
    MMCME2_ADV_X1Y0      MMCME2_ADV (Prop_mmcme2_adv_CLKIN1_CLKOUT0)
                                                     -3.142    -2.248 r  CLK0/inst/mmcm_adv_inst/CLKOUT0
                         net (fo=2, routed)           0.530    -1.718    CLK0/inst/clk_out1_clk_wiz_0
    BUFGCTRL_X0Y0        BUFGCTRL (Prop_bufgctrl_I0_O)
                                                      0.029    -1.689 r  CLK0/inst/clkout1_buf/O
                         net (fo=1526, routed)        0.817    -0.872    u_top_fsm/u_switch_synchronizer/clk_65M
    SLICE_X48Y74         FDRE                                         r  u_top_fsm/u_switch_synchronizer/input_meta_reg[4]/C

Slack:                    inf
  Source:                 uart_rx
                            (input port)
  Destination:            u_top_fsm/u_pit_stop_core/u_uart_game_link/u_uart_rx/rx_meta_reg/D
                            (rising edge-triggered cell FDSE clocked by clk_out1_clk_wiz_0  {rise@0.000ns fall@7.692ns period=15.385ns})
  Path Group:             (none)
  Path Type:              Hold (Min at Fast Process Corner)
  Data Path Delay:        2.049ns  (logic 0.225ns (10.980%)  route 1.824ns (89.020%))
  Logic Levels:           1  (IBUF=1)
  Clock Path Skew:        -0.833ns (DCD - SCD - CPR)
    Destination Clock Delay (DCD):    -0.833ns
    Source Clock Delay      (SCD):    0.000ns
    Clock Pessimism Removal (CPR):    -0.000ns
  Timing Exception:       False Path

    Location             Delay type                Incr(ns)  Path(ns)    Netlist Resource(s)
  -------------------------------------------------------------------    -------------------
    A16                                               0.000     0.000 r  uart_rx (IN)
                         net (fo=0)                   0.000     0.000    uart_rx
    A16                  IBUF (Prop_ibuf_I_O)         0.225     0.225 r  uart_rx_IBUF_inst/O
                         net (fo=1, routed)           1.824     2.049    u_top_fsm/u_pit_stop_core/u_uart_game_link/u_uart_rx/uart_rx_i
    SLICE_X61Y85         FDSE                                         r  u_top_fsm/u_pit_stop_core/u_uart_game_link/u_uart_rx/rx_meta_reg/D
  -------------------------------------------------------------------    -------------------

                         (clock clk_out1_clk_wiz_0 rise edge)
                                                      0.000     0.000 r  
    W5                                                0.000     0.000 r  clk (IN)
                         net (fo=0)                   0.000     0.000    CLK0/inst/clk
    W5                   IBUF (Prop_ibuf_I_O)         0.414     0.414 r  CLK0/inst/clkin1_ibufg/O
                         net (fo=1, routed)           0.480     0.894    CLK0/inst/clk_in_clk_wiz_0
    MMCME2_ADV_X1Y0      MMCME2_ADV (Prop_mmcme2_adv_CLKIN1_CLKOUT0)
                                                     -3.142    -2.248 r  CLK0/inst/mmcm_adv_inst/CLKOUT0
                         net (fo=2, routed)           0.530    -1.718    CLK0/inst/clk_out1_clk_wiz_0
    BUFGCTRL_X0Y0        BUFGCTRL (Prop_bufgctrl_I0_O)
                                                      0.029    -1.689 r  CLK0/inst/clkout1_buf/O
                         net (fo=1526, routed)        0.856    -0.833    u_top_fsm/u_pit_stop_core/u_uart_game_link/u_uart_rx/clk_65M
    SLICE_X61Y85         FDSE                                         r  u_top_fsm/u_pit_stop_core/u_uart_game_link/u_uart_rx/rx_meta_reg/C

Slack:                    inf
  Source:                 btnC
                            (input port)
  Destination:            u_reset_sync/reset_distribution_reg_rep/CLR
                            (removal check against rising-edge clock clk_out1_clk_wiz_0  {rise@0.000ns fall@7.692ns period=15.385ns})
  Path Group:             (none)
  Path Type:              Removal (Min at Fast Process Corner)
  Data Path Delay:        2.064ns  (logic 0.255ns (12.330%)  route 1.810ns (87.670%))
  Logic Levels:           2  (IBUF=1 LUT2=1)
  Clock Path Skew:        -0.865ns (DCD - SCD - CPR)
    Destination Clock Delay (DCD):    -0.865ns
    Source Clock Delay      (SCD):    0.000ns
    Clock Pessimism Removal (CPR):    -0.000ns
  Timing Exception:       False Path

    Location             Delay type                Incr(ns)  Path(ns)    Netlist Resource(s)
  -------------------------------------------------------------------    -------------------
    U18                                               0.000     0.000 f  btnC (IN)
                         net (fo=0)                   0.000     0.000    btnC
    U18                  IBUF (Prop_ibuf_I_O)         0.210     0.210 f  btnC_IBUF_inst/O
                         net (fo=1, routed)           1.255     1.465    CLK0/inst/btnC_IBUF
    SLICE_X31Y45         LUT2 (Prop_lut2_I0_O)        0.045     1.510 f  CLK0/inst/release_sync[1]_i_1/O
                         net (fo=5, routed)           0.554     2.064    u_reset_sync/release_sync_reg[1]_0
    SLICE_X32Y63         FDCE                                         f  u_reset_sync/reset_distribution_reg_rep/CLR
  -------------------------------------------------------------------    -------------------

                         (clock clk_out1_clk_wiz_0 rise edge)
                                                      0.000     0.000 r  
    W5                                                0.000     0.000 r  clk (IN)
                         net (fo=0)                   0.000     0.000    CLK0/inst/clk
    W5                   IBUF (Prop_ibuf_I_O)         0.414     0.414 r  CLK0/inst/clkin1_ibufg/O
                         net (fo=1, routed)           0.480     0.894    CLK0/inst/clk_in_clk_wiz_0
    MMCME2_ADV_X1Y0      MMCME2_ADV (Prop_mmcme2_adv_CLKIN1_CLKOUT0)
                                                     -3.142    -2.248 r  CLK0/inst/mmcm_adv_inst/CLKOUT0
                         net (fo=2, routed)           0.530    -1.718    CLK0/inst/clk_out1_clk_wiz_0
    BUFGCTRL_X0Y0        BUFGCTRL (Prop_bufgctrl_I0_O)
                                                      0.029    -1.689 r  CLK0/inst/clkout1_buf/O
                         net (fo=1526, routed)        0.824    -0.865    u_reset_sync/clk_65M
    SLICE_X32Y63         FDCE                                         r  u_reset_sync/reset_distribution_reg_rep/C

Slack:                    inf
  Source:                 btnC
                            (input port)
  Destination:            u_reset_sync/reset_distribution_reg_rep__0/CLR
                            (removal check against rising-edge clock clk_out1_clk_wiz_0  {rise@0.000ns fall@7.692ns period=15.385ns})
  Path Group:             (none)
  Path Type:              Removal (Min at Fast Process Corner)
  Data Path Delay:        2.064ns  (logic 0.255ns (12.330%)  route 1.810ns (87.670%))
  Logic Levels:           2  (IBUF=1 LUT2=1)
  Clock Path Skew:        -0.865ns (DCD - SCD - CPR)
    Destination Clock Delay (DCD):    -0.865ns
    Source Clock Delay      (SCD):    0.000ns
    Clock Pessimism Removal (CPR):    -0.000ns
  Timing Exception:       False Path

    Location             Delay type                Incr(ns)  Path(ns)    Netlist Resource(s)
  -------------------------------------------------------------------    -------------------
    U18                                               0.000     0.000 f  btnC (IN)
                         net (fo=0)                   0.000     0.000    btnC
    U18                  IBUF (Prop_ibuf_I_O)         0.210     0.210 f  btnC_IBUF_inst/O
                         net (fo=1, routed)           1.255     1.465    CLK0/inst/btnC_IBUF
    SLICE_X31Y45         LUT2 (Prop_lut2_I0_O)        0.045     1.510 f  CLK0/inst/release_sync[1]_i_1/O
                         net (fo=5, routed)           0.554     2.064    u_reset_sync/release_sync_reg[1]_0
    SLICE_X32Y63         FDCE                                         f  u_reset_sync/reset_distribution_reg_rep__0/CLR
  -------------------------------------------------------------------    -------------------

                         (clock clk_out1_clk_wiz_0 rise edge)
                                                      0.000     0.000 r  
    W5                                                0.000     0.000 r  clk (IN)
                         net (fo=0)                   0.000     0.000    CLK0/inst/clk
    W5                   IBUF (Prop_ibuf_I_O)         0.414     0.414 r  CLK0/inst/clkin1_ibufg/O
                         net (fo=1, routed)           0.480     0.894    CLK0/inst/clk_in_clk_wiz_0
    MMCME2_ADV_X1Y0      MMCME2_ADV (Prop_mmcme2_adv_CLKIN1_CLKOUT0)
                                                     -3.142    -2.248 r  CLK0/inst/mmcm_adv_inst/CLKOUT0
                         net (fo=2, routed)           0.530    -1.718    CLK0/inst/clk_out1_clk_wiz_0
    BUFGCTRL_X0Y0        BUFGCTRL (Prop_bufgctrl_I0_O)
                                                      0.029    -1.689 r  CLK0/inst/clkout1_buf/O
                         net (fo=1526, routed)        0.824    -0.865    u_reset_sync/clk_65M
    SLICE_X32Y63         FDCE                                         r  u_reset_sync/reset_distribution_reg_rep__0/C

Slack:                    inf
  Source:                 sw[7]
                            (input port)
  Destination:            u_top_fsm/u_switch_synchronizer/input_meta_reg[7]/D
                            (rising edge-triggered cell FDRE clocked by clk_out1_clk_wiz_0  {rise@0.000ns fall@7.692ns period=15.385ns})
  Path Group:             (none)
  Path Type:              Hold (Min at Fast Process Corner)
  Data Path Delay:        2.131ns  (logic 0.227ns (10.647%)  route 1.905ns (89.353%))
  Logic Levels:           1  (IBUF=1)
  Clock Path Skew:        -0.869ns (DCD - SCD - CPR)
    Destination Clock Delay (DCD):    -0.869ns
    Source Clock Delay      (SCD):    0.000ns
    Clock Pessimism Removal (CPR):    -0.000ns
  Timing Exception:       False Path

    Location             Delay type                Incr(ns)  Path(ns)    Netlist Resource(s)
  -------------------------------------------------------------------    -------------------
    W13                                               0.000     0.000 r  sw[7] (IN)
                         net (fo=0)                   0.000     0.000    sw[7]
    W13                  IBUF (Prop_ibuf_I_O)         0.227     0.227 r  sw_IBUF[7]_inst/O
                         net (fo=1, routed)           1.905     2.131    u_top_fsm/u_switch_synchronizer/input_meta_reg[15]_0[7]
    SLICE_X48Y72         FDRE                                         r  u_top_fsm/u_switch_synchronizer/input_meta_reg[7]/D
  -------------------------------------------------------------------    -------------------

                         (clock clk_out1_clk_wiz_0 rise edge)
                                                      0.000     0.000 r  
    W5                                                0.000     0.000 r  clk (IN)
                         net (fo=0)                   0.000     0.000    CLK0/inst/clk
    W5                   IBUF (Prop_ibuf_I_O)         0.414     0.414 r  CLK0/inst/clkin1_ibufg/O
                         net (fo=1, routed)           0.480     0.894    CLK0/inst/clk_in_clk_wiz_0
    MMCME2_ADV_X1Y0      MMCME2_ADV (Prop_mmcme2_adv_CLKIN1_CLKOUT0)
                                                     -3.142    -2.248 r  CLK0/inst/mmcm_adv_inst/CLKOUT0
                         net (fo=2, routed)           0.530    -1.718    CLK0/inst/clk_out1_clk_wiz_0
    BUFGCTRL_X0Y0        BUFGCTRL (Prop_bufgctrl_I0_O)
                                                      0.029    -1.689 r  CLK0/inst/clkout1_buf/O
                         net (fo=1526, routed)        0.820    -0.869    u_top_fsm/u_switch_synchronizer/clk_65M
    SLICE_X48Y72         FDRE                                         r  u_top_fsm/u_switch_synchronizer/input_meta_reg[7]/C

Slack:                    inf
  Source:                 sw[5]
                            (input port)
  Destination:            u_top_fsm/u_switch_synchronizer/input_meta_reg[5]/D
                            (rising edge-triggered cell FDRE clocked by clk_out1_clk_wiz_0  {rise@0.000ns fall@7.692ns period=15.385ns})
  Path Group:             (none)
  Path Type:              Hold (Min at Fast Process Corner)
  Data Path Delay:        2.144ns  (logic 0.234ns (10.916%)  route 1.910ns (89.084%))
  Logic Levels:           1  (IBUF=1)
  Clock Path Skew:        -0.872ns (DCD - SCD - CPR)
    Destination Clock Delay (DCD):    -0.872ns
    Source Clock Delay      (SCD):    0.000ns
    Clock Pessimism Removal (CPR):    -0.000ns
  Timing Exception:       False Path

    Location             Delay type                Incr(ns)  Path(ns)    Netlist Resource(s)
  -------------------------------------------------------------------    -------------------
    V15                                               0.000     0.000 r  sw[5] (IN)
                         net (fo=0)                   0.000     0.000    sw[5]
    V15                  IBUF (Prop_ibuf_I_O)         0.234     0.234 r  sw_IBUF[5]_inst/O
                         net (fo=1, routed)           1.910     2.144    u_top_fsm/u_switch_synchronizer/input_meta_reg[15]_0[5]
    SLICE_X48Y74         FDRE                                         r  u_top_fsm/u_switch_synchronizer/input_meta_reg[5]/D
  -------------------------------------------------------------------    -------------------

                         (clock clk_out1_clk_wiz_0 rise edge)
                                                      0.000     0.000 r  
    W5                                                0.000     0.000 r  clk (IN)
                         net (fo=0)                   0.000     0.000    CLK0/inst/clk
    W5                   IBUF (Prop_ibuf_I_O)         0.414     0.414 r  CLK0/inst/clkin1_ibufg/O
                         net (fo=1, routed)           0.480     0.894    CLK0/inst/clk_in_clk_wiz_0
    MMCME2_ADV_X1Y0      MMCME2_ADV (Prop_mmcme2_adv_CLKIN1_CLKOUT0)
                                                     -3.142    -2.248 r  CLK0/inst/mmcm_adv_inst/CLKOUT0
                         net (fo=2, routed)           0.530    -1.718    CLK0/inst/clk_out1_clk_wiz_0
    BUFGCTRL_X0Y0        BUFGCTRL (Prop_bufgctrl_I0_O)
                                                      0.029    -1.689 r  CLK0/inst/clkout1_buf/O
                         net (fo=1526, routed)        0.817    -0.872    u_top_fsm/u_switch_synchronizer/clk_65M
    SLICE_X48Y74         FDRE                                         r  u_top_fsm/u_switch_synchronizer/input_meta_reg[5]/C

Slack:                    inf
  Source:                 btnC
                            (input port)
  Destination:            u_reset_sync/release_sync_reg[0]/CLR
                            (removal check against rising-edge clock clk_out1_clk_wiz_0  {rise@0.000ns fall@7.692ns period=15.385ns})
  Path Group:             (none)
  Path Type:              Removal (Min at Fast Process Corner)
  Data Path Delay:        2.156ns  (logic 0.255ns (11.804%)  route 1.902ns (88.196%))
  Logic Levels:           2  (IBUF=1 LUT2=1)
  Clock Path Skew:        -0.865ns (DCD - SCD - CPR)
    Destination Clock Delay (DCD):    -0.865ns
    Source Clock Delay      (SCD):    0.000ns
    Clock Pessimism Removal (CPR):    -0.000ns
  Timing Exception:       False Path

    Location             Delay type                Incr(ns)  Path(ns)    Netlist Resource(s)
  -------------------------------------------------------------------    -------------------
    U18                                               0.000     0.000 f  btnC (IN)
                         net (fo=0)                   0.000     0.000    btnC
    U18                  IBUF (Prop_ibuf_I_O)         0.210     0.210 f  btnC_IBUF_inst/O
                         net (fo=1, routed)           1.255     1.465    CLK0/inst/btnC_IBUF
    SLICE_X31Y45         LUT2 (Prop_lut2_I0_O)        0.045     1.510 f  CLK0/inst/release_sync[1]_i_1/O
                         net (fo=5, routed)           0.646     2.156    u_reset_sync/release_sync_reg[1]_0
    SLICE_X31Y64         FDCE                                         f  u_reset_sync/release_sync_reg[0]/CLR
  -------------------------------------------------------------------    -------------------

                         (clock clk_out1_clk_wiz_0 rise edge)
                                                      0.000     0.000 r  
    W5                                                0.000     0.000 r  clk (IN)
                         net (fo=0)                   0.000     0.000    CLK0/inst/clk
    W5                   IBUF (Prop_ibuf_I_O)         0.414     0.414 r  CLK0/inst/clkin1_ibufg/O
                         net (fo=1, routed)           0.480     0.894    CLK0/inst/clk_in_clk_wiz_0
    MMCME2_ADV_X1Y0      MMCME2_ADV (Prop_mmcme2_adv_CLKIN1_CLKOUT0)
                                                     -3.142    -2.248 r  CLK0/inst/mmcm_adv_inst/CLKOUT0
                         net (fo=2, routed)           0.530    -1.718    CLK0/inst/clk_out1_clk_wiz_0
    BUFGCTRL_X0Y0        BUFGCTRL (Prop_bufgctrl_I0_O)
                                                      0.029    -1.689 r  CLK0/inst/clkout1_buf/O
                         net (fo=1526, routed)        0.824    -0.865    u_reset_sync/clk_65M
    SLICE_X31Y64         FDCE                                         r  u_reset_sync/release_sync_reg[0]/C

Slack:                    inf
  Source:                 btnC
                            (input port)
  Destination:            u_reset_sync/release_sync_reg[1]/CLR
                            (removal check against rising-edge clock clk_out1_clk_wiz_0  {rise@0.000ns fall@7.692ns period=15.385ns})
  Path Group:             (none)
  Path Type:              Removal (Min at Fast Process Corner)
  Data Path Delay:        2.156ns  (logic 0.255ns (11.804%)  route 1.902ns (88.196%))
  Logic Levels:           2  (IBUF=1 LUT2=1)
  Clock Path Skew:        -0.865ns (DCD - SCD - CPR)
    Destination Clock Delay (DCD):    -0.865ns
    Source Clock Delay      (SCD):    0.000ns
    Clock Pessimism Removal (CPR):    -0.000ns
  Timing Exception:       False Path

    Location             Delay type                Incr(ns)  Path(ns)    Netlist Resource(s)
  -------------------------------------------------------------------    -------------------
    U18                                               0.000     0.000 f  btnC (IN)
                         net (fo=0)                   0.000     0.000    btnC
    U18                  IBUF (Prop_ibuf_I_O)         0.210     0.210 f  btnC_IBUF_inst/O
                         net (fo=1, routed)           1.255     1.465    CLK0/inst/btnC_IBUF
    SLICE_X31Y45         LUT2 (Prop_lut2_I0_O)        0.045     1.510 f  CLK0/inst/release_sync[1]_i_1/O
                         net (fo=5, routed)           0.646     2.156    u_reset_sync/release_sync_reg[1]_0
    SLICE_X31Y64         FDCE                                         f  u_reset_sync/release_sync_reg[1]/CLR
  -------------------------------------------------------------------    -------------------

                         (clock clk_out1_clk_wiz_0 rise edge)
                                                      0.000     0.000 r  
    W5                                                0.000     0.000 r  clk (IN)
                         net (fo=0)                   0.000     0.000    CLK0/inst/clk
    W5                   IBUF (Prop_ibuf_I_O)         0.414     0.414 r  CLK0/inst/clkin1_ibufg/O
                         net (fo=1, routed)           0.480     0.894    CLK0/inst/clk_in_clk_wiz_0
    MMCME2_ADV_X1Y0      MMCME2_ADV (Prop_mmcme2_adv_CLKIN1_CLKOUT0)
                                                     -3.142    -2.248 r  CLK0/inst/mmcm_adv_inst/CLKOUT0
                         net (fo=2, routed)           0.530    -1.718    CLK0/inst/clk_out1_clk_wiz_0
    BUFGCTRL_X0Y0        BUFGCTRL (Prop_bufgctrl_I0_O)
                                                      0.029    -1.689 r  CLK0/inst/clkout1_buf/O
                         net (fo=1526, routed)        0.824    -0.865    u_reset_sync/clk_65M
    SLICE_X31Y64         FDCE                                         r  u_reset_sync/release_sync_reg[1]/C

Slack:                    inf
  Source:                 sw[6]
                            (input port)
  Destination:            u_top_fsm/u_switch_synchronizer/input_meta_reg[6]/D
                            (rising edge-triggered cell FDRE clocked by clk_out1_clk_wiz_0  {rise@0.000ns fall@7.692ns period=15.385ns})
  Path Group:             (none)
  Path Type:              Hold (Min at Fast Process Corner)
  Data Path Delay:        2.160ns  (logic 0.218ns (10.086%)  route 1.942ns (89.914%))
  Logic Levels:           1  (IBUF=1)
  Clock Path Skew:        -0.871ns (DCD - SCD - CPR)
    Destination Clock Delay (DCD):    -0.871ns
    Source Clock Delay      (SCD):    0.000ns
    Clock Pessimism Removal (CPR):    -0.000ns
  Timing Exception:       False Path

    Location             Delay type                Incr(ns)  Path(ns)    Netlist Resource(s)
  -------------------------------------------------------------------    -------------------
    W14                                               0.000     0.000 r  sw[6] (IN)
                         net (fo=0)                   0.000     0.000    sw[6]
    W14                  IBUF (Prop_ibuf_I_O)         0.218     0.218 r  sw_IBUF[6]_inst/O
                         net (fo=1, routed)           1.942     2.160    u_top_fsm/u_switch_synchronizer/input_meta_reg[15]_0[6]
    SLICE_X50Y75         FDRE                                         r  u_top_fsm/u_switch_synchronizer/input_meta_reg[6]/D
  -------------------------------------------------------------------    -------------------

                         (clock clk_out1_clk_wiz_0 rise edge)
                                                      0.000     0.000 r  
    W5                                                0.000     0.000 r  clk (IN)
                         net (fo=0)                   0.000     0.000    CLK0/inst/clk
    W5                   IBUF (Prop_ibuf_I_O)         0.414     0.414 r  CLK0/inst/clkin1_ibufg/O
                         net (fo=1, routed)           0.480     0.894    CLK0/inst/clk_in_clk_wiz_0
    MMCME2_ADV_X1Y0      MMCME2_ADV (Prop_mmcme2_adv_CLKIN1_CLKOUT0)
                                                     -3.142    -2.248 r  CLK0/inst/mmcm_adv_inst/CLKOUT0
                         net (fo=2, routed)           0.530    -1.718    CLK0/inst/clk_out1_clk_wiz_0
    BUFGCTRL_X0Y0        BUFGCTRL (Prop_bufgctrl_I0_O)
                                                      0.029    -1.689 r  CLK0/inst/clkout1_buf/O
                         net (fo=1526, routed)        0.818    -0.871    u_top_fsm/u_switch_synchronizer/clk_65M
    SLICE_X50Y75         FDRE                                         r  u_top_fsm/u_switch_synchronizer/input_meta_reg[6]/C

Slack:                    inf
  Source:                 sw[3]
                            (input port)
  Destination:            u_top_fsm/u_switch_synchronizer/input_meta_reg[3]/D
                            (rising edge-triggered cell FDRE clocked by clk_out1_clk_wiz_0  {rise@0.000ns fall@7.692ns period=15.385ns})
  Path Group:             (none)
  Path Type:              Hold (Min at Fast Process Corner)
  Data Path Delay:        2.181ns  (logic 0.217ns (9.936%)  route 1.964ns (90.064%))
  Logic Levels:           1  (IBUF=1)
  Clock Path Skew:        -0.870ns (DCD - SCD - CPR)
    Destination Clock Delay (DCD):    -0.870ns
    Source Clock Delay      (SCD):    0.000ns
    Clock Pessimism Removal (CPR):    -0.000ns
  Timing Exception:       False Path

    Location             Delay type                Incr(ns)  Path(ns)    Netlist Resource(s)
  -------------------------------------------------------------------    -------------------
    W17                                               0.000     0.000 r  sw[3] (IN)
                         net (fo=0)                   0.000     0.000    sw[3]
    W17                  IBUF (Prop_ibuf_I_O)         0.217     0.217 r  sw_IBUF[3]_inst/O
                         net (fo=1, routed)           1.964     2.181    u_top_fsm/u_switch_synchronizer/input_meta_reg[15]_0[3]
    SLICE_X55Y73         FDRE                                         r  u_top_fsm/u_switch_synchronizer/input_meta_reg[3]/D
  -------------------------------------------------------------------    -------------------

                         (clock clk_out1_clk_wiz_0 rise edge)
                                                      0.000     0.000 r  
    W5                                                0.000     0.000 r  clk (IN)
                         net (fo=0)                   0.000     0.000    CLK0/inst/clk
    W5                   IBUF (Prop_ibuf_I_O)         0.414     0.414 r  CLK0/inst/clkin1_ibufg/O
                         net (fo=1, routed)           0.480     0.894    CLK0/inst/clk_in_clk_wiz_0
    MMCME2_ADV_X1Y0      MMCME2_ADV (Prop_mmcme2_adv_CLKIN1_CLKOUT0)
                                                     -3.142    -2.248 r  CLK0/inst/mmcm_adv_inst/CLKOUT0
                         net (fo=2, routed)           0.530    -1.718    CLK0/inst/clk_out1_clk_wiz_0
    BUFGCTRL_X0Y0        BUFGCTRL (Prop_bufgctrl_I0_O)
                                                      0.029    -1.689 r  CLK0/inst/clkout1_buf/O
                         net (fo=1526, routed)        0.819    -0.870    u_top_fsm/u_switch_synchronizer/clk_65M
    SLICE_X55Y73         FDRE                                         r  u_top_fsm/u_switch_synchronizer/input_meta_reg[3]/C

Slack:                    inf
  Source:                 sw[1]
                            (input port)
  Destination:            u_top_fsm/u_switch_synchronizer/input_meta_reg[1]/D
                            (rising edge-triggered cell FDRE clocked by clk_out1_clk_wiz_0  {rise@0.000ns fall@7.692ns period=15.385ns})
  Path Group:             (none)
  Path Type:              Hold (Min at Fast Process Corner)
  Data Path Delay:        2.181ns  (logic 0.229ns (10.518%)  route 1.951ns (89.482%))
  Logic Levels:           1  (IBUF=1)
  Clock Path Skew:        -0.870ns (DCD - SCD - CPR)
    Destination Clock Delay (DCD):    -0.870ns
    Source Clock Delay      (SCD):    0.000ns
    Clock Pessimism Removal (CPR):    -0.000ns
  Timing Exception:       False Path

    Location             Delay type                Incr(ns)  Path(ns)    Netlist Resource(s)
  -------------------------------------------------------------------    -------------------
    V16                                               0.000     0.000 r  sw[1] (IN)
                         net (fo=0)                   0.000     0.000    sw[1]
    V16                  IBUF (Prop_ibuf_I_O)         0.229     0.229 r  sw_IBUF[1]_inst/O
                         net (fo=1, routed)           1.951     2.181    u_top_fsm/u_switch_synchronizer/input_meta_reg[15]_0[1]
    SLICE_X54Y73         FDRE                                         r  u_top_fsm/u_switch_synchronizer/input_meta_reg[1]/D
  -------------------------------------------------------------------    -------------------

                         (clock clk_out1_clk_wiz_0 rise edge)
                                                      0.000     0.000 r  
    W5                                                0.000     0.000 r  clk (IN)
                         net (fo=0)                   0.000     0.000    CLK0/inst/clk
    W5                   IBUF (Prop_ibuf_I_O)         0.414     0.414 r  CLK0/inst/clkin1_ibufg/O
                         net (fo=1, routed)           0.480     0.894    CLK0/inst/clk_in_clk_wiz_0
    MMCME2_ADV_X1Y0      MMCME2_ADV (Prop_mmcme2_adv_CLKIN1_CLKOUT0)
                                                     -3.142    -2.248 r  CLK0/inst/mmcm_adv_inst/CLKOUT0
                         net (fo=2, routed)           0.530    -1.718    CLK0/inst/clk_out1_clk_wiz_0
    BUFGCTRL_X0Y0        BUFGCTRL (Prop_bufgctrl_I0_O)
                                                      0.029    -1.689 r  CLK0/inst/clkout1_buf/O
                         net (fo=1526, routed)        0.819    -0.870    u_top_fsm/u_switch_synchronizer/clk_65M
    SLICE_X54Y73         FDRE                                         r  u_top_fsm/u_switch_synchronizer/input_meta_reg[1]/C

Slack:                    inf
  Source:                 sw[0]
                            (input port)
  Destination:            u_top_fsm/u_switch_synchronizer/input_meta_reg[0]/D
                            (rising edge-triggered cell FDRE clocked by clk_out1_clk_wiz_0  {rise@0.000ns fall@7.692ns period=15.385ns})
  Path Group:             (none)
  Path Type:              Hold (Min at Fast Process Corner)
  Data Path Delay:        2.244ns  (logic 0.221ns (9.846%)  route 2.023ns (90.154%))
  Logic Levels:           1  (IBUF=1)
  Clock Path Skew:        -0.844ns (DCD - SCD - CPR)
    Destination Clock Delay (DCD):    -0.844ns
    Source Clock Delay      (SCD):    0.000ns
    Clock Pessimism Removal (CPR):    -0.000ns
  Timing Exception:       False Path

    Location             Delay type                Incr(ns)  Path(ns)    Netlist Resource(s)
  -------------------------------------------------------------------    -------------------
    V17                                               0.000     0.000 r  sw[0] (IN)
                         net (fo=0)                   0.000     0.000    sw[0]
    V17                  IBUF (Prop_ibuf_I_O)         0.221     0.221 r  sw_IBUF[0]_inst/O
                         net (fo=1, routed)           2.023     2.244    u_top_fsm/u_switch_synchronizer/input_meta_reg[15]_0[0]
    SLICE_X58Y75         FDRE                                         r  u_top_fsm/u_switch_synchronizer/input_meta_reg[0]/D
  -------------------------------------------------------------------    -------------------

                         (clock clk_out1_clk_wiz_0 rise edge)
                                                      0.000     0.000 r  
    W5                                                0.000     0.000 r  clk (IN)
                         net (fo=0)                   0.000     0.000    CLK0/inst/clk
    W5                   IBUF (Prop_ibuf_I_O)         0.414     0.414 r  CLK0/inst/clkin1_ibufg/O
                         net (fo=1, routed)           0.480     0.894    CLK0/inst/clk_in_clk_wiz_0
    MMCME2_ADV_X1Y0      MMCME2_ADV (Prop_mmcme2_adv_CLKIN1_CLKOUT0)
                                                     -3.142    -2.248 r  CLK0/inst/mmcm_adv_inst/CLKOUT0
                         net (fo=2, routed)           0.530    -1.718    CLK0/inst/clk_out1_clk_wiz_0
    BUFGCTRL_X0Y0        BUFGCTRL (Prop_bufgctrl_I0_O)
                                                      0.029    -1.689 r  CLK0/inst/clkout1_buf/O
                         net (fo=1526, routed)        0.845    -0.844    u_top_fsm/u_switch_synchronizer/clk_65M
    SLICE_X58Y75         FDRE                                         r  u_top_fsm/u_switch_synchronizer/input_meta_reg[0]/C





--------------------------------------------------------------------------------------
Path Group:  (none)
From Clock:  clk_out1_clk_wiz_0
  To Clock:  

Max Delay            42 Endpoints
Min Delay            42 Endpoints
--------------------------------------------------------------------------------------


Max Delay Paths
--------------------------------------------------------------------------------------
Slack:                    inf
  Source:                 u_top_fsm/u_pit_stop_core/u_system_fsm/FSM_sequential_state_reg[0]/C
                            (rising edge-triggered cell FDRE clocked by clk_out1_clk_wiz_0  {rise@0.000ns fall@7.692ns period=15.385ns})
  Destination:            seg[6]
                            (output port)
  Path Group:             (none)
  Path Type:              Max at Slow Process Corner
  Data Path Delay:        17.852ns  (logic 5.089ns (28.509%)  route 12.763ns (71.491%))
  Logic Levels:           8  (LUT3=1 LUT4=2 LUT5=1 LUT6=3 OBUF=1)
  Clock Uncertainty:      0.426ns  ((TSJ^2 + DJ^2)^1/2) / 2 + PE
    Total System Jitter     (TSJ):    0.050ns
    Discrete Jitter          (DJ):    0.251ns
    Phase Error              (PE):    0.298ns

    Location             Delay type                Incr(ns)  Path(ns)    Netlist Resource(s)
  -------------------------------------------------------------------    -------------------
                         (clock clk_out1_clk_wiz_0 rise edge)
                                                      0.000     0.000 r  
    W5                                                0.000     0.000 r  clk (IN)
                         net (fo=0)                   0.000     0.000    CLK0/inst/clk
    W5                   IBUF (Prop_ibuf_I_O)         1.458     1.458 r  CLK0/inst/clkin1_ibufg/O
                         net (fo=1, routed)           1.233     2.691    CLK0/inst/clk_in_clk_wiz_0
    MMCME2_ADV_X1Y0      MMCME2_ADV (Prop_mmcme2_adv_CLKIN1_CLKOUT0)
                                                     -6.961    -4.269 r  CLK0/inst/mmcm_adv_inst/CLKOUT0
                         net (fo=2, routed)           1.661    -2.608    CLK0/inst/clk_out1_clk_wiz_0
    BUFGCTRL_X0Y0        BUFGCTRL (Prop_bufgctrl_I0_O)
                                                      0.096    -2.512 r  CLK0/inst/clkout1_buf/O
                         net (fo=1526, routed)        1.544    -0.968    u_top_fsm/u_pit_stop_core/u_system_fsm/clk_65M
    SLICE_X49Y78         FDRE                                         r  u_top_fsm/u_pit_stop_core/u_system_fsm/FSM_sequential_state_reg[0]/C
  -------------------------------------------------------------------    -------------------
    SLICE_X49Y78         FDRE (Prop_fdre_C_Q)         0.456    -0.512 r  u_top_fsm/u_pit_stop_core/u_system_fsm/FSM_sequential_state_reg[0]/Q
                         net (fo=120, routed)         2.150     1.639    u_top_fsm/u_pit_stop_core/u_system_fsm/Q[0]
    SLICE_X51Y67         LUT3 (Prop_lut3_I1_O)        0.124     1.763 r  u_top_fsm/u_pit_stop_core/u_system_fsm/in_hitbox_d_i_2/O
                         net (fo=14, routed)          2.088     3.850    u_top_fsm/u_pit_stop_core/u_singleplayer_game_controller/system_screen[0]
    SLICE_X58Y79         LUT6 (Prop_lut6_I2_O)        0.124     3.974 r  u_top_fsm/u_pit_stop_core/u_singleplayer_game_controller/seg_OBUF[6]_inst_i_45/O
                         net (fo=1, routed)           0.507     4.481    u_top_fsm/u_pit_stop_core/u_system_fsm/seg_OBUF[6]_inst_i_18_3
    SLICE_X59Y78         LUT5 (Prop_lut5_I4_O)        0.124     4.605 r  u_top_fsm/u_pit_stop_core/u_system_fsm/seg_OBUF[6]_inst_i_35/O
                         net (fo=8, routed)           1.192     5.797    u_top_fsm/u_pit_stop_core/u_system_fsm/seven_segment_value[5]
    SLICE_X61Y76         LUT6 (Prop_lut6_I3_O)        0.124     5.921 r  u_top_fsm/u_pit_stop_core/u_system_fsm/seg_OBUF[6]_inst_i_18/O
                         net (fo=6, routed)           1.321     7.242    u_top_fsm/u_pit_stop_core/u_system_fsm/seg_OBUF[6]_inst_i_18_n_0
    SLICE_X63Y78         LUT6 (Prop_lut6_I1_O)        0.124     7.366 r  u_top_fsm/u_pit_stop_core/u_system_fsm/seg_OBUF[6]_inst_i_12/O
                         net (fo=1, routed)           0.615     7.981    u_top_fsm/u_pit_stop_core/u_system_fsm/seg_OBUF[6]_inst_i_12_n_0
    SLICE_X63Y76         LUT4 (Prop_lut4_I2_O)        0.124     8.105 r  u_top_fsm/u_pit_stop_core/u_system_fsm/seg_OBUF[6]_inst_i_3/O
                         net (fo=6, routed)           0.904     9.009    u_seven_segment_display/seg[3]
    SLICE_X63Y73         LUT4 (Prop_lut4_I1_O)        0.150     9.159 r  u_seven_segment_display/seg_OBUF[6]_inst_i_1/O
                         net (fo=1, routed)           3.986    13.145    seg_OBUF[6]
    U7                   OBUF (Prop_obuf_I_O)         3.739    16.884 r  seg_OBUF[6]_inst/O
                         net (fo=0)                   0.000    16.884    seg[6]
    U7                                                                r  seg[6] (OUT)
  -------------------------------------------------------------------    -------------------

Slack:                    inf
  Source:                 u_top_fsm/u_pit_stop_core/u_system_fsm/FSM_sequential_state_reg[0]/C
                            (rising edge-triggered cell FDRE clocked by clk_out1_clk_wiz_0  {rise@0.000ns fall@7.692ns period=15.385ns})
  Destination:            seg[2]
                            (output port)
  Path Group:             (none)
  Path Type:              Max at Slow Process Corner
  Data Path Delay:        17.501ns  (logic 5.092ns (29.096%)  route 12.409ns (70.904%))
  Logic Levels:           8  (LUT3=1 LUT4=1 LUT5=2 LUT6=3 OBUF=1)
  Clock Uncertainty:      0.426ns  ((TSJ^2 + DJ^2)^1/2) / 2 + PE
    Total System Jitter     (TSJ):    0.050ns
    Discrete Jitter          (DJ):    0.251ns
    Phase Error              (PE):    0.298ns

    Location             Delay type                Incr(ns)  Path(ns)    Netlist Resource(s)
  -------------------------------------------------------------------    -------------------
                         (clock clk_out1_clk_wiz_0 rise edge)
                                                      0.000     0.000 r  
    W5                                                0.000     0.000 r  clk (IN)
                         net (fo=0)                   0.000     0.000    CLK0/inst/clk
    W5                   IBUF (Prop_ibuf_I_O)         1.458     1.458 r  CLK0/inst/clkin1_ibufg/O
                         net (fo=1, routed)           1.233     2.691    CLK0/inst/clk_in_clk_wiz_0
    MMCME2_ADV_X1Y0      MMCME2_ADV (Prop_mmcme2_adv_CLKIN1_CLKOUT0)
                                                     -6.961    -4.269 r  CLK0/inst/mmcm_adv_inst/CLKOUT0
                         net (fo=2, routed)           1.661    -2.608    CLK0/inst/clk_out1_clk_wiz_0
    BUFGCTRL_X0Y0        BUFGCTRL (Prop_bufgctrl_I0_O)
                                                      0.096    -2.512 r  CLK0/inst/clkout1_buf/O
                         net (fo=1526, routed)        1.544    -0.968    u_top_fsm/u_pit_stop_core/u_system_fsm/clk_65M
    SLICE_X49Y78         FDRE                                         r  u_top_fsm/u_pit_stop_core/u_system_fsm/FSM_sequential_state_reg[0]/C
  -------------------------------------------------------------------    -------------------
    SLICE_X49Y78         FDRE (Prop_fdre_C_Q)         0.456    -0.512 r  u_top_fsm/u_pit_stop_core/u_system_fsm/FSM_sequential_state_reg[0]/Q
                         net (fo=120, routed)         2.150     1.639    u_top_fsm/u_pit_stop_core/u_system_fsm/Q[0]
    SLICE_X51Y67         LUT3 (Prop_lut3_I1_O)        0.124     1.763 r  u_top_fsm/u_pit_stop_core/u_system_fsm/in_hitbox_d_i_2/O
                         net (fo=14, routed)          2.088     3.850    u_top_fsm/u_pit_stop_core/u_singleplayer_game_controller/system_screen[0]
    SLICE_X58Y79         LUT6 (Prop_lut6_I2_O)        0.124     3.974 r  u_top_fsm/u_pit_stop_core/u_singleplayer_game_controller/seg_OBUF[6]_inst_i_45/O
                         net (fo=1, routed)           0.507     4.481    u_top_fsm/u_pit_stop_core/u_system_fsm/seg_OBUF[6]_inst_i_18_3
    SLICE_X59Y78         LUT5 (Prop_lut5_I4_O)        0.124     4.605 r  u_top_fsm/u_pit_stop_core/u_system_fsm/seg_OBUF[6]_inst_i_35/O
                         net (fo=8, routed)           1.192     5.797    u_top_fsm/u_pit_stop_core/u_system_fsm/seven_segment_value[5]
    SLICE_X61Y76         LUT6 (Prop_lut6_I3_O)        0.124     5.921 r  u_top_fsm/u_pit_stop_core/u_system_fsm/seg_OBUF[6]_inst_i_18/O
                         net (fo=6, routed)           1.132     7.053    u_top_fsm/u_pit_stop_core/u_system_fsm/seg_OBUF[6]_inst_i_18_n_0
    SLICE_X63Y78         LUT6 (Prop_lut6_I1_O)        0.124     7.177 r  u_top_fsm/u_pit_stop_core/u_system_fsm/seg_OBUF[6]_inst_i_16/O
                         net (fo=1, routed)           0.947     8.125    u_seven_segment_display/seg_OBUF[1]_inst_i_1_3
    SLICE_X63Y75         LUT5 (Prop_lut5_I3_O)        0.124     8.249 r  u_seven_segment_display/seg_OBUF[6]_inst_i_5/O
                         net (fo=7, routed)           0.869     9.118    u_top_fsm/u_pit_stop_core/u_system_fsm/seg[2]_0
    SLICE_X63Y73         LUT4 (Prop_lut4_I3_O)        0.154     9.272 r  u_top_fsm/u_pit_stop_core/u_system_fsm/seg_OBUF[2]_inst_i_1/O
                         net (fo=1, routed)           3.523    12.795    seg_OBUF[2]
    U8                   OBUF (Prop_obuf_I_O)         3.738    16.533 r  seg_OBUF[2]_inst/O
                         net (fo=0)                   0.000    16.533    seg[2]
    U8                                                                r  seg[2] (OUT)
  -------------------------------------------------------------------    -------------------

Slack:                    inf
  Source:                 u_top_fsm/u_pit_stop_core/u_system_fsm/FSM_sequential_state_reg[0]/C
                            (rising edge-triggered cell FDRE clocked by clk_out1_clk_wiz_0  {rise@0.000ns fall@7.692ns period=15.385ns})
  Destination:            seg[4]
                            (output port)
  Path Group:             (none)
  Path Type:              Max at Slow Process Corner
  Data Path Delay:        17.423ns  (logic 4.844ns (27.802%)  route 12.579ns (72.198%))
  Logic Levels:           8  (LUT3=2 LUT5=2 LUT6=3 OBUF=1)
  Clock Uncertainty:      0.426ns  ((TSJ^2 + DJ^2)^1/2) / 2 + PE
    Total System Jitter     (TSJ):    0.050ns
    Discrete Jitter          (DJ):    0.251ns
    Phase Error              (PE):    0.298ns

    Location             Delay type                Incr(ns)  Path(ns)    Netlist Resource(s)
  -------------------------------------------------------------------    -------------------
                         (clock clk_out1_clk_wiz_0 rise edge)
                                                      0.000     0.000 r  
    W5                                                0.000     0.000 r  clk (IN)
                         net (fo=0)                   0.000     0.000    CLK0/inst/clk
    W5                   IBUF (Prop_ibuf_I_O)         1.458     1.458 r  CLK0/inst/clkin1_ibufg/O
                         net (fo=1, routed)           1.233     2.691    CLK0/inst/clk_in_clk_wiz_0
    MMCME2_ADV_X1Y0      MMCME2_ADV (Prop_mmcme2_adv_CLKIN1_CLKOUT0)
                                                     -6.961    -4.269 r  CLK0/inst/mmcm_adv_inst/CLKOUT0
                         net (fo=2, routed)           1.661    -2.608    CLK0/inst/clk_out1_clk_wiz_0
    BUFGCTRL_X0Y0        BUFGCTRL (Prop_bufgctrl_I0_O)
                                                      0.096    -2.512 r  CLK0/inst/clkout1_buf/O
                         net (fo=1526, routed)        1.544    -0.968    u_top_fsm/u_pit_stop_core/u_system_fsm/clk_65M
    SLICE_X49Y78         FDRE                                         r  u_top_fsm/u_pit_stop_core/u_system_fsm/FSM_sequential_state_reg[0]/C
  -------------------------------------------------------------------    -------------------
    SLICE_X49Y78         FDRE (Prop_fdre_C_Q)         0.456    -0.512 r  u_top_fsm/u_pit_stop_core/u_system_fsm/FSM_sequential_state_reg[0]/Q
                         net (fo=120, routed)         2.150     1.639    u_top_fsm/u_pit_stop_core/u_system_fsm/Q[0]
    SLICE_X51Y67         LUT3 (Prop_lut3_I1_O)        0.124     1.763 r  u_top_fsm/u_pit_stop_core/u_system_fsm/in_hitbox_d_i_2/O
                         net (fo=14, routed)          2.088     3.850    u_top_fsm/u_pit_stop_core/u_singleplayer_game_controller/system_screen[0]
    SLICE_X58Y79         LUT6 (Prop_lut6_I2_O)        0.124     3.974 r  u_top_fsm/u_pit_stop_core/u_singleplayer_game_controller/seg_OBUF[6]_inst_i_45/O
                         net (fo=1, routed)           0.507     4.481    u_top_fsm/u_pit_stop_core/u_system_fsm/seg_OBUF[6]_inst_i_18_3
    SLICE_X59Y78         LUT5 (Prop_lut5_I4_O)        0.124     4.605 r  u_top_fsm/u_pit_stop_core/u_system_fsm/seg_OBUF[6]_inst_i_35/O
                         net (fo=8, routed)           1.192     5.797    u_top_fsm/u_pit_stop_core/u_system_fsm/seven_segment_value[5]
    SLICE_X61Y76         LUT6 (Prop_lut6_I3_O)        0.124     5.921 r  u_top_fsm/u_pit_stop_core/u_system_fsm/seg_OBUF[6]_inst_i_18/O
                         net (fo=6, routed)           1.132     7.053    u_top_fsm/u_pit_stop_core/u_system_fsm/seg_OBUF[6]_inst_i_18_n_0
    SLICE_X63Y78         LUT6 (Prop_lut6_I1_O)        0.124     7.177 f  u_top_fsm/u_pit_stop_core/u_system_fsm/seg_OBUF[6]_inst_i_16/O
                         net (fo=1, routed)           0.947     8.125    u_seven_segment_display/seg_OBUF[1]_inst_i_1_3
    SLICE_X63Y75         LUT5 (Prop_lut5_I3_O)        0.124     8.249 f  u_seven_segment_display/seg_OBUF[6]_inst_i_5/O
                         net (fo=7, routed)           0.874     9.123    u_seven_segment_display/refresh_counter_reg[15]_0
    SLICE_X63Y73         LUT3 (Prop_lut3_I0_O)        0.124     9.247 r  u_seven_segment_display/seg_OBUF[4]_inst_i_1/O
                         net (fo=1, routed)           3.688    12.935    seg_OBUF[4]
    U5                   OBUF (Prop_obuf_I_O)         3.520    16.455 r  seg_OBUF[4]_inst/O
                         net (fo=0)                   0.000    16.455    seg[4]
    U5                                                                r  seg[4] (OUT)
  -------------------------------------------------------------------    -------------------

Slack:                    inf
  Source:                 u_top_fsm/u_pit_stop_core/u_system_fsm/FSM_sequential_state_reg[0]/C
                            (rising edge-triggered cell FDRE clocked by clk_out1_clk_wiz_0  {rise@0.000ns fall@7.692ns period=15.385ns})
  Destination:            seg[5]
                            (output port)
  Path Group:             (none)
  Path Type:              Max at Slow Process Corner
  Data Path Delay:        17.342ns  (logic 4.828ns (27.842%)  route 12.514ns (72.158%))
  Logic Levels:           8  (LUT3=1 LUT4=2 LUT5=1 LUT6=3 OBUF=1)
  Clock Uncertainty:      0.426ns  ((TSJ^2 + DJ^2)^1/2) / 2 + PE
    Total System Jitter     (TSJ):    0.050ns
    Discrete Jitter          (DJ):    0.251ns
    Phase Error              (PE):    0.298ns

    Location             Delay type                Incr(ns)  Path(ns)    Netlist Resource(s)
  -------------------------------------------------------------------    -------------------
                         (clock clk_out1_clk_wiz_0 rise edge)
                                                      0.000     0.000 r  
    W5                                                0.000     0.000 r  clk (IN)
                         net (fo=0)                   0.000     0.000    CLK0/inst/clk
    W5                   IBUF (Prop_ibuf_I_O)         1.458     1.458 r  CLK0/inst/clkin1_ibufg/O
                         net (fo=1, routed)           1.233     2.691    CLK0/inst/clk_in_clk_wiz_0
    MMCME2_ADV_X1Y0      MMCME2_ADV (Prop_mmcme2_adv_CLKIN1_CLKOUT0)
                                                     -6.961    -4.269 r  CLK0/inst/mmcm_adv_inst/CLKOUT0
                         net (fo=2, routed)           1.661    -2.608    CLK0/inst/clk_out1_clk_wiz_0
    BUFGCTRL_X0Y0        BUFGCTRL (Prop_bufgctrl_I0_O)
                                                      0.096    -2.512 r  CLK0/inst/clkout1_buf/O
                         net (fo=1526, routed)        1.544    -0.968    u_top_fsm/u_pit_stop_core/u_system_fsm/clk_65M
    SLICE_X49Y78         FDRE                                         r  u_top_fsm/u_pit_stop_core/u_system_fsm/FSM_sequential_state_reg[0]/C
  -------------------------------------------------------------------    -------------------
    SLICE_X49Y78         FDRE (Prop_fdre_C_Q)         0.456    -0.512 r  u_top_fsm/u_pit_stop_core/u_system_fsm/FSM_sequential_state_reg[0]/Q
                         net (fo=120, routed)         2.150     1.639    u_top_fsm/u_pit_stop_core/u_system_fsm/Q[0]
    SLICE_X51Y67         LUT3 (Prop_lut3_I1_O)        0.124     1.763 r  u_top_fsm/u_pit_stop_core/u_system_fsm/in_hitbox_d_i_2/O
                         net (fo=14, routed)          2.088     3.850    u_top_fsm/u_pit_stop_core/u_singleplayer_game_controller/system_screen[0]
    SLICE_X58Y79         LUT6 (Prop_lut6_I2_O)        0.124     3.974 r  u_top_fsm/u_pit_stop_core/u_singleplayer_game_controller/seg_OBUF[6]_inst_i_45/O
                         net (fo=1, routed)           0.507     4.481    u_top_fsm/u_pit_stop_core/u_system_fsm/seg_OBUF[6]_inst_i_18_3
    SLICE_X59Y78         LUT5 (Prop_lut5_I4_O)        0.124     4.605 r  u_top_fsm/u_pit_stop_core/u_system_fsm/seg_OBUF[6]_inst_i_35/O
                         net (fo=8, routed)           1.192     5.797    u_top_fsm/u_pit_stop_core/u_system_fsm/seven_segment_value[5]
    SLICE_X61Y76         LUT6 (Prop_lut6_I3_O)        0.124     5.921 r  u_top_fsm/u_pit_stop_core/u_system_fsm/seg_OBUF[6]_inst_i_18/O
                         net (fo=6, routed)           1.321     7.242    u_top_fsm/u_pit_stop_core/u_system_fsm/seg_OBUF[6]_inst_i_18_n_0
    SLICE_X63Y78         LUT6 (Prop_lut6_I1_O)        0.124     7.366 r  u_top_fsm/u_pit_stop_core/u_system_fsm/seg_OBUF[6]_inst_i_12/O
                         net (fo=1, routed)           0.615     7.981    u_top_fsm/u_pit_stop_core/u_system_fsm/seg_OBUF[6]_inst_i_12_n_0
    SLICE_X63Y76         LUT4 (Prop_lut4_I2_O)        0.124     8.105 r  u_top_fsm/u_pit_stop_core/u_system_fsm/seg_OBUF[6]_inst_i_3/O
                         net (fo=6, routed)           0.904     9.009    u_seven_segment_display/seg[3]
    SLICE_X63Y73         LUT4 (Prop_lut4_I3_O)        0.124     9.133 r  u_seven_segment_display/seg_OBUF[5]_inst_i_1/O
                         net (fo=1, routed)           3.737    12.870    seg_OBUF[5]
    V5                   OBUF (Prop_obuf_I_O)         3.504    16.374 r  seg_OBUF[5]_inst/O
                         net (fo=0)                   0.000    16.374    seg[5]
    V5                                                                r  seg[5] (OUT)
  -------------------------------------------------------------------    -------------------

Slack:                    inf
  Source:                 u_top_fsm/u_pit_stop_core/u_system_fsm/FSM_sequential_state_reg[0]/C
                            (rising edge-triggered cell FDRE clocked by clk_out1_clk_wiz_0  {rise@0.000ns fall@7.692ns period=15.385ns})
  Destination:            seg[0]
                            (output port)
  Path Group:             (none)
  Path Type:              Max at Slow Process Corner
  Data Path Delay:        17.325ns  (logic 5.063ns (29.222%)  route 12.262ns (70.778%))
  Logic Levels:           8  (LUT3=1 LUT4=2 LUT5=1 LUT6=3 OBUF=1)
  Clock Uncertainty:      0.426ns  ((TSJ^2 + DJ^2)^1/2) / 2 + PE
    Total System Jitter     (TSJ):    0.050ns
    Discrete Jitter          (DJ):    0.251ns
    Phase Error              (PE):    0.298ns

    Location             Delay type                Incr(ns)  Path(ns)    Netlist Resource(s)
  -------------------------------------------------------------------    -------------------
                         (clock clk_out1_clk_wiz_0 rise edge)
                                                      0.000     0.000 r  
    W5                                                0.000     0.000 r  clk (IN)
                         net (fo=0)                   0.000     0.000    CLK0/inst/clk
    W5                   IBUF (Prop_ibuf_I_O)         1.458     1.458 r  CLK0/inst/clkin1_ibufg/O
                         net (fo=1, routed)           1.233     2.691    CLK0/inst/clk_in_clk_wiz_0
    MMCME2_ADV_X1Y0      MMCME2_ADV (Prop_mmcme2_adv_CLKIN1_CLKOUT0)
                                                     -6.961    -4.269 r  CLK0/inst/mmcm_adv_inst/CLKOUT0
                         net (fo=2, routed)           1.661    -2.608    CLK0/inst/clk_out1_clk_wiz_0
    BUFGCTRL_X0Y0        BUFGCTRL (Prop_bufgctrl_I0_O)
                                                      0.096    -2.512 r  CLK0/inst/clkout1_buf/O
                         net (fo=1526, routed)        1.544    -0.968    u_top_fsm/u_pit_stop_core/u_system_fsm/clk_65M
    SLICE_X49Y78         FDRE                                         r  u_top_fsm/u_pit_stop_core/u_system_fsm/FSM_sequential_state_reg[0]/C
  -------------------------------------------------------------------    -------------------
    SLICE_X49Y78         FDRE (Prop_fdre_C_Q)         0.456    -0.512 r  u_top_fsm/u_pit_stop_core/u_system_fsm/FSM_sequential_state_reg[0]/Q
                         net (fo=120, routed)         2.150     1.639    u_top_fsm/u_pit_stop_core/u_system_fsm/Q[0]
    SLICE_X51Y67         LUT3 (Prop_lut3_I1_O)        0.124     1.763 r  u_top_fsm/u_pit_stop_core/u_system_fsm/in_hitbox_d_i_2/O
                         net (fo=14, routed)          2.088     3.850    u_top_fsm/u_pit_stop_core/u_singleplayer_game_controller/system_screen[0]
    SLICE_X58Y79         LUT6 (Prop_lut6_I2_O)        0.124     3.974 r  u_top_fsm/u_pit_stop_core/u_singleplayer_game_controller/seg_OBUF[6]_inst_i_45/O
                         net (fo=1, routed)           0.507     4.481    u_top_fsm/u_pit_stop_core/u_system_fsm/seg_OBUF[6]_inst_i_18_3
    SLICE_X59Y78         LUT5 (Prop_lut5_I4_O)        0.124     4.605 r  u_top_fsm/u_pit_stop_core/u_system_fsm/seg_OBUF[6]_inst_i_35/O
                         net (fo=8, routed)           1.192     5.797    u_top_fsm/u_pit_stop_core/u_system_fsm/seven_segment_value[5]
    SLICE_X61Y76         LUT6 (Prop_lut6_I3_O)        0.124     5.921 r  u_top_fsm/u_pit_stop_core/u_system_fsm/seg_OBUF[6]_inst_i_18/O
                         net (fo=6, routed)           1.321     7.242    u_top_fsm/u_pit_stop_core/u_system_fsm/seg_OBUF[6]_inst_i_18_n_0
    SLICE_X63Y78         LUT6 (Prop_lut6_I1_O)        0.124     7.366 r  u_top_fsm/u_pit_stop_core/u_system_fsm/seg_OBUF[6]_inst_i_12/O
                         net (fo=1, routed)           0.615     7.981    u_top_fsm/u_pit_stop_core/u_system_fsm/seg_OBUF[6]_inst_i_12_n_0
    SLICE_X63Y76         LUT4 (Prop_lut4_I2_O)        0.124     8.105 r  u_top_fsm/u_pit_stop_core/u_system_fsm/seg_OBUF[6]_inst_i_3/O
                         net (fo=6, routed)           0.906     9.011    u_seven_segment_display/seg[3]
    SLICE_X63Y73         LUT4 (Prop_lut4_I3_O)        0.150     9.161 r  u_seven_segment_display/seg_OBUF[0]_inst_i_1/O
                         net (fo=1, routed)           3.484    12.644    seg_OBUF[0]
    W7                   OBUF (Prop_obuf_I_O)         3.713    16.357 r  seg_OBUF[0]_inst/O
                         net (fo=0)                   0.000    16.357    seg[0]
    W7                                                                r  seg[0] (OUT)
  -------------------------------------------------------------------    -------------------

Slack:                    inf
  Source:                 u_top_fsm/u_pit_stop_core/u_system_fsm/FSM_sequential_state_reg[0]/C
                            (rising edge-triggered cell FDRE clocked by clk_out1_clk_wiz_0  {rise@0.000ns fall@7.692ns period=15.385ns})
  Destination:            seg[1]
                            (output port)
  Path Group:             (none)
  Path Type:              Max at Slow Process Corner
  Data Path Delay:        17.321ns  (logic 4.853ns (28.018%)  route 12.468ns (71.982%))
  Logic Levels:           8  (LUT3=1 LUT4=1 LUT5=2 LUT6=3 OBUF=1)
  Clock Uncertainty:      0.426ns  ((TSJ^2 + DJ^2)^1/2) / 2 + PE
    Total System Jitter     (TSJ):    0.050ns
    Discrete Jitter          (DJ):    0.251ns
    Phase Error              (PE):    0.298ns

    Location             Delay type                Incr(ns)  Path(ns)    Netlist Resource(s)
  -------------------------------------------------------------------    -------------------
                         (clock clk_out1_clk_wiz_0 rise edge)
                                                      0.000     0.000 r  
    W5                                                0.000     0.000 r  clk (IN)
                         net (fo=0)                   0.000     0.000    CLK0/inst/clk
    W5                   IBUF (Prop_ibuf_I_O)         1.458     1.458 r  CLK0/inst/clkin1_ibufg/O
                         net (fo=1, routed)           1.233     2.691    CLK0/inst/clk_in_clk_wiz_0
    MMCME2_ADV_X1Y0      MMCME2_ADV (Prop_mmcme2_adv_CLKIN1_CLKOUT0)
                                                     -6.961    -4.269 r  CLK0/inst/mmcm_adv_inst/CLKOUT0
                         net (fo=2, routed)           1.661    -2.608    CLK0/inst/clk_out1_clk_wiz_0
    BUFGCTRL_X0Y0        BUFGCTRL (Prop_bufgctrl_I0_O)
                                                      0.096    -2.512 r  CLK0/inst/clkout1_buf/O
                         net (fo=1526, routed)        1.544    -0.968    u_top_fsm/u_pit_stop_core/u_system_fsm/clk_65M
    SLICE_X49Y78         FDRE                                         r  u_top_fsm/u_pit_stop_core/u_system_fsm/FSM_sequential_state_reg[0]/C
  -------------------------------------------------------------------    -------------------
    SLICE_X49Y78         FDRE (Prop_fdre_C_Q)         0.456    -0.512 r  u_top_fsm/u_pit_stop_core/u_system_fsm/FSM_sequential_state_reg[0]/Q
                         net (fo=120, routed)         2.150     1.639    u_top_fsm/u_pit_stop_core/u_system_fsm/Q[0]
    SLICE_X51Y67         LUT3 (Prop_lut3_I1_O)        0.124     1.763 r  u_top_fsm/u_pit_stop_core/u_system_fsm/in_hitbox_d_i_2/O
                         net (fo=14, routed)          2.088     3.850    u_top_fsm/u_pit_stop_core/u_singleplayer_game_controller/system_screen[0]
    SLICE_X58Y79         LUT6 (Prop_lut6_I2_O)        0.124     3.974 r  u_top_fsm/u_pit_stop_core/u_singleplayer_game_controller/seg_OBUF[6]_inst_i_45/O
                         net (fo=1, routed)           0.507     4.481    u_top_fsm/u_pit_stop_core/u_system_fsm/seg_OBUF[6]_inst_i_18_3
    SLICE_X59Y78         LUT5 (Prop_lut5_I4_O)        0.124     4.605 r  u_top_fsm/u_pit_stop_core/u_system_fsm/seg_OBUF[6]_inst_i_35/O
                         net (fo=8, routed)           1.192     5.797    u_top_fsm/u_pit_stop_core/u_system_fsm/seven_segment_value[5]
    SLICE_X61Y76         LUT6 (Prop_lut6_I3_O)        0.124     5.921 r  u_top_fsm/u_pit_stop_core/u_system_fsm/seg_OBUF[6]_inst_i_18/O
                         net (fo=6, routed)           1.132     7.053    u_top_fsm/u_pit_stop_core/u_system_fsm/seg_OBUF[6]_inst_i_18_n_0
    SLICE_X63Y78         LUT6 (Prop_lut6_I1_O)        0.124     7.177 f  u_top_fsm/u_pit_stop_core/u_system_fsm/seg_OBUF[6]_inst_i_16/O
                         net (fo=1, routed)           0.947     8.125    u_seven_segment_display/seg_OBUF[1]_inst_i_1_3
    SLICE_X63Y75         LUT5 (Prop_lut5_I3_O)        0.124     8.249 f  u_seven_segment_display/seg_OBUF[6]_inst_i_5/O
                         net (fo=7, routed)           0.869     9.118    u_top_fsm/u_pit_stop_core/u_system_fsm/seg[2]_0
    SLICE_X63Y73         LUT4 (Prop_lut4_I3_O)        0.124     9.242 r  u_top_fsm/u_pit_stop_core/u_system_fsm/seg_OBUF[1]_inst_i_1/O
                         net (fo=1, routed)           3.582    12.824    seg_OBUF[1]
    W6                   OBUF (Prop_obuf_I_O)         3.529    16.354 r  seg_OBUF[1]_inst/O
                         net (fo=0)                   0.000    16.354    seg[1]
    W6                                                                r  seg[1] (OUT)
  -------------------------------------------------------------------    -------------------

Slack:                    inf
  Source:                 u_top_fsm/u_pit_stop_core/u_system_fsm/FSM_sequential_state_reg[0]/C
                            (rising edge-triggered cell FDRE clocked by clk_out1_clk_wiz_0  {rise@0.000ns fall@7.692ns period=15.385ns})
  Destination:            seg[3]
                            (output port)
  Path Group:             (none)
  Path Type:              Max at Slow Process Corner
  Data Path Delay:        16.645ns  (logic 4.860ns (29.195%)  route 11.786ns (70.805%))
  Logic Levels:           8  (LUT3=1 LUT4=2 LUT5=1 LUT6=3 OBUF=1)
  Clock Uncertainty:      0.426ns  ((TSJ^2 + DJ^2)^1/2) / 2 + PE
    Total System Jitter     (TSJ):    0.050ns
    Discrete Jitter          (DJ):    0.251ns
    Phase Error              (PE):    0.298ns

    Location             Delay type                Incr(ns)  Path(ns)    Netlist Resource(s)
  -------------------------------------------------------------------    -------------------
                         (clock clk_out1_clk_wiz_0 rise edge)
                                                      0.000     0.000 r  
    W5                                                0.000     0.000 r  clk (IN)
                         net (fo=0)                   0.000     0.000    CLK0/inst/clk
    W5                   IBUF (Prop_ibuf_I_O)         1.458     1.458 r  CLK0/inst/clkin1_ibufg/O
                         net (fo=1, routed)           1.233     2.691    CLK0/inst/clk_in_clk_wiz_0
    MMCME2_ADV_X1Y0      MMCME2_ADV (Prop_mmcme2_adv_CLKIN1_CLKOUT0)
                                                     -6.961    -4.269 r  CLK0/inst/mmcm_adv_inst/CLKOUT0
                         net (fo=2, routed)           1.661    -2.608    CLK0/inst/clk_out1_clk_wiz_0
    BUFGCTRL_X0Y0        BUFGCTRL (Prop_bufgctrl_I0_O)
                                                      0.096    -2.512 r  CLK0/inst/clkout1_buf/O
                         net (fo=1526, routed)        1.544    -0.968    u_top_fsm/u_pit_stop_core/u_system_fsm/clk_65M
    SLICE_X49Y78         FDRE                                         r  u_top_fsm/u_pit_stop_core/u_system_fsm/FSM_sequential_state_reg[0]/C
  -------------------------------------------------------------------    -------------------
    SLICE_X49Y78         FDRE (Prop_fdre_C_Q)         0.456    -0.512 r  u_top_fsm/u_pit_stop_core/u_system_fsm/FSM_sequential_state_reg[0]/Q
                         net (fo=120, routed)         2.150     1.639    u_top_fsm/u_pit_stop_core/u_system_fsm/Q[0]
    SLICE_X51Y67         LUT3 (Prop_lut3_I1_O)        0.124     1.763 r  u_top_fsm/u_pit_stop_core/u_system_fsm/in_hitbox_d_i_2/O
                         net (fo=14, routed)          2.088     3.850    u_top_fsm/u_pit_stop_core/u_singleplayer_game_controller/system_screen[0]
    SLICE_X58Y79         LUT6 (Prop_lut6_I2_O)        0.124     3.974 r  u_top_fsm/u_pit_stop_core/u_singleplayer_game_controller/seg_OBUF[6]_inst_i_45/O
                         net (fo=1, routed)           0.507     4.481    u_top_fsm/u_pit_stop_core/u_system_fsm/seg_OBUF[6]_inst_i_18_3
    SLICE_X59Y78         LUT5 (Prop_lut5_I4_O)        0.124     4.605 r  u_top_fsm/u_pit_stop_core/u_system_fsm/seg_OBUF[6]_inst_i_35/O
                         net (fo=8, routed)           1.192     5.797    u_top_fsm/u_pit_stop_core/u_system_fsm/seven_segment_value[5]
    SLICE_X61Y76         LUT6 (Prop_lut6_I3_O)        0.124     5.921 r  u_top_fsm/u_pit_stop_core/u_system_fsm/seg_OBUF[6]_inst_i_18/O
                         net (fo=6, routed)           1.321     7.242    u_top_fsm/u_pit_stop_core/u_system_fsm/seg_OBUF[6]_inst_i_18_n_0
    SLICE_X63Y78         LUT6 (Prop_lut6_I1_O)        0.124     7.366 r  u_top_fsm/u_pit_stop_core/u_system_fsm/seg_OBUF[6]_inst_i_12/O
                         net (fo=1, routed)           0.615     7.981    u_top_fsm/u_pit_stop_core/u_system_fsm/seg_OBUF[6]_inst_i_12_n_0
    SLICE_X63Y76         LUT4 (Prop_lut4_I2_O)        0.124     8.105 r  u_top_fsm/u_pit_stop_core/u_system_fsm/seg_OBUF[6]_inst_i_3/O
                         net (fo=6, routed)           0.906     9.011    u_seven_segment_display/seg[3]
    SLICE_X63Y73         LUT4 (Prop_lut4_I1_O)        0.124     9.135 r  u_seven_segment_display/seg_OBUF[3]_inst_i_1/O
                         net (fo=1, routed)           3.007    12.142    seg_OBUF[3]
    V8                   OBUF (Prop_obuf_I_O)         3.536    15.677 r  seg_OBUF[3]_inst/O
                         net (fo=0)                   0.000    15.677    seg[3]
    V8                                                                r  seg[3] (OUT)
  -------------------------------------------------------------------    -------------------

Slack:                    inf
  Source:                 pclk_oddr/C
                            (falling edge-triggered cell ODDR clocked by clk_out1_clk_wiz_0  {rise@0.000ns fall@7.692ns period=15.385ns})
  Destination:            JA1
                            (output port)
  Path Group:             (none)
  Path Type:              Max at Slow Process Corner
  Data Path Delay:        3.978ns  (logic 3.977ns (99.975%)  route 0.001ns (0.025%))
  Logic Levels:           1  (OBUF=1)
  Clock Uncertainty:      0.426ns  ((TSJ^2 + DJ^2)^1/2) / 2 + PE
    Total System Jitter     (TSJ):    0.050ns
    Discrete Jitter          (DJ):    0.251ns
    Phase Error              (PE):    0.298ns

    Location             Delay type                Incr(ns)  Path(ns)    Netlist Resource(s)
  -------------------------------------------------------------------    -------------------
                         (clock clk_out1_clk_wiz_0 fall edge)
                                                      7.692     7.692 f  
    W5                                                0.000     7.692 f  clk (IN)
                         net (fo=0)                   0.000     7.692    CLK0/inst/clk
    W5                   IBUF (Prop_ibuf_I_O)         1.458     9.151 f  CLK0/inst/clkin1_ibufg/O
                         net (fo=1, routed)           1.233    10.384    CLK0/inst/clk_in_clk_wiz_0
    MMCME2_ADV_X1Y0      MMCME2_ADV (Prop_mmcme2_adv_CLKIN1_CLKOUT0)
                                                     -6.961     3.423 f  CLK0/inst/mmcm_adv_inst/CLKOUT0
                         net (fo=2, routed)           1.661     5.084    CLK0/inst/clk_out1_clk_wiz_0
    BUFGCTRL_X0Y0        BUFGCTRL (Prop_bufgctrl_I0_O)
                                                      0.096     5.180 f  CLK0/inst/clkout1_buf/O
                         net (fo=1526, routed)        1.666     6.847    clk_65M
    OLOGIC_X1Y93         ODDR                                         f  pclk_oddr/C
  -------------------------------------------------------------------    -------------------
    OLOGIC_X1Y93         ODDR (Prop_oddr_C_Q)         0.472     7.319 r  pclk_oddr/Q
                         net (fo=1, routed)           0.001     7.320    JA1_OBUF
    J1                   OBUF (Prop_obuf_I_O)         3.505    10.825 r  JA1_OBUF_inst/O
                         net (fo=0)                   0.000    10.825    JA1
    J1                                                                r  JA1 (OUT)
  -------------------------------------------------------------------    -------------------

Slack:                    inf
  Source:                 u_top_fsm/u_pit_stop_core/u_uart_game_link/u_uart_tx/bit_index_reg[1]/C
                            (rising edge-triggered cell FDRE clocked by clk_out1_clk_wiz_0  {rise@0.000ns fall@7.692ns period=15.385ns})
  Destination:            uart_tx
                            (output port)
  Path Group:             (none)
  Path Type:              Max at Slow Process Corner
  Data Path Delay:        11.610ns  (logic 4.410ns (37.983%)  route 7.200ns (62.017%))
  Logic Levels:           4  (LUT5=1 LUT6=2 OBUF=1)
  Clock Uncertainty:      0.426ns  ((TSJ^2 + DJ^2)^1/2) / 2 + PE
    Total System Jitter     (TSJ):    0.050ns
    Discrete Jitter          (DJ):    0.251ns
    Phase Error              (PE):    0.298ns

    Location             Delay type                Incr(ns)  Path(ns)    Netlist Resource(s)
  -------------------------------------------------------------------    -------------------
                         (clock clk_out1_clk_wiz_0 rise edge)
                                                      0.000     0.000 r  
    W5                                                0.000     0.000 r  clk (IN)
                         net (fo=0)                   0.000     0.000    CLK0/inst/clk
    W5                   IBUF (Prop_ibuf_I_O)         1.458     1.458 r  CLK0/inst/clkin1_ibufg/O
                         net (fo=1, routed)           1.233     2.691    CLK0/inst/clk_in_clk_wiz_0
    MMCME2_ADV_X1Y0      MMCME2_ADV (Prop_mmcme2_adv_CLKIN1_CLKOUT0)
                                                     -6.961    -4.269 r  CLK0/inst/mmcm_adv_inst/CLKOUT0
                         net (fo=2, routed)           1.661    -2.608    CLK0/inst/clk_out1_clk_wiz_0
    BUFGCTRL_X0Y0        BUFGCTRL (Prop_bufgctrl_I0_O)
                                                      0.096    -2.512 r  CLK0/inst/clkout1_buf/O
                         net (fo=1526, routed)        1.554    -0.958    u_top_fsm/u_pit_stop_core/u_uart_game_link/u_uart_tx/clk_65M
    SLICE_X54Y85         FDRE                                         r  u_top_fsm/u_pit_stop_core/u_uart_game_link/u_uart_tx/bit_index_reg[1]/C
  -------------------------------------------------------------------    -------------------
    SLICE_X54Y85         FDRE (Prop_fdre_C_Q)         0.518    -0.440 r  u_top_fsm/u_pit_stop_core/u_uart_game_link/u_uart_tx/bit_index_reg[1]/Q
                         net (fo=7, routed)           1.074     0.634    u_top_fsm/u_pit_stop_core/u_uart_game_link/u_uart_tx/bit_index[1]
    SLICE_X55Y85         LUT6 (Prop_lut6_I2_O)        0.124     0.758 r  u_top_fsm/u_pit_stop_core/u_uart_game_link/u_uart_tx/uart_tx_OBUF_inst_i_4/O
                         net (fo=1, routed)           0.795     1.553    u_top_fsm/u_pit_stop_core/u_uart_game_link/u_uart_tx/uart_tx_OBUF_inst_i_4_n_0
    SLICE_X54Y85         LUT6 (Prop_lut6_I0_O)        0.124     1.677 r  u_top_fsm/u_pit_stop_core/u_uart_game_link/u_uart_tx/uart_tx_OBUF_inst_i_2/O
                         net (fo=1, routed)           0.499     2.176    u_top_fsm/u_pit_stop_core/u_uart_game_link/u_uart_tx/uart_tx_OBUF_inst_i_2_n_0
    SLICE_X54Y85         LUT5 (Prop_lut5_I0_O)        0.124     2.300 r  u_top_fsm/u_pit_stop_core/u_uart_game_link/u_uart_tx/uart_tx_OBUF_inst_i_1/O
                         net (fo=1, routed)           4.832     7.132    uart_tx_OBUF
    A14                  OBUF (Prop_obuf_I_O)         3.520    10.652 r  uart_tx_OBUF_inst/O
                         net (fo=0)                   0.000    10.652    uart_tx
    A14                                                               r  uart_tx (OUT)
  -------------------------------------------------------------------    -------------------

Slack:                    inf
  Source:                 u_top_fsm/u_pit_stop_core/u_uart_game_link/remote_score_reg[7]_lopt_replica/C
                            (rising edge-triggered cell FDRE clocked by clk_out1_clk_wiz_0  {rise@0.000ns fall@7.692ns period=15.385ns})
  Destination:            led_low[7]
                            (output port)
  Path Group:             (none)
  Path Type:              Max at Slow Process Corner
  Data Path Delay:        9.916ns  (logic 3.957ns (39.903%)  route 5.959ns (60.097%))
  Logic Levels:           1  (OBUF=1)
  Clock Uncertainty:      0.426ns  ((TSJ^2 + DJ^2)^1/2) / 2 + PE
    Total System Jitter     (TSJ):    0.050ns
    Discrete Jitter          (DJ):    0.251ns
    Phase Error              (PE):    0.298ns

    Location             Delay type                Incr(ns)  Path(ns)    Netlist Resource(s)
  -------------------------------------------------------------------    -------------------
                         (clock clk_out1_clk_wiz_0 rise edge)
                                                      0.000     0.000 r  
    W5                                                0.000     0.000 r  clk (IN)
                         net (fo=0)                   0.000     0.000    CLK0/inst/clk
    W5                   IBUF (Prop_ibuf_I_O)         1.458     1.458 r  CLK0/inst/clkin1_ibufg/O
                         net (fo=1, routed)           1.233     2.691    CLK0/inst/clk_in_clk_wiz_0
    MMCME2_ADV_X1Y0      MMCME2_ADV (Prop_mmcme2_adv_CLKIN1_CLKOUT0)
                                                     -6.961    -4.269 r  CLK0/inst/mmcm_adv_inst/CLKOUT0
                         net (fo=2, routed)           1.661    -2.608    CLK0/inst/clk_out1_clk_wiz_0
    BUFGCTRL_X0Y0        BUFGCTRL (Prop_bufgctrl_I0_O)
                                                      0.096    -2.512 r  CLK0/inst/clkout1_buf/O
                         net (fo=1526, routed)        1.607    -0.905    u_top_fsm/u_pit_stop_core/u_uart_game_link/clk_65M
    SLICE_X58Y76         FDRE                                         r  u_top_fsm/u_pit_stop_core/u_uart_game_link/remote_score_reg[7]_lopt_replica/C
  -------------------------------------------------------------------    -------------------
    SLICE_X58Y76         FDRE (Prop_fdre_C_Q)         0.456    -0.449 r  u_top_fsm/u_pit_stop_core/u_uart_game_link/remote_score_reg[7]_lopt_replica/Q
                         net (fo=1, routed)           5.959     5.510    lopt_7
    V14                  OBUF (Prop_obuf_I_O)         3.501     9.011 r  led_low_OBUF[7]_inst/O
                         net (fo=0)                   0.000     9.011    led_low[7]
    V14                                                               r  led_low[7] (OUT)
  -------------------------------------------------------------------    -------------------

Slack:                    inf
  Source:                 u_top_fsm/u_pit_stop_core/u_uart_game_link/remote_score_reg[6]_lopt_replica/C
                            (rising edge-triggered cell FDRE clocked by clk_out1_clk_wiz_0  {rise@0.000ns fall@7.692ns period=15.385ns})
  Destination:            led_low[6]
                            (output port)
  Path Group:             (none)
  Path Type:              Max at Slow Process Corner
  Data Path Delay:        9.733ns  (logic 3.962ns (40.709%)  route 5.771ns (59.291%))
  Logic Levels:           1  (OBUF=1)
  Clock Uncertainty:      0.426ns  ((TSJ^2 + DJ^2)^1/2) / 2 + PE
    Total System Jitter     (TSJ):    0.050ns
    Discrete Jitter          (DJ):    0.251ns
    Phase Error              (PE):    0.298ns

    Location             Delay type                Incr(ns)  Path(ns)    Netlist Resource(s)
  -------------------------------------------------------------------    -------------------
                         (clock clk_out1_clk_wiz_0 rise edge)
                                                      0.000     0.000 r  
    W5                                                0.000     0.000 r  clk (IN)
                         net (fo=0)                   0.000     0.000    CLK0/inst/clk
    W5                   IBUF (Prop_ibuf_I_O)         1.458     1.458 r  CLK0/inst/clkin1_ibufg/O
                         net (fo=1, routed)           1.233     2.691    CLK0/inst/clk_in_clk_wiz_0
    MMCME2_ADV_X1Y0      MMCME2_ADV (Prop_mmcme2_adv_CLKIN1_CLKOUT0)
                                                     -6.961    -4.269 r  CLK0/inst/mmcm_adv_inst/CLKOUT0
                         net (fo=2, routed)           1.661    -2.608    CLK0/inst/clk_out1_clk_wiz_0
    BUFGCTRL_X0Y0        BUFGCTRL (Prop_bufgctrl_I0_O)
                                                      0.096    -2.512 r  CLK0/inst/clkout1_buf/O
                         net (fo=1526, routed)        1.607    -0.905    u_top_fsm/u_pit_stop_core/u_uart_game_link/clk_65M
    SLICE_X58Y76         FDRE                                         r  u_top_fsm/u_pit_stop_core/u_uart_game_link/remote_score_reg[6]_lopt_replica/C
  -------------------------------------------------------------------    -------------------
    SLICE_X58Y76         FDRE (Prop_fdre_C_Q)         0.456    -0.449 r  u_top_fsm/u_pit_stop_core/u_uart_game_link/remote_score_reg[6]_lopt_replica/Q
                         net (fo=1, routed)           5.771     5.322    lopt_6
    U14                  OBUF (Prop_obuf_I_O)         3.506     8.828 r  led_low_OBUF[6]_inst/O
                         net (fo=0)                   0.000     8.828    led_low[6]
    U14                                                               r  led_low[6] (OUT)
  -------------------------------------------------------------------    -------------------

Slack:                    inf
  Source:                 u_top_fsm/u_pit_stop_core/u_uart_game_link/remote_score_reg[5]_lopt_replica/C
                            (rising edge-triggered cell FDRE clocked by clk_out1_clk_wiz_0  {rise@0.000ns fall@7.692ns period=15.385ns})
  Destination:            led_low[5]
                            (output port)
  Path Group:             (none)
  Path Type:              Max at Slow Process Corner
  Data Path Delay:        9.670ns  (logic 3.970ns (41.059%)  route 5.700ns (58.941%))
  Logic Levels:           1  (OBUF=1)
  Clock Uncertainty:      0.426ns  ((TSJ^2 + DJ^2)^1/2) / 2 + PE
    Total System Jitter     (TSJ):    0.050ns
    Discrete Jitter          (DJ):    0.251ns
    Phase Error              (PE):    0.298ns

    Location             Delay type                Incr(ns)  Path(ns)    Netlist Resource(s)
  -------------------------------------------------------------------    -------------------
                         (clock clk_out1_clk_wiz_0 rise edge)
                                                      0.000     0.000 r  
    W5                                                0.000     0.000 r  clk (IN)
                         net (fo=0)                   0.000     0.000    CLK0/inst/clk
    W5                   IBUF (Prop_ibuf_I_O)         1.458     1.458 r  CLK0/inst/clkin1_ibufg/O
                         net (fo=1, routed)           1.233     2.691    CLK0/inst/clk_in_clk_wiz_0
    MMCME2_ADV_X1Y0      MMCME2_ADV (Prop_mmcme2_adv_CLKIN1_CLKOUT0)
                                                     -6.961    -4.269 r  CLK0/inst/mmcm_adv_inst/CLKOUT0
                         net (fo=2, routed)           1.661    -2.608    CLK0/inst/clk_out1_clk_wiz_0
    BUFGCTRL_X0Y0        BUFGCTRL (Prop_bufgctrl_I0_O)
                                                      0.096    -2.512 r  CLK0/inst/clkout1_buf/O
                         net (fo=1526, routed)        1.607    -0.905    u_top_fsm/u_pit_stop_core/u_uart_game_link/clk_65M
    SLICE_X58Y76         FDRE                                         r  u_top_fsm/u_pit_stop_core/u_uart_game_link/remote_score_reg[5]_lopt_replica/C
  -------------------------------------------------------------------    -------------------
    SLICE_X58Y76         FDRE (Prop_fdre_C_Q)         0.456    -0.449 r  u_top_fsm/u_pit_stop_core/u_uart_game_link/remote_score_reg[5]_lopt_replica/Q
                         net (fo=1, routed)           5.700     5.251    lopt_5
    U15                  OBUF (Prop_obuf_I_O)         3.514     8.765 r  led_low_OBUF[5]_inst/O
                         net (fo=0)                   0.000     8.765    led_low[5]
    U15                                                               r  led_low[5] (OUT)
  -------------------------------------------------------------------    -------------------

Slack:                    inf
  Source:                 u_seven_segment_display/refresh_counter_reg[14]/C
                            (rising edge-triggered cell FDRE clocked by clk_out1_clk_wiz_0  {rise@0.000ns fall@7.692ns period=15.385ns})
  Destination:            dp
                            (output port)
  Path Group:             (none)
  Path Type:              Max at Slow Process Corner
  Data Path Delay:        9.543ns  (logic 4.140ns (43.378%)  route 5.403ns (56.622%))
  Logic Levels:           2  (LUT3=1 OBUF=1)
  Clock Uncertainty:      0.426ns  ((TSJ^2 + DJ^2)^1/2) / 2 + PE
    Total System Jitter     (TSJ):    0.050ns
    Discrete Jitter          (DJ):    0.251ns
    Phase Error              (PE):    0.298ns

    Location             Delay type                Incr(ns)  Path(ns)    Netlist Resource(s)
  -------------------------------------------------------------------    -------------------
                         (clock clk_out1_clk_wiz_0 rise edge)
                                                      0.000     0.000 r  
    W5                                                0.000     0.000 r  clk (IN)
                         net (fo=0)                   0.000     0.000    CLK0/inst/clk
    W5                   IBUF (Prop_ibuf_I_O)         1.458     1.458 r  CLK0/inst/clkin1_ibufg/O
                         net (fo=1, routed)           1.233     2.691    CLK0/inst/clk_in_clk_wiz_0
    MMCME2_ADV_X1Y0      MMCME2_ADV (Prop_mmcme2_adv_CLKIN1_CLKOUT0)
                                                     -6.961    -4.269 r  CLK0/inst/mmcm_adv_inst/CLKOUT0
                         net (fo=2, routed)           1.661    -2.608    CLK0/inst/clk_out1_clk_wiz_0
    BUFGCTRL_X0Y0        BUFGCTRL (Prop_bufgctrl_I0_O)
                                                      0.096    -2.512 r  CLK0/inst/clkout1_buf/O
                         net (fo=1526, routed)        1.609    -0.903    u_seven_segment_display/clk_65M
    SLICE_X64Y77         FDRE                                         r  u_seven_segment_display/refresh_counter_reg[14]/C
  -------------------------------------------------------------------    -------------------
    SLICE_X64Y77         FDRE (Prop_fdre_C_Q)         0.518    -0.385 f  u_seven_segment_display/refresh_counter_reg[14]/Q
                         net (fo=11, routed)          1.420     1.035    u_seven_segment_display/digit_select[0]
    SLICE_X65Y75         LUT3 (Prop_lut3_I0_O)        0.124     1.159 r  u_seven_segment_display/dp_OBUF_inst_i_1/O
                         net (fo=1, routed)           3.984     5.143    dp_OBUF
    V7                   OBUF (Prop_obuf_I_O)         3.498     8.640 r  dp_OBUF_inst/O
                         net (fo=0)                   0.000     8.640    dp
    V7                                                                r  dp (OUT)
  -------------------------------------------------------------------    -------------------

Slack:                    inf
  Source:                 u_seven_segment_display/refresh_counter_reg[15]/C
                            (rising edge-triggered cell FDRE clocked by clk_out1_clk_wiz_0  {rise@0.000ns fall@7.692ns period=15.385ns})
  Destination:            an[3]
                            (output port)
  Path Group:             (none)
  Path Type:              Max at Slow Process Corner
  Data Path Delay:        9.194ns  (logic 4.382ns (47.665%)  route 4.812ns (52.335%))
  Logic Levels:           2  (LUT2=1 OBUF=1)
  Clock Uncertainty:      0.426ns  ((TSJ^2 + DJ^2)^1/2) / 2 + PE
    Total System Jitter     (TSJ):    0.050ns
    Discrete Jitter          (DJ):    0.251ns
    Phase Error              (PE):    0.298ns

    Location             Delay type                Incr(ns)  Path(ns)    Netlist Resource(s)
  -------------------------------------------------------------------    -------------------
                         (clock clk_out1_clk_wiz_0 rise edge)
                                                      0.000     0.000 r  
    W5                                                0.000     0.000 r  clk (IN)
                         net (fo=0)                   0.000     0.000    CLK0/inst/clk
    W5                   IBUF (Prop_ibuf_I_O)         1.458     1.458 r  CLK0/inst/clkin1_ibufg/O
                         net (fo=1, routed)           1.233     2.691    CLK0/inst/clk_in_clk_wiz_0
    MMCME2_ADV_X1Y0      MMCME2_ADV (Prop_mmcme2_adv_CLKIN1_CLKOUT0)
                                                     -6.961    -4.269 r  CLK0/inst/mmcm_adv_inst/CLKOUT0
                         net (fo=2, routed)           1.661    -2.608    CLK0/inst/clk_out1_clk_wiz_0
    BUFGCTRL_X0Y0        BUFGCTRL (Prop_bufgctrl_I0_O)
                                                      0.096    -2.512 r  CLK0/inst/clkout1_buf/O
                         net (fo=1526, routed)        1.609    -0.903    u_seven_segment_display/clk_65M
    SLICE_X64Y77         FDRE                                         r  u_seven_segment_display/refresh_counter_reg[15]/C
  -------------------------------------------------------------------    -------------------
    SLICE_X64Y77         FDRE (Prop_fdre_C_Q)         0.518    -0.385 f  u_seven_segment_display/refresh_counter_reg[15]/Q
                         net (fo=12, routed)          1.163     0.778    u_seven_segment_display/digit_select[1]
    SLICE_X63Y75         LUT2 (Prop_lut2_I0_O)        0.152     0.930 r  u_seven_segment_display/an_OBUF[3]_inst_i_1/O
                         net (fo=1, routed)           3.649     4.579    an_OBUF[3]
    W4                   OBUF (Prop_obuf_I_O)         3.712     8.291 r  an_OBUF[3]_inst/O
                         net (fo=0)                   0.000     8.291    an[3]
    W4                                                                r  an[3] (OUT)
  -------------------------------------------------------------------    -------------------

Slack:                    inf
  Source:                 u_seven_segment_display/refresh_counter_reg[14]/C
                            (rising edge-triggered cell FDRE clocked by clk_out1_clk_wiz_0  {rise@0.000ns fall@7.692ns period=15.385ns})
  Destination:            an[2]
                            (output port)
  Path Group:             (none)
  Path Type:              Max at Slow Process Corner
  Data Path Delay:        9.148ns  (logic 4.401ns (48.109%)  route 4.747ns (51.891%))
  Logic Levels:           2  (LUT2=1 OBUF=1)
  Clock Uncertainty:      0.426ns  ((TSJ^2 + DJ^2)^1/2) / 2 + PE
    Total System Jitter     (TSJ):    0.050ns
    Discrete Jitter          (DJ):    0.251ns
    Phase Error              (PE):    0.298ns

    Location             Delay type                Incr(ns)  Path(ns)    Netlist Resource(s)
  -------------------------------------------------------------------    -------------------
                         (clock clk_out1_clk_wiz_0 rise edge)
                                                      0.000     0.000 r  
    W5                                                0.000     0.000 r  clk (IN)
                         net (fo=0)                   0.000     0.000    CLK0/inst/clk
    W5                   IBUF (Prop_ibuf_I_O)         1.458     1.458 r  CLK0/inst/clkin1_ibufg/O
                         net (fo=1, routed)           1.233     2.691    CLK0/inst/clk_in_clk_wiz_0
    MMCME2_ADV_X1Y0      MMCME2_ADV (Prop_mmcme2_adv_CLKIN1_CLKOUT0)
                                                     -6.961    -4.269 r  CLK0/inst/mmcm_adv_inst/CLKOUT0
                         net (fo=2, routed)           1.661    -2.608    CLK0/inst/clk_out1_clk_wiz_0
    BUFGCTRL_X0Y0        BUFGCTRL (Prop_bufgctrl_I0_O)
                                                      0.096    -2.512 r  CLK0/inst/clkout1_buf/O
                         net (fo=1526, routed)        1.609    -0.903    u_seven_segment_display/clk_65M
    SLICE_X64Y77         FDRE                                         r  u_seven_segment_display/refresh_counter_reg[14]/C
  -------------------------------------------------------------------    -------------------
    SLICE_X64Y77         FDRE (Prop_fdre_C_Q)         0.518    -0.385 r  u_seven_segment_display/refresh_counter_reg[14]/Q
                         net (fo=11, routed)          1.420     1.035    u_seven_segment_display/digit_select[0]
    SLICE_X65Y75         LUT2 (Prop_lut2_I0_O)        0.152     1.187 r  u_seven_segment_display/an_OBUF[2]_inst_i_1/O
                         net (fo=1, routed)           3.327     4.514    an_OBUF[2]
    V4                   OBUF (Prop_obuf_I_O)         3.731     8.245 r  an_OBUF[2]_inst/O
                         net (fo=0)                   0.000     8.245    an[2]
    V4                                                                r  an[2] (OUT)
  -------------------------------------------------------------------    -------------------

Slack:                    inf
  Source:                 u_seven_segment_display/refresh_counter_reg[14]/C
                            (rising edge-triggered cell FDRE clocked by clk_out1_clk_wiz_0  {rise@0.000ns fall@7.692ns period=15.385ns})
  Destination:            an[1]
                            (output port)
  Path Group:             (none)
  Path Type:              Max at Slow Process Corner
  Data Path Delay:        9.137ns  (logic 4.371ns (47.842%)  route 4.765ns (52.158%))
  Logic Levels:           2  (LUT2=1 OBUF=1)
  Clock Uncertainty:      0.426ns  ((TSJ^2 + DJ^2)^1/2) / 2 + PE
    Total System Jitter     (TSJ):    0.050ns
    Discrete Jitter          (DJ):    0.251ns
    Phase Error              (PE):    0.298ns

    Location             Delay type                Incr(ns)  Path(ns)    Netlist Resource(s)
  -------------------------------------------------------------------    -------------------
                         (clock clk_out1_clk_wiz_0 rise edge)
                                                      0.000     0.000 r  
    W5                                                0.000     0.000 r  clk (IN)
                         net (fo=0)                   0.000     0.000    CLK0/inst/clk
    W5                   IBUF (Prop_ibuf_I_O)         1.458     1.458 r  CLK0/inst/clkin1_ibufg/O
                         net (fo=1, routed)           1.233     2.691    CLK0/inst/clk_in_clk_wiz_0
    MMCME2_ADV_X1Y0      MMCME2_ADV (Prop_mmcme2_adv_CLKIN1_CLKOUT0)
                                                     -6.961    -4.269 r  CLK0/inst/mmcm_adv_inst/CLKOUT0
                         net (fo=2, routed)           1.661    -2.608    CLK0/inst/clk_out1_clk_wiz_0
    BUFGCTRL_X0Y0        BUFGCTRL (Prop_bufgctrl_I0_O)
                                                      0.096    -2.512 r  CLK0/inst/clkout1_buf/O
                         net (fo=1526, routed)        1.609    -0.903    u_seven_segment_display/clk_65M
    SLICE_X64Y77         FDRE                                         r  u_seven_segment_display/refresh_counter_reg[14]/C
  -------------------------------------------------------------------    -------------------
    SLICE_X64Y77         FDRE (Prop_fdre_C_Q)         0.518    -0.385 f  u_seven_segment_display/refresh_counter_reg[14]/Q
                         net (fo=11, routed)          1.421     1.036    u_seven_segment_display/digit_select[0]
    SLICE_X65Y75         LUT2 (Prop_lut2_I1_O)        0.152     1.188 r  u_seven_segment_display/an_OBUF[1]_inst_i_1/O
                         net (fo=1, routed)           3.345     4.532    an_OBUF[1]
    U4                   OBUF (Prop_obuf_I_O)         3.701     8.234 r  an_OBUF[1]_inst/O
                         net (fo=0)                   0.000     8.234    an[1]
    U4                                                                r  an[1] (OUT)
  -------------------------------------------------------------------    -------------------

Slack:                    inf
  Source:                 u_top_fsm/u_pit_stop_core/u_uart_game_link/remote_score_reg[4]_lopt_replica/C
                            (rising edge-triggered cell FDRE clocked by clk_out1_clk_wiz_0  {rise@0.000ns fall@7.692ns period=15.385ns})
  Destination:            led_low[4]
                            (output port)
  Path Group:             (none)
  Path Type:              Max at Slow Process Corner
  Data Path Delay:        9.056ns  (logic 3.965ns (43.780%)  route 5.091ns (56.220%))
  Logic Levels:           1  (OBUF=1)
  Clock Uncertainty:      0.426ns  ((TSJ^2 + DJ^2)^1/2) / 2 + PE
    Total System Jitter     (TSJ):    0.050ns
    Discrete Jitter          (DJ):    0.251ns
    Phase Error              (PE):    0.298ns

    Location             Delay type                Incr(ns)  Path(ns)    Netlist Resource(s)
  -------------------------------------------------------------------    -------------------
                         (clock clk_out1_clk_wiz_0 rise edge)
                                                      0.000     0.000 r  
    W5                                                0.000     0.000 r  clk (IN)
                         net (fo=0)                   0.000     0.000    CLK0/inst/clk
    W5                   IBUF (Prop_ibuf_I_O)         1.458     1.458 r  CLK0/inst/clkin1_ibufg/O
                         net (fo=1, routed)           1.233     2.691    CLK0/inst/clk_in_clk_wiz_0
    MMCME2_ADV_X1Y0      MMCME2_ADV (Prop_mmcme2_adv_CLKIN1_CLKOUT0)
                                                     -6.961    -4.269 r  CLK0/inst/mmcm_adv_inst/CLKOUT0
                         net (fo=2, routed)           1.661    -2.608    CLK0/inst/clk_out1_clk_wiz_0
    BUFGCTRL_X0Y0        BUFGCTRL (Prop_bufgctrl_I0_O)
                                                      0.096    -2.512 r  CLK0/inst/clkout1_buf/O
                         net (fo=1526, routed)        1.607    -0.905    u_top_fsm/u_pit_stop_core/u_uart_game_link/clk_65M
    SLICE_X58Y76         FDRE                                         r  u_top_fsm/u_pit_stop_core/u_uart_game_link/remote_score_reg[4]_lopt_replica/C
  -------------------------------------------------------------------    -------------------
    SLICE_X58Y76         FDRE (Prop_fdre_C_Q)         0.456    -0.449 r  u_top_fsm/u_pit_stop_core/u_uart_game_link/remote_score_reg[4]_lopt_replica/Q
                         net (fo=1, routed)           5.091     4.642    lopt_4
    W18                  OBUF (Prop_obuf_I_O)         3.509     8.151 r  led_low_OBUF[4]_inst/O
                         net (fo=0)                   0.000     8.151    led_low[4]
    W18                                                               r  led_low[4] (OUT)
  -------------------------------------------------------------------    -------------------

Slack:                    inf
  Source:                 u_top_fsm/u_pit_stop_core/u_uart_game_link/remote_score_reg[0]_lopt_replica/C
                            (rising edge-triggered cell FDRE clocked by clk_out1_clk_wiz_0  {rise@0.000ns fall@7.692ns period=15.385ns})
  Destination:            led_low[0]
                            (output port)
  Path Group:             (none)
  Path Type:              Max at Slow Process Corner
  Data Path Delay:        9.022ns  (logic 3.961ns (43.902%)  route 5.061ns (56.098%))
  Logic Levels:           1  (OBUF=1)
  Clock Uncertainty:      0.426ns  ((TSJ^2 + DJ^2)^1/2) / 2 + PE
    Total System Jitter     (TSJ):    0.050ns
    Discrete Jitter          (DJ):    0.251ns
    Phase Error              (PE):    0.298ns

    Location             Delay type                Incr(ns)  Path(ns)    Netlist Resource(s)
  -------------------------------------------------------------------    -------------------
                         (clock clk_out1_clk_wiz_0 rise edge)
                                                      0.000     0.000 r  
    W5                                                0.000     0.000 r  clk (IN)
                         net (fo=0)                   0.000     0.000    CLK0/inst/clk
    W5                   IBUF (Prop_ibuf_I_O)         1.458     1.458 r  CLK0/inst/clkin1_ibufg/O
                         net (fo=1, routed)           1.233     2.691    CLK0/inst/clk_in_clk_wiz_0
    MMCME2_ADV_X1Y0      MMCME2_ADV (Prop_mmcme2_adv_CLKIN1_CLKOUT0)
                                                     -6.961    -4.269 r  CLK0/inst/mmcm_adv_inst/CLKOUT0
                         net (fo=2, routed)           1.661    -2.608    CLK0/inst/clk_out1_clk_wiz_0
    BUFGCTRL_X0Y0        BUFGCTRL (Prop_bufgctrl_I0_O)
                                                      0.096    -2.512 r  CLK0/inst/clkout1_buf/O
                         net (fo=1526, routed)        1.607    -0.905    u_top_fsm/u_pit_stop_core/u_uart_game_link/clk_65M
    SLICE_X59Y76         FDRE                                         r  u_top_fsm/u_pit_stop_core/u_uart_game_link/remote_score_reg[0]_lopt_replica/C
  -------------------------------------------------------------------    -------------------
    SLICE_X59Y76         FDRE (Prop_fdre_C_Q)         0.456    -0.449 r  u_top_fsm/u_pit_stop_core/u_uart_game_link/remote_score_reg[0]_lopt_replica/Q
                         net (fo=1, routed)           5.061     4.612    lopt
    U16                  OBUF (Prop_obuf_I_O)         3.505     8.117 r  led_low_OBUF[0]_inst/O
                         net (fo=0)                   0.000     8.117    led_low[0]
    U16                                                               r  led_low[0] (OUT)
  -------------------------------------------------------------------    -------------------

Slack:                    inf
  Source:                 u_top_fsm/u_pit_stop_core/u_lut_to_rgb/vga_out\\.vblnk_reg/C
                            (rising edge-triggered cell FDRE clocked by clk_out1_clk_wiz_0  {rise@0.000ns fall@7.692ns period=15.385ns})
  Destination:            vgaGreen[1]
                            (output port)
  Path Group:             (none)
  Path Type:              Max at Slow Process Corner
  Data Path Delay:        9.063ns  (logic 4.517ns (49.845%)  route 4.546ns (50.155%))
  Logic Levels:           2  (LUT3=1 OBUF=1)
  Clock Uncertainty:      0.426ns  ((TSJ^2 + DJ^2)^1/2) / 2 + PE
    Total System Jitter     (TSJ):    0.050ns
    Discrete Jitter          (DJ):    0.251ns
    Phase Error              (PE):    0.298ns

    Location             Delay type                Incr(ns)  Path(ns)    Netlist Resource(s)
  -------------------------------------------------------------------    -------------------
                         (clock clk_out1_clk_wiz_0 rise edge)
                                                      0.000     0.000 r  
    W5                                                0.000     0.000 r  clk (IN)
                         net (fo=0)                   0.000     0.000    CLK0/inst/clk
    W5                   IBUF (Prop_ibuf_I_O)         1.458     1.458 r  CLK0/inst/clkin1_ibufg/O
                         net (fo=1, routed)           1.233     2.691    CLK0/inst/clk_in_clk_wiz_0
    MMCME2_ADV_X1Y0      MMCME2_ADV (Prop_mmcme2_adv_CLKIN1_CLKOUT0)
                                                     -6.961    -4.269 r  CLK0/inst/mmcm_adv_inst/CLKOUT0
                         net (fo=2, routed)           1.661    -2.608    CLK0/inst/clk_out1_clk_wiz_0
    BUFGCTRL_X0Y0        BUFGCTRL (Prop_bufgctrl_I0_O)
                                                      0.096    -2.512 r  CLK0/inst/clkout1_buf/O
                         net (fo=1526, routed)        1.544    -0.968    u_top_fsm/u_pit_stop_core/u_lut_to_rgb/clk_65M
    SLICE_X30Y67         FDRE                                         r  u_top_fsm/u_pit_stop_core/u_lut_to_rgb/vga_out\\.vblnk_reg/C
  -------------------------------------------------------------------    -------------------
    SLICE_X30Y67         FDRE (Prop_fdre_C_Q)         0.478    -0.490 f  u_top_fsm/u_pit_stop_core/u_lut_to_rgb/vga_out\\.vblnk_reg/Q
                         net (fo=12, routed)          1.614     1.124    u_top_fsm/u_pit_stop_core/u_lut_to_rgb/vga_upscale\\.vblnk
    SLICE_X28Y60         LUT3 (Prop_lut3_I1_O)        0.331     1.455 r  u_top_fsm/u_pit_stop_core/u_lut_to_rgb/vgaGreen_OBUF[1]_inst_i_1/O
                         net (fo=1, routed)           2.932     4.387    vgaGreen_OBUF[1]
    H17                  OBUF (Prop_obuf_I_O)         3.708     8.095 r  vgaGreen_OBUF[1]_inst/O
                         net (fo=0)                   0.000     8.095    vgaGreen[1]
    H17                                                               r  vgaGreen[1] (OUT)
  -------------------------------------------------------------------    -------------------

Slack:                    inf
  Source:                 u_top_fsm/u_pit_stop_core/u_uart_game_link/remote_score_reg[3]_lopt_replica/C
                            (rising edge-triggered cell FDRE clocked by clk_out1_clk_wiz_0  {rise@0.000ns fall@7.692ns period=15.385ns})
  Destination:            led_low[3]
                            (output port)
  Path Group:             (none)
  Path Type:              Max at Slow Process Corner
  Data Path Delay:        8.950ns  (logic 3.965ns (44.301%)  route 4.985ns (55.699%))
  Logic Levels:           1  (OBUF=1)
  Clock Uncertainty:      0.426ns  ((TSJ^2 + DJ^2)^1/2) / 2 + PE
    Total System Jitter     (TSJ):    0.050ns
    Discrete Jitter          (DJ):    0.251ns
    Phase Error              (PE):    0.298ns

    Location             Delay type                Incr(ns)  Path(ns)    Netlist Resource(s)
  -------------------------------------------------------------------    -------------------
                         (clock clk_out1_clk_wiz_0 rise edge)
                                                      0.000     0.000 r  
    W5                                                0.000     0.000 r  clk (IN)
                         net (fo=0)                   0.000     0.000    CLK0/inst/clk
    W5                   IBUF (Prop_ibuf_I_O)         1.458     1.458 r  CLK0/inst/clkin1_ibufg/O
                         net (fo=1, routed)           1.233     2.691    CLK0/inst/clk_in_clk_wiz_0
    MMCME2_ADV_X1Y0      MMCME2_ADV (Prop_mmcme2_adv_CLKIN1_CLKOUT0)
                                                     -6.961    -4.269 r  CLK0/inst/mmcm_adv_inst/CLKOUT0
                         net (fo=2, routed)           1.661    -2.608    CLK0/inst/clk_out1_clk_wiz_0
    BUFGCTRL_X0Y0        BUFGCTRL (Prop_bufgctrl_I0_O)
                                                      0.096    -2.512 r  CLK0/inst/clkout1_buf/O
                         net (fo=1526, routed)        1.607    -0.905    u_top_fsm/u_pit_stop_core/u_uart_game_link/clk_65M
    SLICE_X59Y76         FDRE                                         r  u_top_fsm/u_pit_stop_core/u_uart_game_link/remote_score_reg[3]_lopt_replica/C
  -------------------------------------------------------------------    -------------------
    SLICE_X59Y76         FDRE (Prop_fdre_C_Q)         0.456    -0.449 r  u_top_fsm/u_pit_stop_core/u_uart_game_link/remote_score_reg[3]_lopt_replica/Q
                         net (fo=1, routed)           4.985     4.536    lopt_3
    V19                  OBUF (Prop_obuf_I_O)         3.509     8.045 r  led_low_OBUF[3]_inst/O
                         net (fo=0)                   0.000     8.045    led_low[3]
    V19                                                               r  led_low[3] (OUT)
  -------------------------------------------------------------------    -------------------





Min Delay Paths
--------------------------------------------------------------------------------------
Slack:                    inf
  Source:                 pclk_oddr/C
                            (rising edge-triggered cell ODDR clocked by clk_out1_clk_wiz_0  {rise@0.000ns fall@7.692ns period=15.385ns})
  Destination:            JA1
                            (output port)
  Path Group:             (none)
  Path Type:              Min at Fast Process Corner
  Data Path Delay:        1.384ns  (logic 1.383ns (99.928%)  route 0.001ns (0.072%))
  Logic Levels:           1  (OBUF=1)
  Clock Uncertainty:      0.426ns  ((TSJ^2 + DJ^2)^1/2) / 2 + PE
    Total System Jitter     (TSJ):    0.050ns
    Discrete Jitter          (DJ):    0.251ns
    Phase Error              (PE):    0.298ns

    Location             Delay type                Incr(ns)  Path(ns)    Netlist Resource(s)
  -------------------------------------------------------------------    -------------------
                         (clock clk_out1_clk_wiz_0 rise edge)
                                                      0.000     0.000 r  
    W5                                                0.000     0.000 r  clk (IN)
                         net (fo=0)                   0.000     0.000    CLK0/inst/clk
    W5                   IBUF (Prop_ibuf_I_O)         0.226     0.226 r  CLK0/inst/clkin1_ibufg/O
                         net (fo=1, routed)           0.440     0.667    CLK0/inst/clk_in_clk_wiz_0
    MMCME2_ADV_X1Y0      MMCME2_ADV (Prop_mmcme2_adv_CLKIN1_CLKOUT0)
                                                     -2.360    -1.693 r  CLK0/inst/mmcm_adv_inst/CLKOUT0
                         net (fo=2, routed)           0.486    -1.207    CLK0/inst/clk_out1_clk_wiz_0
    BUFGCTRL_X0Y0        BUFGCTRL (Prop_bufgctrl_I0_O)
                                                      0.026    -1.181 r  CLK0/inst/clkout1_buf/O
                         net (fo=1526, routed)        0.585    -0.596    clk_65M
    OLOGIC_X1Y93         ODDR                                         r  pclk_oddr/C
  -------------------------------------------------------------------    -------------------
    OLOGIC_X1Y93         ODDR (Prop_oddr_C_Q)         0.177    -0.419 r  pclk_oddr/Q
                         net (fo=1, routed)           0.001    -0.418    JA1_OBUF
    J1                   OBUF (Prop_obuf_I_O)         1.206     0.788 r  JA1_OBUF_inst/O
                         net (fo=0)                   0.000     0.788    JA1
    J1                                                                r  JA1 (OUT)
  -------------------------------------------------------------------    -------------------

Slack:                    inf
  Source:                 u_top_fsm/u_pit_stop_core/u_uart_game_link/rx_activity_reg/C
                            (rising edge-triggered cell FDRE clocked by clk_out1_clk_wiz_0  {rise@0.000ns fall@7.692ns period=15.385ns})
  Destination:            led_high[14]
                            (output port)
  Path Group:             (none)
  Path Type:              Min at Fast Process Corner
  Data Path Delay:        1.701ns  (logic 1.357ns (79.810%)  route 0.343ns (20.190%))
  Logic Levels:           1  (OBUF=1)
  Clock Uncertainty:      0.426ns  ((TSJ^2 + DJ^2)^1/2) / 2 + PE
    Total System Jitter     (TSJ):    0.050ns
    Discrete Jitter          (DJ):    0.251ns
    Phase Error              (PE):    0.298ns

    Location             Delay type                Incr(ns)  Path(ns)    Netlist Resource(s)
  -------------------------------------------------------------------    -------------------
                         (clock clk_out1_clk_wiz_0 rise edge)
                                                      0.000     0.000 r  
    W5                                                0.000     0.000 r  clk (IN)
                         net (fo=0)                   0.000     0.000    CLK0/inst/clk
    W5                   IBUF (Prop_ibuf_I_O)         0.226     0.226 r  CLK0/inst/clkin1_ibufg/O
                         net (fo=1, routed)           0.440     0.667    CLK0/inst/clk_in_clk_wiz_0
    MMCME2_ADV_X1Y0      MMCME2_ADV (Prop_mmcme2_adv_CLKIN1_CLKOUT0)
                                                     -2.360    -1.693 r  CLK0/inst/mmcm_adv_inst/CLKOUT0
                         net (fo=2, routed)           0.486    -1.207    CLK0/inst/clk_out1_clk_wiz_0
    BUFGCTRL_X0Y0        BUFGCTRL (Prop_bufgctrl_I0_O)
                                                      0.026    -1.181 r  CLK0/inst/clkout1_buf/O
                         net (fo=1526, routed)        0.591    -0.590    u_top_fsm/u_pit_stop_core/u_uart_game_link/clk_65M
    SLICE_X65Y61         FDRE                                         r  u_top_fsm/u_pit_stop_core/u_uart_game_link/rx_activity_reg/C
  -------------------------------------------------------------------    -------------------
    SLICE_X65Y61         FDRE (Prop_fdre_C_Q)         0.141    -0.449 r  u_top_fsm/u_pit_stop_core/u_uart_game_link/rx_activity_reg/Q
                         net (fo=2, routed)           0.343    -0.106    led_high_OBUF[14]
    P1                   OBUF (Prop_obuf_I_O)         1.216     1.111 r  led_high_OBUF[14]_inst/O
                         net (fo=0)                   0.000     1.111    led_high[14]
    P1                                                                r  led_high[14] (OUT)
  -------------------------------------------------------------------    -------------------

Slack:                    inf
  Source:                 u_top_fsm/u_pit_stop_core/u_uart_game_link/rx_error_sticky_reg/C
                            (rising edge-triggered cell FDRE clocked by clk_out1_clk_wiz_0  {rise@0.000ns fall@7.692ns period=15.385ns})
  Destination:            led_high[13]
                            (output port)
  Path Group:             (none)
  Path Type:              Min at Fast Process Corner
  Data Path Delay:        1.803ns  (logic 1.349ns (74.857%)  route 0.453ns (25.143%))
  Logic Levels:           1  (OBUF=1)
  Clock Uncertainty:      0.426ns  ((TSJ^2 + DJ^2)^1/2) / 2 + PE
    Total System Jitter     (TSJ):    0.050ns
    Discrete Jitter          (DJ):    0.251ns
    Phase Error              (PE):    0.298ns

    Location             Delay type                Incr(ns)  Path(ns)    Netlist Resource(s)
  -------------------------------------------------------------------    -------------------
                         (clock clk_out1_clk_wiz_0 rise edge)
                                                      0.000     0.000 r  
    W5                                                0.000     0.000 r  clk (IN)
                         net (fo=0)                   0.000     0.000    CLK0/inst/clk
    W5                   IBUF (Prop_ibuf_I_O)         0.226     0.226 r  CLK0/inst/clkin1_ibufg/O
                         net (fo=1, routed)           0.440     0.667    CLK0/inst/clk_in_clk_wiz_0
    MMCME2_ADV_X1Y0      MMCME2_ADV (Prop_mmcme2_adv_CLKIN1_CLKOUT0)
                                                     -2.360    -1.693 r  CLK0/inst/mmcm_adv_inst/CLKOUT0
                         net (fo=2, routed)           0.486    -1.207    CLK0/inst/clk_out1_clk_wiz_0
    BUFGCTRL_X0Y0        BUFGCTRL (Prop_bufgctrl_I0_O)
                                                      0.026    -1.181 r  CLK0/inst/clkout1_buf/O
                         net (fo=1526, routed)        0.583    -0.598    u_top_fsm/u_pit_stop_core/u_uart_game_link/clk_65M
    SLICE_X62Y77         FDRE                                         r  u_top_fsm/u_pit_stop_core/u_uart_game_link/rx_error_sticky_reg/C
  -------------------------------------------------------------------    -------------------
    SLICE_X62Y77         FDRE (Prop_fdre_C_Q)         0.141    -0.457 r  u_top_fsm/u_pit_stop_core/u_uart_game_link/rx_error_sticky_reg/Q
                         net (fo=3, routed)           0.453    -0.004    led_high_OBUF[13]
    N3                   OBUF (Prop_obuf_I_O)         1.208     1.204 r  led_high_OBUF[13]_inst/O
                         net (fo=0)                   0.000     1.204    led_high[13]
    N3                                                                r  led_high[13] (OUT)
  -------------------------------------------------------------------    -------------------

Slack:                    inf
  Source:                 u_top_fsm/u_pit_stop_core/u_uart_game_link/remote_debug_mode_reg/C
                            (rising edge-triggered cell FDRE clocked by clk_out1_clk_wiz_0  {rise@0.000ns fall@7.692ns period=15.385ns})
  Destination:            led_high[12]
                            (output port)
  Path Group:             (none)
  Path Type:              Min at Fast Process Corner
  Data Path Delay:        1.829ns  (logic 1.360ns (74.345%)  route 0.469ns (25.655%))
  Logic Levels:           1  (OBUF=1)
  Clock Uncertainty:      0.426ns  ((TSJ^2 + DJ^2)^1/2) / 2 + PE
    Total System Jitter     (TSJ):    0.050ns
    Discrete Jitter          (DJ):    0.251ns
    Phase Error              (PE):    0.298ns

    Location             Delay type                Incr(ns)  Path(ns)    Netlist Resource(s)
  -------------------------------------------------------------------    -------------------
                         (clock clk_out1_clk_wiz_0 rise edge)
                                                      0.000     0.000 r  
    W5                                                0.000     0.000 r  clk (IN)
                         net (fo=0)                   0.000     0.000    CLK0/inst/clk
    W5                   IBUF (Prop_ibuf_I_O)         0.226     0.226 r  CLK0/inst/clkin1_ibufg/O
                         net (fo=1, routed)           0.440     0.667    CLK0/inst/clk_in_clk_wiz_0
    MMCME2_ADV_X1Y0      MMCME2_ADV (Prop_mmcme2_adv_CLKIN1_CLKOUT0)
                                                     -2.360    -1.693 r  CLK0/inst/mmcm_adv_inst/CLKOUT0
                         net (fo=2, routed)           0.486    -1.207    CLK0/inst/clk_out1_clk_wiz_0
    BUFGCTRL_X0Y0        BUFGCTRL (Prop_bufgctrl_I0_O)
                                                      0.026    -1.181 r  CLK0/inst/clkout1_buf/O
                         net (fo=1526, routed)        0.583    -0.598    u_top_fsm/u_pit_stop_core/u_uart_game_link/clk_65M
    SLICE_X62Y78         FDRE                                         r  u_top_fsm/u_pit_stop_core/u_uart_game_link/remote_debug_mode_reg/C
  -------------------------------------------------------------------    -------------------
    SLICE_X62Y78         FDRE (Prop_fdre_C_Q)         0.141    -0.457 r  u_top_fsm/u_pit_stop_core/u_uart_game_link/remote_debug_mode_reg/Q
                         net (fo=1, routed)           0.469     0.012    led_high_OBUF[12]
    P3                   OBUF (Prop_obuf_I_O)         1.219     1.231 r  led_high_OBUF[12]_inst/O
                         net (fo=0)                   0.000     1.231    led_high[12]
    P3                                                                r  led_high[12] (OUT)
  -------------------------------------------------------------------    -------------------

Slack:                    inf
  Source:                 u_top_fsm/u_pit_stop_core/u_uart_game_link/link_connected_reg/C
                            (rising edge-triggered cell FDRE clocked by clk_out1_clk_wiz_0  {rise@0.000ns fall@7.692ns period=15.385ns})
  Destination:            led_high[15]
                            (output port)
  Path Group:             (none)
  Path Type:              Min at Fast Process Corner
  Data Path Delay:        1.871ns  (logic 1.386ns (74.092%)  route 0.485ns (25.908%))
  Logic Levels:           1  (OBUF=1)
  Clock Uncertainty:      0.426ns  ((TSJ^2 + DJ^2)^1/2) / 2 + PE
    Total System Jitter     (TSJ):    0.050ns
    Discrete Jitter          (DJ):    0.251ns
    Phase Error              (PE):    0.298ns

    Location             Delay type                Incr(ns)  Path(ns)    Netlist Resource(s)
  -------------------------------------------------------------------    -------------------
                         (clock clk_out1_clk_wiz_0 rise edge)
                                                      0.000     0.000 r  
    W5                                                0.000     0.000 r  clk (IN)
                         net (fo=0)                   0.000     0.000    CLK0/inst/clk
    W5                   IBUF (Prop_ibuf_I_O)         0.226     0.226 r  CLK0/inst/clkin1_ibufg/O
                         net (fo=1, routed)           0.440     0.667    CLK0/inst/clk_in_clk_wiz_0
    MMCME2_ADV_X1Y0      MMCME2_ADV (Prop_mmcme2_adv_CLKIN1_CLKOUT0)
                                                     -2.360    -1.693 r  CLK0/inst/mmcm_adv_inst/CLKOUT0
                         net (fo=2, routed)           0.486    -1.207    CLK0/inst/clk_out1_clk_wiz_0
    BUFGCTRL_X0Y0        BUFGCTRL (Prop_bufgctrl_I0_O)
                                                      0.026    -1.181 r  CLK0/inst/clkout1_buf/O
                         net (fo=1526, routed)        0.585    -0.596    u_top_fsm/u_pit_stop_core/u_uart_game_link/clk_65M
    SLICE_X60Y81         FDRE                                         r  u_top_fsm/u_pit_stop_core/u_uart_game_link/link_connected_reg/C
  -------------------------------------------------------------------    -------------------
    SLICE_X60Y81         FDRE (Prop_fdre_C_Q)         0.164    -0.432 r  u_top_fsm/u_pit_stop_core/u_uart_game_link/link_connected_reg/Q
                         net (fo=33, routed)          0.485     0.053    led_high_OBUF[15]
    L1                   OBUF (Prop_obuf_I_O)         1.222     1.275 r  led_high_OBUF[15]_inst/O
                         net (fo=0)                   0.000     1.275    led_high[15]
    L1                                                                r  led_high[15] (OUT)
  -------------------------------------------------------------------    -------------------

Slack:                    inf
  Source:                 u_top_fsm/u_pit_stop_core/u_lut_to_rgb/vga_out\\.hsync_reg_inv/C
                            (rising edge-triggered cell FDSE clocked by clk_out1_clk_wiz_0  {rise@0.000ns fall@7.692ns period=15.385ns})
  Destination:            Hsync
                            (output port)
  Path Group:             (none)
  Path Type:              Min at Fast Process Corner
  Data Path Delay:        2.486ns  (logic 1.362ns (54.773%)  route 1.124ns (45.227%))
  Logic Levels:           1  (OBUF=1)
  Clock Uncertainty:      0.426ns  ((TSJ^2 + DJ^2)^1/2) / 2 + PE
    Total System Jitter     (TSJ):    0.050ns
    Discrete Jitter          (DJ):    0.251ns
    Phase Error              (PE):    0.298ns

    Location             Delay type                Incr(ns)  Path(ns)    Netlist Resource(s)
  -------------------------------------------------------------------    -------------------
                         (clock clk_out1_clk_wiz_0 rise edge)
                                                      0.000     0.000 r  
    W5                                                0.000     0.000 r  clk (IN)
                         net (fo=0)                   0.000     0.000    CLK0/inst/clk
    W5                   IBUF (Prop_ibuf_I_O)         0.226     0.226 r  CLK0/inst/clkin1_ibufg/O
                         net (fo=1, routed)           0.440     0.667    CLK0/inst/clk_in_clk_wiz_0
    MMCME2_ADV_X1Y0      MMCME2_ADV (Prop_mmcme2_adv_CLKIN1_CLKOUT0)
                                                     -2.360    -1.693 r  CLK0/inst/mmcm_adv_inst/CLKOUT0
                         net (fo=2, routed)           0.486    -1.207    CLK0/inst/clk_out1_clk_wiz_0
    BUFGCTRL_X0Y0        BUFGCTRL (Prop_bufgctrl_I0_O)
                                                      0.026    -1.181 r  CLK0/inst/clkout1_buf/O
                         net (fo=1526, routed)        0.555    -0.626    u_top_fsm/u_pit_stop_core/u_lut_to_rgb/clk_65M
    SLICE_X30Y67         FDSE                                         r  u_top_fsm/u_pit_stop_core/u_lut_to_rgb/vga_out\\.hsync_reg_inv/C
  -------------------------------------------------------------------    -------------------
    SLICE_X30Y67         FDSE (Prop_fdse_C_Q)         0.164    -0.462 r  u_top_fsm/u_pit_stop_core/u_lut_to_rgb/vga_out\\.hsync_reg_inv/Q
                         net (fo=1, routed)           1.124     0.662    Hsync_OBUF
    P19                  OBUF (Prop_obuf_I_O)         1.198     1.860 r  Hsync_OBUF_inst/O
                         net (fo=0)                   0.000     1.860    Hsync
    P19                                                               r  Hsync (OUT)
  -------------------------------------------------------------------    -------------------

Slack:                    inf
  Source:                 u_top_fsm/u_pit_stop_core/u_lut_to_rgb/rgb_out_reg[9]/C
                            (rising edge-triggered cell FDRE clocked by clk_out1_clk_wiz_0  {rise@0.000ns fall@7.692ns period=15.385ns})
  Destination:            vgaRed[1]
                            (output port)
  Path Group:             (none)
  Path Type:              Min at Fast Process Corner
  Data Path Delay:        2.503ns  (logic 1.472ns (58.810%)  route 1.031ns (41.190%))
  Logic Levels:           2  (LUT3=1 OBUF=1)
  Clock Uncertainty:      0.426ns  ((TSJ^2 + DJ^2)^1/2) / 2 + PE
    Total System Jitter     (TSJ):    0.050ns
    Discrete Jitter          (DJ):    0.251ns
    Phase Error              (PE):    0.298ns

    Location             Delay type                Incr(ns)  Path(ns)    Netlist Resource(s)
  -------------------------------------------------------------------    -------------------
                         (clock clk_out1_clk_wiz_0 rise edge)
                                                      0.000     0.000 r  
    W5                                                0.000     0.000 r  clk (IN)
                         net (fo=0)                   0.000     0.000    CLK0/inst/clk
    W5                   IBUF (Prop_ibuf_I_O)         0.226     0.226 r  CLK0/inst/clkin1_ibufg/O
                         net (fo=1, routed)           0.440     0.667    CLK0/inst/clk_in_clk_wiz_0
    MMCME2_ADV_X1Y0      MMCME2_ADV (Prop_mmcme2_adv_CLKIN1_CLKOUT0)
                                                     -2.360    -1.693 r  CLK0/inst/mmcm_adv_inst/CLKOUT0
                         net (fo=2, routed)           0.486    -1.207    CLK0/inst/clk_out1_clk_wiz_0
    BUFGCTRL_X0Y0        BUFGCTRL (Prop_bufgctrl_I0_O)
                                                      0.026    -1.181 r  CLK0/inst/clkout1_buf/O
                         net (fo=1526, routed)        0.558    -0.623    u_top_fsm/u_pit_stop_core/u_lut_to_rgb/clk_65M
    SLICE_X28Y62         FDRE                                         r  u_top_fsm/u_pit_stop_core/u_lut_to_rgb/rgb_out_reg[9]/C
  -------------------------------------------------------------------    -------------------
    SLICE_X28Y62         FDRE (Prop_fdre_C_Q)         0.141    -0.482 r  u_top_fsm/u_pit_stop_core/u_lut_to_rgb/rgb_out_reg[9]/Q
                         net (fo=1, routed)           0.194    -0.288    u_top_fsm/u_pit_stop_core/u_lut_to_rgb/rgb_pipe[9]
    SLICE_X28Y61         LUT3 (Prop_lut3_I0_O)        0.044    -0.244 r  u_top_fsm/u_pit_stop_core/u_lut_to_rgb/vgaRed_OBUF[1]_inst_i_1/O
                         net (fo=1, routed)           0.837     0.593    vgaRed_OBUF[1]
    H19                  OBUF (Prop_obuf_I_O)         1.287     1.880 r  vgaRed_OBUF[1]_inst/O
                         net (fo=0)                   0.000     1.880    vgaRed[1]
    H19                                                               r  vgaRed[1] (OUT)
  -------------------------------------------------------------------    -------------------

Slack:                    inf
  Source:                 u_top_fsm/u_pit_stop_core/u_lut_to_rgb/rgb_out_reg[6]/C
                            (rising edge-triggered cell FDRE clocked by clk_out1_clk_wiz_0  {rise@0.000ns fall@7.692ns period=15.385ns})
  Destination:            vgaGreen[2]
                            (output port)
  Path Group:             (none)
  Path Type:              Min at Fast Process Corner
  Data Path Delay:        2.507ns  (logic 1.416ns (56.472%)  route 1.091ns (43.528%))
  Logic Levels:           2  (LUT3=1 OBUF=1)
  Clock Uncertainty:      0.426ns  ((TSJ^2 + DJ^2)^1/2) / 2 + PE
    Total System Jitter     (TSJ):    0.050ns
    Discrete Jitter          (DJ):    0.251ns
    Phase Error              (PE):    0.298ns

    Location             Delay type                Incr(ns)  Path(ns)    Netlist Resource(s)
  -------------------------------------------------------------------    -------------------
                         (clock clk_out1_clk_wiz_0 rise edge)
                                                      0.000     0.000 r  
    W5                                                0.000     0.000 r  clk (IN)
                         net (fo=0)                   0.000     0.000    CLK0/inst/clk
    W5                   IBUF (Prop_ibuf_I_O)         0.226     0.226 r  CLK0/inst/clkin1_ibufg/O
                         net (fo=1, routed)           0.440     0.667    CLK0/inst/clk_in_clk_wiz_0
    MMCME2_ADV_X1Y0      MMCME2_ADV (Prop_mmcme2_adv_CLKIN1_CLKOUT0)
                                                     -2.360    -1.693 r  CLK0/inst/mmcm_adv_inst/CLKOUT0
                         net (fo=2, routed)           0.486    -1.207    CLK0/inst/clk_out1_clk_wiz_0
    BUFGCTRL_X0Y0        BUFGCTRL (Prop_bufgctrl_I0_O)
                                                      0.026    -1.181 r  CLK0/inst/clkout1_buf/O
                         net (fo=1526, routed)        0.558    -0.623    u_top_fsm/u_pit_stop_core/u_lut_to_rgb/clk_65M
    SLICE_X28Y62         FDRE                                         r  u_top_fsm/u_pit_stop_core/u_lut_to_rgb/rgb_out_reg[6]/C
  -------------------------------------------------------------------    -------------------
    SLICE_X28Y62         FDRE (Prop_fdre_C_Q)         0.141    -0.482 r  u_top_fsm/u_pit_stop_core/u_lut_to_rgb/rgb_out_reg[6]/Q
                         net (fo=1, routed)           0.220    -0.262    u_top_fsm/u_pit_stop_core/u_lut_to_rgb/rgb_pipe[6]
    SLICE_X28Y61         LUT3 (Prop_lut3_I0_O)        0.045    -0.217 r  u_top_fsm/u_pit_stop_core/u_lut_to_rgb/vgaGreen_OBUF[2]_inst_i_1/O
                         net (fo=1, routed)           0.872     0.654    vgaGreen_OBUF[2]
    G17                  OBUF (Prop_obuf_I_O)         1.230     1.884 r  vgaGreen_OBUF[2]_inst/O
                         net (fo=0)                   0.000     1.884    vgaGreen[2]
    G17                                                               r  vgaGreen[2] (OUT)
  -------------------------------------------------------------------    -------------------

Slack:                    inf
  Source:                 u_top_fsm/u_pit_stop_core/u_lut_to_rgb/rgb_out_reg[4]/C
                            (rising edge-triggered cell FDRE clocked by clk_out1_clk_wiz_0  {rise@0.000ns fall@7.692ns period=15.385ns})
  Destination:            vgaGreen[0]
                            (output port)
  Path Group:             (none)
  Path Type:              Min at Fast Process Corner
  Data Path Delay:        2.515ns  (logic 1.408ns (55.974%)  route 1.107ns (44.026%))
  Logic Levels:           2  (LUT3=1 OBUF=1)
  Clock Uncertainty:      0.426ns  ((TSJ^2 + DJ^2)^1/2) / 2 + PE
    Total System Jitter     (TSJ):    0.050ns
    Discrete Jitter          (DJ):    0.251ns
    Phase Error              (PE):    0.298ns

    Location             Delay type                Incr(ns)  Path(ns)    Netlist Resource(s)
  -------------------------------------------------------------------    -------------------
                         (clock clk_out1_clk_wiz_0 rise edge)
                                                      0.000     0.000 r  
    W5                                                0.000     0.000 r  clk (IN)
                         net (fo=0)                   0.000     0.000    CLK0/inst/clk
    W5                   IBUF (Prop_ibuf_I_O)         0.226     0.226 r  CLK0/inst/clkin1_ibufg/O
                         net (fo=1, routed)           0.440     0.667    CLK0/inst/clk_in_clk_wiz_0
    MMCME2_ADV_X1Y0      MMCME2_ADV (Prop_mmcme2_adv_CLKIN1_CLKOUT0)
                                                     -2.360    -1.693 r  CLK0/inst/mmcm_adv_inst/CLKOUT0
                         net (fo=2, routed)           0.486    -1.207    CLK0/inst/clk_out1_clk_wiz_0
    BUFGCTRL_X0Y0        BUFGCTRL (Prop_bufgctrl_I0_O)
                                                      0.026    -1.181 r  CLK0/inst/clkout1_buf/O
                         net (fo=1526, routed)        0.559    -0.622    u_top_fsm/u_pit_stop_core/u_lut_to_rgb/clk_65M
    SLICE_X28Y60         FDRE                                         r  u_top_fsm/u_pit_stop_core/u_lut_to_rgb/rgb_out_reg[4]/C
  -------------------------------------------------------------------    -------------------
    SLICE_X28Y60         FDRE (Prop_fdre_C_Q)         0.141    -0.481 r  u_top_fsm/u_pit_stop_core/u_lut_to_rgb/rgb_out_reg[4]/Q
                         net (fo=1, routed)           0.219    -0.263    u_top_fsm/u_pit_stop_core/u_lut_to_rgb/rgb_pipe[4]
    SLICE_X28Y60         LUT3 (Prop_lut3_I0_O)        0.045    -0.218 r  u_top_fsm/u_pit_stop_core/u_lut_to_rgb/vgaGreen_OBUF[0]_inst_i_1/O
                         net (fo=1, routed)           0.889     0.671    vgaGreen_OBUF[0]
    J17                  OBUF (Prop_obuf_I_O)         1.222     1.893 r  vgaGreen_OBUF[0]_inst/O
                         net (fo=0)                   0.000     1.893    vgaGreen[0]
    J17                                                               r  vgaGreen[0] (OUT)
  -------------------------------------------------------------------    -------------------

Slack:                    inf
  Source:                 u_top_fsm/u_pit_stop_core/u_lut_to_rgb/rgb_out_reg[7]/C
                            (rising edge-triggered cell FDRE clocked by clk_out1_clk_wiz_0  {rise@0.000ns fall@7.692ns period=15.385ns})
  Destination:            vgaGreen[3]
                            (output port)
  Path Group:             (none)
  Path Type:              Min at Fast Process Corner
  Data Path Delay:        2.537ns  (logic 1.480ns (58.348%)  route 1.057ns (41.652%))
  Logic Levels:           2  (LUT3=1 OBUF=1)
  Clock Uncertainty:      0.426ns  ((TSJ^2 + DJ^2)^1/2) / 2 + PE
    Total System Jitter     (TSJ):    0.050ns
    Discrete Jitter          (DJ):    0.251ns
    Phase Error              (PE):    0.298ns

    Location             Delay type                Incr(ns)  Path(ns)    Netlist Resource(s)
  -------------------------------------------------------------------    -------------------
                         (clock clk_out1_clk_wiz_0 rise edge)
                                                      0.000     0.000 r  
    W5                                                0.000     0.000 r  clk (IN)
                         net (fo=0)                   0.000     0.000    CLK0/inst/clk
    W5                   IBUF (Prop_ibuf_I_O)         0.226     0.226 r  CLK0/inst/clkin1_ibufg/O
                         net (fo=1, routed)           0.440     0.667    CLK0/inst/clk_in_clk_wiz_0
    MMCME2_ADV_X1Y0      MMCME2_ADV (Prop_mmcme2_adv_CLKIN1_CLKOUT0)
                                                     -2.360    -1.693 r  CLK0/inst/mmcm_adv_inst/CLKOUT0
                         net (fo=2, routed)           0.486    -1.207    CLK0/inst/clk_out1_clk_wiz_0
    BUFGCTRL_X0Y0        BUFGCTRL (Prop_bufgctrl_I0_O)
                                                      0.026    -1.181 r  CLK0/inst/clkout1_buf/O
                         net (fo=1526, routed)        0.559    -0.622    u_top_fsm/u_pit_stop_core/u_lut_to_rgb/clk_65M
    SLICE_X28Y61         FDRE                                         r  u_top_fsm/u_pit_stop_core/u_lut_to_rgb/rgb_out_reg[7]/C
  -------------------------------------------------------------------    -------------------
    SLICE_X28Y61         FDRE (Prop_fdre_C_Q)         0.141    -0.481 r  u_top_fsm/u_pit_stop_core/u_lut_to_rgb/rgb_out_reg[7]/Q
                         net (fo=1, routed)           0.285    -0.196    u_top_fsm/u_pit_stop_core/u_lut_to_rgb/rgb_pipe[7]
    SLICE_X28Y61         LUT3 (Prop_lut3_I0_O)        0.043    -0.153 r  u_top_fsm/u_pit_stop_core/u_lut_to_rgb/vgaGreen_OBUF[3]_inst_i_1/O
                         net (fo=1, routed)           0.772     0.619    vgaGreen_OBUF[3]
    D17                  OBUF (Prop_obuf_I_O)         1.296     1.915 r  vgaGreen_OBUF[3]_inst/O
                         net (fo=0)                   0.000     1.915    vgaGreen[3]
    D17                                                               r  vgaGreen[3] (OUT)
  -------------------------------------------------------------------    -------------------

Slack:                    inf
  Source:                 u_top_fsm/u_pit_stop_core/u_lut_to_rgb/rgb_out_reg[8]/C
                            (rising edge-triggered cell FDRE clocked by clk_out1_clk_wiz_0  {rise@0.000ns fall@7.692ns period=15.385ns})
  Destination:            vgaRed[0]
                            (output port)
  Path Group:             (none)
  Path Type:              Min at Fast Process Corner
  Data Path Delay:        2.548ns  (logic 1.411ns (55.363%)  route 1.137ns (44.637%))
  Logic Levels:           2  (LUT3=1 OBUF=1)
  Clock Uncertainty:      0.426ns  ((TSJ^2 + DJ^2)^1/2) / 2 + PE
    Total System Jitter     (TSJ):    0.050ns
    Discrete Jitter          (DJ):    0.251ns
    Phase Error              (PE):    0.298ns

    Location             Delay type                Incr(ns)  Path(ns)    Netlist Resource(s)
  -------------------------------------------------------------------    -------------------
                         (clock clk_out1_clk_wiz_0 rise edge)
                                                      0.000     0.000 r  
    W5                                                0.000     0.000 r  clk (IN)
                         net (fo=0)                   0.000     0.000    CLK0/inst/clk
    W5                   IBUF (Prop_ibuf_I_O)         0.226     0.226 r  CLK0/inst/clkin1_ibufg/O
                         net (fo=1, routed)           0.440     0.667    CLK0/inst/clk_in_clk_wiz_0
    MMCME2_ADV_X1Y0      MMCME2_ADV (Prop_mmcme2_adv_CLKIN1_CLKOUT0)
                                                     -2.360    -1.693 r  CLK0/inst/mmcm_adv_inst/CLKOUT0
                         net (fo=2, routed)           0.486    -1.207    CLK0/inst/clk_out1_clk_wiz_0
    BUFGCTRL_X0Y0        BUFGCTRL (Prop_bufgctrl_I0_O)
                                                      0.026    -1.181 r  CLK0/inst/clkout1_buf/O
                         net (fo=1526, routed)        0.559    -0.622    u_top_fsm/u_pit_stop_core/u_lut_to_rgb/clk_65M
    SLICE_X28Y61         FDRE                                         r  u_top_fsm/u_pit_stop_core/u_lut_to_rgb/rgb_out_reg[8]/C
  -------------------------------------------------------------------    -------------------
    SLICE_X28Y61         FDRE (Prop_fdre_C_Q)         0.141    -0.481 r  u_top_fsm/u_pit_stop_core/u_lut_to_rgb/rgb_out_reg[8]/Q
                         net (fo=1, routed)           0.220    -0.261    u_top_fsm/u_pit_stop_core/u_lut_to_rgb/rgb_pipe[8]
    SLICE_X28Y61         LUT3 (Prop_lut3_I0_O)        0.045    -0.216 r  u_top_fsm/u_pit_stop_core/u_lut_to_rgb/vgaRed_OBUF[0]_inst_i_1/O
                         net (fo=1, routed)           0.917     0.701    vgaRed_OBUF[0]
    G19                  OBUF (Prop_obuf_I_O)         1.225     1.926 r  vgaRed_OBUF[0]_inst/O
                         net (fo=0)                   0.000     1.926    vgaRed[0]
    G19                                                               r  vgaRed[0] (OUT)
  -------------------------------------------------------------------    -------------------

Slack:                    inf
  Source:                 u_top_fsm/u_pit_stop_core/u_lut_to_rgb/rgb_out_reg[5]/C
                            (rising edge-triggered cell FDRE clocked by clk_out1_clk_wiz_0  {rise@0.000ns fall@7.692ns period=15.385ns})
  Destination:            vgaGreen[1]
                            (output port)
  Path Group:             (none)
  Path Type:              Min at Fast Process Corner
  Data Path Delay:        2.603ns  (logic 1.458ns (55.998%)  route 1.145ns (44.002%))
  Logic Levels:           2  (LUT3=1 OBUF=1)
  Clock Uncertainty:      0.426ns  ((TSJ^2 + DJ^2)^1/2) / 2 + PE
    Total System Jitter     (TSJ):    0.050ns
    Discrete Jitter          (DJ):    0.251ns
    Phase Error              (PE):    0.298ns

    Location             Delay type                Incr(ns)  Path(ns)    Netlist Resource(s)
  -------------------------------------------------------------------    -------------------
                         (clock clk_out1_clk_wiz_0 rise edge)
                                                      0.000     0.000 r  
    W5                                                0.000     0.000 r  clk (IN)
                         net (fo=0)                   0.000     0.000    CLK0/inst/clk
    W5                   IBUF (Prop_ibuf_I_O)         0.226     0.226 r  CLK0/inst/clkin1_ibufg/O
                         net (fo=1, routed)           0.440     0.667    CLK0/inst/clk_in_clk_wiz_0
    MMCME2_ADV_X1Y0      MMCME2_ADV (Prop_mmcme2_adv_CLKIN1_CLKOUT0)
                                                     -2.360    -1.693 r  CLK0/inst/mmcm_adv_inst/CLKOUT0
                         net (fo=2, routed)           0.486    -1.207    CLK0/inst/clk_out1_clk_wiz_0
    BUFGCTRL_X0Y0        BUFGCTRL (Prop_bufgctrl_I0_O)
                                                      0.026    -1.181 r  CLK0/inst/clkout1_buf/O
                         net (fo=1526, routed)        0.559    -0.622    u_top_fsm/u_pit_stop_core/u_lut_to_rgb/clk_65M
    SLICE_X28Y60         FDRE                                         r  u_top_fsm/u_pit_stop_core/u_lut_to_rgb/rgb_out_reg[5]/C
  -------------------------------------------------------------------    -------------------
    SLICE_X28Y60         FDRE (Prop_fdre_C_Q)         0.141    -0.481 r  u_top_fsm/u_pit_stop_core/u_lut_to_rgb/rgb_out_reg[5]/Q
                         net (fo=1, routed)           0.206    -0.276    u_top_fsm/u_pit_stop_core/u_lut_to_rgb/rgb_pipe[5]
    SLICE_X28Y60         LUT3 (Prop_lut3_I0_O)        0.045    -0.231 r  u_top_fsm/u_pit_stop_core/u_lut_to_rgb/vgaGreen_OBUF[1]_inst_i_1/O
                         net (fo=1, routed)           0.940     0.709    vgaGreen_OBUF[1]
    H17                  OBUF (Prop_obuf_I_O)         1.272     1.981 r  vgaGreen_OBUF[1]_inst/O
                         net (fo=0)                   0.000     1.981    vgaGreen[1]
    H17                                                               r  vgaGreen[1] (OUT)
  -------------------------------------------------------------------    -------------------

Slack:                    inf
  Source:                 u_top_fsm/u_pit_stop_core/u_lut_to_rgb/rgb_out_reg[1]/C
                            (rising edge-triggered cell FDRE clocked by clk_out1_clk_wiz_0  {rise@0.000ns fall@7.692ns period=15.385ns})
  Destination:            vgaBlue[1]
                            (output port)
  Path Group:             (none)
  Path Type:              Min at Fast Process Corner
  Data Path Delay:        2.618ns  (logic 1.462ns (55.822%)  route 1.157ns (44.178%))
  Logic Levels:           2  (LUT3=1 OBUF=1)
  Clock Uncertainty:      0.426ns  ((TSJ^2 + DJ^2)^1/2) / 2 + PE
    Total System Jitter     (TSJ):    0.050ns
    Discrete Jitter          (DJ):    0.251ns
    Phase Error              (PE):    0.298ns

    Location             Delay type                Incr(ns)  Path(ns)    Netlist Resource(s)
  -------------------------------------------------------------------    -------------------
                         (clock clk_out1_clk_wiz_0 rise edge)
                                                      0.000     0.000 r  
    W5                                                0.000     0.000 r  clk (IN)
                         net (fo=0)                   0.000     0.000    CLK0/inst/clk
    W5                   IBUF (Prop_ibuf_I_O)         0.226     0.226 r  CLK0/inst/clkin1_ibufg/O
                         net (fo=1, routed)           0.440     0.667    CLK0/inst/clk_in_clk_wiz_0
    MMCME2_ADV_X1Y0      MMCME2_ADV (Prop_mmcme2_adv_CLKIN1_CLKOUT0)
                                                     -2.360    -1.693 r  CLK0/inst/mmcm_adv_inst/CLKOUT0
                         net (fo=2, routed)           0.486    -1.207    CLK0/inst/clk_out1_clk_wiz_0
    BUFGCTRL_X0Y0        BUFGCTRL (Prop_bufgctrl_I0_O)
                                                      0.026    -1.181 r  CLK0/inst/clkout1_buf/O
                         net (fo=1526, routed)        0.557    -0.624    u_top_fsm/u_pit_stop_core/u_lut_to_rgb/clk_65M
    SLICE_X29Y63         FDRE                                         r  u_top_fsm/u_pit_stop_core/u_lut_to_rgb/rgb_out_reg[1]/C
  -------------------------------------------------------------------    -------------------
    SLICE_X29Y63         FDRE (Prop_fdre_C_Q)         0.141    -0.483 r  u_top_fsm/u_pit_stop_core/u_lut_to_rgb/rgb_out_reg[1]/Q
                         net (fo=1, routed)           0.136    -0.347    u_top_fsm/u_pit_stop_core/u_lut_to_rgb/rgb_pipe[1]
    SLICE_X29Y63         LUT3 (Prop_lut3_I0_O)        0.051    -0.296 r  u_top_fsm/u_pit_stop_core/u_lut_to_rgb/vgaBlue_OBUF[1]_inst_i_1/O
                         net (fo=1, routed)           1.020     0.724    vgaBlue_OBUF[1]
    L18                  OBUF (Prop_obuf_I_O)         1.270     1.994 r  vgaBlue_OBUF[1]_inst/O
                         net (fo=0)                   0.000     1.994    vgaBlue[1]
    L18                                                               r  vgaBlue[1] (OUT)
  -------------------------------------------------------------------    -------------------

Slack:                    inf
  Source:                 u_top_fsm/u_pit_stop_core/u_lut_to_rgb/rgb_out_reg[2]/C
                            (rising edge-triggered cell FDRE clocked by clk_out1_clk_wiz_0  {rise@0.000ns fall@7.692ns period=15.385ns})
  Destination:            vgaBlue[2]
                            (output port)
  Path Group:             (none)
  Path Type:              Min at Fast Process Corner
  Data Path Delay:        2.634ns  (logic 1.406ns (53.368%)  route 1.228ns (46.632%))
  Logic Levels:           2  (LUT3=1 OBUF=1)
  Clock Uncertainty:      0.426ns  ((TSJ^2 + DJ^2)^1/2) / 2 + PE
    Total System Jitter     (TSJ):    0.050ns
    Discrete Jitter          (DJ):    0.251ns
    Phase Error              (PE):    0.298ns

    Location             Delay type                Incr(ns)  Path(ns)    Netlist Resource(s)
  -------------------------------------------------------------------    -------------------
                         (clock clk_out1_clk_wiz_0 rise edge)
                                                      0.000     0.000 r  
    W5                                                0.000     0.000 r  clk (IN)
                         net (fo=0)                   0.000     0.000    CLK0/inst/clk
    W5                   IBUF (Prop_ibuf_I_O)         0.226     0.226 r  CLK0/inst/clkin1_ibufg/O
                         net (fo=1, routed)           0.440     0.667    CLK0/inst/clk_in_clk_wiz_0
    MMCME2_ADV_X1Y0      MMCME2_ADV (Prop_mmcme2_adv_CLKIN1_CLKOUT0)
                                                     -2.360    -1.693 r  CLK0/inst/mmcm_adv_inst/CLKOUT0
                         net (fo=2, routed)           0.486    -1.207    CLK0/inst/clk_out1_clk_wiz_0
    BUFGCTRL_X0Y0        BUFGCTRL (Prop_bufgctrl_I0_O)
                                                      0.026    -1.181 r  CLK0/inst/clkout1_buf/O
                         net (fo=1526, routed)        0.558    -0.623    u_top_fsm/u_pit_stop_core/u_lut_to_rgb/clk_65M
    SLICE_X28Y62         FDRE                                         r  u_top_fsm/u_pit_stop_core/u_lut_to_rgb/rgb_out_reg[2]/C
  -------------------------------------------------------------------    -------------------
    SLICE_X28Y62         FDRE (Prop_fdre_C_Q)         0.141    -0.482 r  u_top_fsm/u_pit_stop_core/u_lut_to_rgb/rgb_out_reg[2]/Q
                         net (fo=1, routed)           0.216    -0.267    u_top_fsm/u_pit_stop_core/u_lut_to_rgb/rgb_pipe[2]
    SLICE_X28Y62         LUT3 (Prop_lut3_I0_O)        0.045    -0.222 r  u_top_fsm/u_pit_stop_core/u_lut_to_rgb/vgaBlue_OBUF[2]_inst_i_1/O
                         net (fo=1, routed)           1.013     0.791    vgaBlue_OBUF[2]
    K18                  OBUF (Prop_obuf_I_O)         1.220     2.011 r  vgaBlue_OBUF[2]_inst/O
                         net (fo=0)                   0.000     2.011    vgaBlue[2]
    K18                                                               r  vgaBlue[2] (OUT)
  -------------------------------------------------------------------    -------------------

Slack:                    inf
  Source:                 u_top_fsm/u_pit_stop_core/u_lut_to_rgb/vga_out\\.vsync_reg/C
                            (rising edge-triggered cell FDRE clocked by clk_out1_clk_wiz_0  {rise@0.000ns fall@7.692ns period=15.385ns})
  Destination:            Vsync
                            (output port)
  Path Group:             (none)
  Path Type:              Min at Fast Process Corner
  Data Path Delay:        2.660ns  (logic 1.390ns (52.272%)  route 1.270ns (47.728%))
  Logic Levels:           2  (LUT1=1 OBUF=1)
  Clock Uncertainty:      0.426ns  ((TSJ^2 + DJ^2)^1/2) / 2 + PE
    Total System Jitter     (TSJ):    0.050ns
    Discrete Jitter          (DJ):    0.251ns
    Phase Error              (PE):    0.298ns

    Location             Delay type                Incr(ns)  Path(ns)    Netlist Resource(s)
  -------------------------------------------------------------------    -------------------
                         (clock clk_out1_clk_wiz_0 rise edge)
                                                      0.000     0.000 r  
    W5                                                0.000     0.000 r  clk (IN)
                         net (fo=0)                   0.000     0.000    CLK0/inst/clk
    W5                   IBUF (Prop_ibuf_I_O)         0.226     0.226 r  CLK0/inst/clkin1_ibufg/O
                         net (fo=1, routed)           0.440     0.667    CLK0/inst/clk_in_clk_wiz_0
    MMCME2_ADV_X1Y0      MMCME2_ADV (Prop_mmcme2_adv_CLKIN1_CLKOUT0)
                                                     -2.360    -1.693 r  CLK0/inst/mmcm_adv_inst/CLKOUT0
                         net (fo=2, routed)           0.486    -1.207    CLK0/inst/clk_out1_clk_wiz_0
    BUFGCTRL_X0Y0        BUFGCTRL (Prop_bufgctrl_I0_O)
                                                      0.026    -1.181 r  CLK0/inst/clkout1_buf/O
                         net (fo=1526, routed)        0.553    -0.628    u_top_fsm/u_pit_stop_core/u_lut_to_rgb/clk_65M
    SLICE_X29Y69         FDRE                                         r  u_top_fsm/u_pit_stop_core/u_lut_to_rgb/vga_out\\.vsync_reg/C
  -------------------------------------------------------------------    -------------------
    SLICE_X29Y69         FDRE (Prop_fdre_C_Q)         0.141    -0.487 f  u_top_fsm/u_pit_stop_core/u_lut_to_rgb/vga_out\\.vsync_reg/Q
                         net (fo=3, routed)           0.216    -0.272    u_top_fsm/u_pit_stop_core/u_lut_to_rgb/vga_upscale\\.vsync
    SLICE_X29Y66         LUT1 (Prop_lut1_I0_O)        0.045    -0.227 r  u_top_fsm/u_pit_stop_core/u_lut_to_rgb/Vsync_OBUF_inst_i_1/O
                         net (fo=1, routed)           1.054     0.827    Vsync_OBUF
    R19                  OBUF (Prop_obuf_I_O)         1.204     2.032 r  Vsync_OBUF_inst/O
                         net (fo=0)                   0.000     2.032    Vsync
    R19                                                               r  Vsync (OUT)
  -------------------------------------------------------------------    -------------------

Slack:                    inf
  Source:                 u_top_fsm/u_pit_stop_core/u_lut_to_rgb/rgb_out_reg[3]/C
                            (rising edge-triggered cell FDRE clocked by clk_out1_clk_wiz_0  {rise@0.000ns fall@7.692ns period=15.385ns})
  Destination:            vgaBlue[3]
                            (output port)
  Path Group:             (none)
  Path Type:              Min at Fast Process Corner
  Data Path Delay:        2.664ns  (logic 1.478ns (55.473%)  route 1.186ns (44.527%))
  Logic Levels:           2  (LUT3=1 OBUF=1)
  Clock Uncertainty:      0.426ns  ((TSJ^2 + DJ^2)^1/2) / 2 + PE
    Total System Jitter     (TSJ):    0.050ns
    Discrete Jitter          (DJ):    0.251ns
    Phase Error              (PE):    0.298ns

    Location             Delay type                Incr(ns)  Path(ns)    Netlist Resource(s)
  -------------------------------------------------------------------    -------------------
                         (clock clk_out1_clk_wiz_0 rise edge)
                                                      0.000     0.000 r  
    W5                                                0.000     0.000 r  clk (IN)
                         net (fo=0)                   0.000     0.000    CLK0/inst/clk
    W5                   IBUF (Prop_ibuf_I_O)         0.226     0.226 r  CLK0/inst/clkin1_ibufg/O
                         net (fo=1, routed)           0.440     0.667    CLK0/inst/clk_in_clk_wiz_0
    MMCME2_ADV_X1Y0      MMCME2_ADV (Prop_mmcme2_adv_CLKIN1_CLKOUT0)
                                                     -2.360    -1.693 r  CLK0/inst/mmcm_adv_inst/CLKOUT0
                         net (fo=2, routed)           0.486    -1.207    CLK0/inst/clk_out1_clk_wiz_0
    BUFGCTRL_X0Y0        BUFGCTRL (Prop_bufgctrl_I0_O)
                                                      0.026    -1.181 r  CLK0/inst/clkout1_buf/O
                         net (fo=1526, routed)        0.557    -0.624    u_top_fsm/u_pit_stop_core/u_lut_to_rgb/clk_65M
    SLICE_X28Y63         FDRE                                         r  u_top_fsm/u_pit_stop_core/u_lut_to_rgb/rgb_out_reg[3]/C
  -------------------------------------------------------------------    -------------------
    SLICE_X28Y63         FDRE (Prop_fdre_C_Q)         0.141    -0.483 r  u_top_fsm/u_pit_stop_core/u_lut_to_rgb/rgb_out_reg[3]/Q
                         net (fo=1, routed)           0.197    -0.287    u_top_fsm/u_pit_stop_core/u_lut_to_rgb/rgb_pipe[3]
    SLICE_X28Y62         LUT3 (Prop_lut3_I0_O)        0.044    -0.243 r  u_top_fsm/u_pit_stop_core/u_lut_to_rgb/vgaBlue_OBUF[3]_inst_i_1/O
                         net (fo=1, routed)           0.989     0.747    vgaBlue_OBUF[3]
    J18                  OBUF (Prop_obuf_I_O)         1.293     2.039 r  vgaBlue_OBUF[3]_inst/O
                         net (fo=0)                   0.000     2.039    vgaBlue[3]
    J18                                                               r  vgaBlue[3] (OUT)
  -------------------------------------------------------------------    -------------------

Slack:                    inf
  Source:                 u_top_fsm/u_pit_stop_core/u_lut_to_rgb/rgb_out_reg[0]/C
                            (rising edge-triggered cell FDRE clocked by clk_out1_clk_wiz_0  {rise@0.000ns fall@7.692ns period=15.385ns})
  Destination:            vgaBlue[0]
                            (output port)
  Path Group:             (none)
  Path Type:              Min at Fast Process Corner
  Data Path Delay:        2.673ns  (logic 1.383ns (51.721%)  route 1.291ns (48.279%))
  Logic Levels:           2  (LUT3=1 OBUF=1)
  Clock Uncertainty:      0.426ns  ((TSJ^2 + DJ^2)^1/2) / 2 + PE
    Total System Jitter     (TSJ):    0.050ns
    Discrete Jitter          (DJ):    0.251ns
    Phase Error              (PE):    0.298ns

    Location             Delay type                Incr(ns)  Path(ns)    Netlist Resource(s)
  -------------------------------------------------------------------    -------------------
                         (clock clk_out1_clk_wiz_0 rise edge)
                                                      0.000     0.000 r  
    W5                                                0.000     0.000 r  clk (IN)
                         net (fo=0)                   0.000     0.000    CLK0/inst/clk
    W5                   IBUF (Prop_ibuf_I_O)         0.226     0.226 r  CLK0/inst/clkin1_ibufg/O
                         net (fo=1, routed)           0.440     0.667    CLK0/inst/clk_in_clk_wiz_0
    MMCME2_ADV_X1Y0      MMCME2_ADV (Prop_mmcme2_adv_CLKIN1_CLKOUT0)
                                                     -2.360    -1.693 r  CLK0/inst/mmcm_adv_inst/CLKOUT0
                         net (fo=2, routed)           0.486    -1.207    CLK0/inst/clk_out1_clk_wiz_0
    BUFGCTRL_X0Y0        BUFGCTRL (Prop_bufgctrl_I0_O)
                                                      0.026    -1.181 r  CLK0/inst/clkout1_buf/O
                         net (fo=1526, routed)        0.557    -0.624    u_top_fsm/u_pit_stop_core/u_lut_to_rgb/clk_65M
    SLICE_X29Y63         FDRE                                         r  u_top_fsm/u_pit_stop_core/u_lut_to_rgb/rgb_out_reg[0]/C
  -------------------------------------------------------------------    -------------------
    SLICE_X29Y63         FDRE (Prop_fdre_C_Q)         0.141    -0.483 r  u_top_fsm/u_pit_stop_core/u_lut_to_rgb/rgb_out_reg[0]/Q
                         net (fo=1, routed)           0.219    -0.264    u_top_fsm/u_pit_stop_core/u_lut_to_rgb/rgb_pipe[0]
    SLICE_X29Y63         LUT3 (Prop_lut3_I0_O)        0.045    -0.219 r  u_top_fsm/u_pit_stop_core/u_lut_to_rgb/vgaBlue_OBUF[0]_inst_i_1/O
                         net (fo=1, routed)           1.071     0.852    vgaBlue_OBUF[0]
    N18                  OBUF (Prop_obuf_I_O)         1.197     2.049 r  vgaBlue_OBUF[0]_inst/O
                         net (fo=0)                   0.000     2.049    vgaBlue[0]
    N18                                                               r  vgaBlue[0] (OUT)
  -------------------------------------------------------------------    -------------------

Slack:                    inf
  Source:                 u_top_fsm/u_pit_stop_core/u_lut_to_rgb/rgb_out_reg[10]/C
                            (rising edge-triggered cell FDRE clocked by clk_out1_clk_wiz_0  {rise@0.000ns fall@7.692ns period=15.385ns})
  Destination:            vgaRed[2]
                            (output port)
  Path Group:             (none)
  Path Type:              Min at Fast Process Corner
  Data Path Delay:        2.677ns  (logic 1.411ns (52.710%)  route 1.266ns (47.290%))
  Logic Levels:           2  (LUT3=1 OBUF=1)
  Clock Uncertainty:      0.426ns  ((TSJ^2 + DJ^2)^1/2) / 2 + PE
    Total System Jitter     (TSJ):    0.050ns
    Discrete Jitter          (DJ):    0.251ns
    Phase Error              (PE):    0.298ns

    Location             Delay type                Incr(ns)  Path(ns)    Netlist Resource(s)
  -------------------------------------------------------------------    -------------------
                         (clock clk_out1_clk_wiz_0 rise edge)
                                                      0.000     0.000 r  
    W5                                                0.000     0.000 r  clk (IN)
                         net (fo=0)                   0.000     0.000    CLK0/inst/clk
    W5                   IBUF (Prop_ibuf_I_O)         0.226     0.226 r  CLK0/inst/clkin1_ibufg/O
                         net (fo=1, routed)           0.440     0.667    CLK0/inst/clk_in_clk_wiz_0
    MMCME2_ADV_X1Y0      MMCME2_ADV (Prop_mmcme2_adv_CLKIN1_CLKOUT0)
                                                     -2.360    -1.693 r  CLK0/inst/mmcm_adv_inst/CLKOUT0
                         net (fo=2, routed)           0.486    -1.207    CLK0/inst/clk_out1_clk_wiz_0
    BUFGCTRL_X0Y0        BUFGCTRL (Prop_bufgctrl_I0_O)
                                                      0.026    -1.181 r  CLK0/inst/clkout1_buf/O
                         net (fo=1526, routed)        0.560    -0.621    u_top_fsm/u_pit_stop_core/u_lut_to_rgb/clk_65M
    SLICE_X28Y59         FDRE                                         r  u_top_fsm/u_pit_stop_core/u_lut_to_rgb/rgb_out_reg[10]/C
  -------------------------------------------------------------------    -------------------
    SLICE_X28Y59         FDRE (Prop_fdre_C_Q)         0.141    -0.480 r  u_top_fsm/u_pit_stop_core/u_lut_to_rgb/rgb_out_reg[10]/Q
                         net (fo=1, routed)           0.340    -0.140    u_top_fsm/u_pit_stop_core/u_lut_to_rgb/rgb_pipe[10]
    SLICE_X28Y60         LUT3 (Prop_lut3_I0_O)        0.045    -0.095 r  u_top_fsm/u_pit_stop_core/u_lut_to_rgb/vgaRed_OBUF[2]_inst_i_1/O
                         net (fo=1, routed)           0.926     0.830    vgaRed_OBUF[2]
    J19                  OBUF (Prop_obuf_I_O)         1.225     2.055 r  vgaRed_OBUF[2]_inst/O
                         net (fo=0)                   0.000     2.055    vgaRed[2]
    J19                                                               r  vgaRed[2] (OUT)
  -------------------------------------------------------------------    -------------------

Slack:                    inf
  Source:                 u_top_fsm/u_pit_stop_core/u_lut_to_rgb/rgb_out_reg[11]/C
                            (rising edge-triggered cell FDRE clocked by clk_out1_clk_wiz_0  {rise@0.000ns fall@7.692ns period=15.385ns})
  Destination:            vgaRed[3]
                            (output port)
  Path Group:             (none)
  Path Type:              Min at Fast Process Corner
  Data Path Delay:        2.685ns  (logic 1.456ns (54.205%)  route 1.230ns (45.795%))
  Logic Levels:           2  (LUT3=1 OBUF=1)
  Clock Uncertainty:      0.426ns  ((TSJ^2 + DJ^2)^1/2) / 2 + PE
    Total System Jitter     (TSJ):    0.050ns
    Discrete Jitter          (DJ):    0.251ns
    Phase Error              (PE):    0.298ns

    Location             Delay type                Incr(ns)  Path(ns)    Netlist Resource(s)
  -------------------------------------------------------------------    -------------------
                         (clock clk_out1_clk_wiz_0 rise edge)
                                                      0.000     0.000 r  
    W5                                                0.000     0.000 r  clk (IN)
                         net (fo=0)                   0.000     0.000    CLK0/inst/clk
    W5                   IBUF (Prop_ibuf_I_O)         0.226     0.226 r  CLK0/inst/clkin1_ibufg/O
                         net (fo=1, routed)           0.440     0.667    CLK0/inst/clk_in_clk_wiz_0
    MMCME2_ADV_X1Y0      MMCME2_ADV (Prop_mmcme2_adv_CLKIN1_CLKOUT0)
                                                     -2.360    -1.693 r  CLK0/inst/mmcm_adv_inst/CLKOUT0
                         net (fo=2, routed)           0.486    -1.207    CLK0/inst/clk_out1_clk_wiz_0
    BUFGCTRL_X0Y0        BUFGCTRL (Prop_bufgctrl_I0_O)
                                                      0.026    -1.181 r  CLK0/inst/clkout1_buf/O
                         net (fo=1526, routed)        0.560    -0.621    u_top_fsm/u_pit_stop_core/u_lut_to_rgb/clk_65M
    SLICE_X28Y59         FDRE                                         r  u_top_fsm/u_pit_stop_core/u_lut_to_rgb/rgb_out_reg[11]/C
  -------------------------------------------------------------------    -------------------
    SLICE_X28Y59         FDRE (Prop_fdre_C_Q)         0.141    -0.480 r  u_top_fsm/u_pit_stop_core/u_lut_to_rgb/rgb_out_reg[11]/Q
                         net (fo=1, routed)           0.279    -0.201    u_top_fsm/u_pit_stop_core/u_lut_to_rgb/rgb_pipe[11]
    SLICE_X28Y60         LUT3 (Prop_lut3_I0_O)        0.044    -0.157 r  u_top_fsm/u_pit_stop_core/u_lut_to_rgb/vgaRed_OBUF[3]_inst_i_1/O
                         net (fo=1, routed)           0.951     0.794    vgaRed_OBUF[3]
    N19                  OBUF (Prop_obuf_I_O)         1.271     2.064 r  vgaRed_OBUF[3]_inst/O
                         net (fo=0)                   0.000     2.064    vgaRed[3]
    N19                                                               r  vgaRed[3] (OUT)
  -------------------------------------------------------------------    -------------------

Slack:                    inf
  Source:                 u_seven_segment_display/refresh_counter_reg[15]/C
                            (rising edge-triggered cell FDRE clocked by clk_out1_clk_wiz_0  {rise@0.000ns fall@7.692ns period=15.385ns})
  Destination:            an[0]
                            (output port)
  Path Group:             (none)
  Path Type:              Min at Fast Process Corner
  Data Path Delay:        2.729ns  (logic 1.413ns (51.775%)  route 1.316ns (48.225%))
  Logic Levels:           2  (LUT2=1 OBUF=1)
  Clock Uncertainty:      0.426ns  ((TSJ^2 + DJ^2)^1/2) / 2 + PE
    Total System Jitter     (TSJ):    0.050ns
    Discrete Jitter          (DJ):    0.251ns
    Phase Error              (PE):    0.298ns

    Location             Delay type                Incr(ns)  Path(ns)    Netlist Resource(s)
  -------------------------------------------------------------------    -------------------
                         (clock clk_out1_clk_wiz_0 rise edge)
                                                      0.000     0.000 r  
    W5                                                0.000     0.000 r  clk (IN)
                         net (fo=0)                   0.000     0.000    CLK0/inst/clk
    W5                   IBUF (Prop_ibuf_I_O)         0.226     0.226 r  CLK0/inst/clkin1_ibufg/O
                         net (fo=1, routed)           0.440     0.667    CLK0/inst/clk_in_clk_wiz_0
    MMCME2_ADV_X1Y0      MMCME2_ADV (Prop_mmcme2_adv_CLKIN1_CLKOUT0)
                                                     -2.360    -1.693 r  CLK0/inst/mmcm_adv_inst/CLKOUT0
                         net (fo=2, routed)           0.486    -1.207    CLK0/inst/clk_out1_clk_wiz_0
    BUFGCTRL_X0Y0        BUFGCTRL (Prop_bufgctrl_I0_O)
                                                      0.026    -1.181 r  CLK0/inst/clkout1_buf/O
                         net (fo=1526, routed)        0.583    -0.598    u_seven_segment_display/clk_65M
    SLICE_X64Y77         FDRE                                         r  u_seven_segment_display/refresh_counter_reg[15]/C
  -------------------------------------------------------------------    -------------------
    SLICE_X64Y77         FDRE (Prop_fdre_C_Q)         0.164    -0.434 r  u_seven_segment_display/refresh_counter_reg[15]/Q
                         net (fo=12, routed)          0.282    -0.153    u_seven_segment_display/digit_select[1]
    SLICE_X65Y75         LUT2 (Prop_lut2_I0_O)        0.045    -0.108 r  u_seven_segment_display/an_OBUF[0]_inst_i_1/O
                         net (fo=3, routed)           1.035     0.927    an_OBUF[0]
    U2                   OBUF (Prop_obuf_I_O)         1.204     2.131 r  an_OBUF[0]_inst/O
                         net (fo=0)                   0.000     2.131    an[0]
    U2                                                                r  an[0] (OUT)
  -------------------------------------------------------------------    -------------------





--------------------------------------------------------------------------------------
Path Group:  (none)
From Clock:  
  To Clock:  clk_out1_clk_wiz_0

Max Delay            12 Endpoints
Min Delay            12 Endpoints
--------------------------------------------------------------------------------------


Max Delay Paths
--------------------------------------------------------------------------------------
Slack:                    inf
  Source:                 PS2Clk
                            (input port)
  Destination:            u_top_fsm/u_mouse_ctl/Inst_Ps2Interface/clk_count_reg[0]/R
                            (rising edge-triggered cell FDRE clocked by clk_out1_clk_wiz_0  {rise@0.000ns fall@7.692ns period=15.385ns})
  Path Group:             (none)
  Path Type:              Setup (Max at Slow Process Corner)
  Data Path Delay:        6.718ns  (logic 1.572ns (23.406%)  route 5.146ns (76.594%))
  Logic Levels:           2  (IBUF=1 LUT2=1)
  Clock Path Skew:        -1.550ns (DCD - SCD + CPR)
    Destination Clock Delay (DCD):    -1.550ns
    Source Clock Delay      (SCD):    0.000ns
    Clock Pessimism Removal (CPR):    0.000ns
  Clock Uncertainty:      0.426ns  ((TSJ^2 + DJ^2)^1/2) / 2 + PE
    Total System Jitter     (TSJ):    0.050ns
    Discrete Jitter          (DJ):    0.251ns
    Phase Error              (PE):    0.298ns

    Location             Delay type                Incr(ns)  Path(ns)    Netlist Resource(s)
  -------------------------------------------------------------------    -------------------
    C17                                               0.000     0.000 r  PS2Clk (INOUT)
                         net (fo=1, unset)            0.000     0.000    PS2Clk_IOBUF_inst/IO
    C17                  IBUF (Prop_ibuf_I_O)         1.448     1.448 r  PS2Clk_IOBUF_inst/IBUF/O
                         net (fo=3, routed)           4.758     6.207    u_top_fsm/u_mouse_ctl/Inst_Ps2Interface/PS2Clk_IBUF
    SLICE_X39Y43         LUT2 (Prop_lut2_I0_O)        0.124     6.331 r  u_top_fsm/u_mouse_ctl/Inst_Ps2Interface/clk_count[3]_i_1/O
                         net (fo=4, routed)           0.387     6.718    u_top_fsm/u_mouse_ctl/Inst_Ps2Interface/clk_inter0
    SLICE_X39Y43         FDRE                                         r  u_top_fsm/u_mouse_ctl/Inst_Ps2Interface/clk_count_reg[0]/R
  -------------------------------------------------------------------    -------------------

                         (clock clk_out1_clk_wiz_0 rise edge)
                                                      0.000     0.000 r  
    W5                                                0.000     0.000 r  clk (IN)
                         net (fo=0)                   0.000     0.000    CLK0/inst/clk
    W5                   IBUF (Prop_ibuf_I_O)         1.388     1.388 r  CLK0/inst/clkin1_ibufg/O
                         net (fo=1, routed)           1.162     2.550    CLK0/inst/clk_in_clk_wiz_0
    MMCME2_ADV_X1Y0      MMCME2_ADV (Prop_mmcme2_adv_CLKIN1_CLKOUT0)
                                                     -7.217    -4.668 r  CLK0/inst/mmcm_adv_inst/CLKOUT0
                         net (fo=2, routed)           1.581    -3.086    CLK0/inst/clk_out1_clk_wiz_0
    BUFGCTRL_X0Y0        BUFGCTRL (Prop_bufgctrl_I0_O)
                                                      0.091    -2.995 r  CLK0/inst/clkout1_buf/O
                         net (fo=1526, routed)        1.445    -1.550    u_top_fsm/u_mouse_ctl/Inst_Ps2Interface/clk_65M
    SLICE_X39Y43         FDRE                                         r  u_top_fsm/u_mouse_ctl/Inst_Ps2Interface/clk_count_reg[0]/C

Slack:                    inf
  Source:                 PS2Clk
                            (input port)
  Destination:            u_top_fsm/u_mouse_ctl/Inst_Ps2Interface/clk_count_reg[1]/R
                            (rising edge-triggered cell FDRE clocked by clk_out1_clk_wiz_0  {rise@0.000ns fall@7.692ns period=15.385ns})
  Path Group:             (none)
  Path Type:              Setup (Max at Slow Process Corner)
  Data Path Delay:        6.718ns  (logic 1.572ns (23.406%)  route 5.146ns (76.594%))
  Logic Levels:           2  (IBUF=1 LUT2=1)
  Clock Path Skew:        -1.550ns (DCD - SCD + CPR)
    Destination Clock Delay (DCD):    -1.550ns
    Source Clock Delay      (SCD):    0.000ns
    Clock Pessimism Removal (CPR):    0.000ns
  Clock Uncertainty:      0.426ns  ((TSJ^2 + DJ^2)^1/2) / 2 + PE
    Total System Jitter     (TSJ):    0.050ns
    Discrete Jitter          (DJ):    0.251ns
    Phase Error              (PE):    0.298ns

    Location             Delay type                Incr(ns)  Path(ns)    Netlist Resource(s)
  -------------------------------------------------------------------    -------------------
    C17                                               0.000     0.000 r  PS2Clk (INOUT)
                         net (fo=1, unset)            0.000     0.000    PS2Clk_IOBUF_inst/IO
    C17                  IBUF (Prop_ibuf_I_O)         1.448     1.448 r  PS2Clk_IOBUF_inst/IBUF/O
                         net (fo=3, routed)           4.758     6.207    u_top_fsm/u_mouse_ctl/Inst_Ps2Interface/PS2Clk_IBUF
    SLICE_X39Y43         LUT2 (Prop_lut2_I0_O)        0.124     6.331 r  u_top_fsm/u_mouse_ctl/Inst_Ps2Interface/clk_count[3]_i_1/O
                         net (fo=4, routed)           0.387     6.718    u_top_fsm/u_mouse_ctl/Inst_Ps2Interface/clk_inter0
    SLICE_X39Y43         FDRE                                         r  u_top_fsm/u_mouse_ctl/Inst_Ps2Interface/clk_count_reg[1]/R
  -------------------------------------------------------------------    -------------------

                         (clock clk_out1_clk_wiz_0 rise edge)
                                                      0.000     0.000 r  
    W5                                                0.000     0.000 r  clk (IN)
                         net (fo=0)                   0.000     0.000    CLK0/inst/clk
    W5                   IBUF (Prop_ibuf_I_O)         1.388     1.388 r  CLK0/inst/clkin1_ibufg/O
                         net (fo=1, routed)           1.162     2.550    CLK0/inst/clk_in_clk_wiz_0
    MMCME2_ADV_X1Y0      MMCME2_ADV (Prop_mmcme2_adv_CLKIN1_CLKOUT0)
                                                     -7.217    -4.668 r  CLK0/inst/mmcm_adv_inst/CLKOUT0
                         net (fo=2, routed)           1.581    -3.086    CLK0/inst/clk_out1_clk_wiz_0
    BUFGCTRL_X0Y0        BUFGCTRL (Prop_bufgctrl_I0_O)
                                                      0.091    -2.995 r  CLK0/inst/clkout1_buf/O
                         net (fo=1526, routed)        1.445    -1.550    u_top_fsm/u_mouse_ctl/Inst_Ps2Interface/clk_65M
    SLICE_X39Y43         FDRE                                         r  u_top_fsm/u_mouse_ctl/Inst_Ps2Interface/clk_count_reg[1]/C

Slack:                    inf
  Source:                 PS2Clk
                            (input port)
  Destination:            u_top_fsm/u_mouse_ctl/Inst_Ps2Interface/clk_count_reg[2]/R
                            (rising edge-triggered cell FDRE clocked by clk_out1_clk_wiz_0  {rise@0.000ns fall@7.692ns period=15.385ns})
  Path Group:             (none)
  Path Type:              Setup (Max at Slow Process Corner)
  Data Path Delay:        6.718ns  (logic 1.572ns (23.406%)  route 5.146ns (76.594%))
  Logic Levels:           2  (IBUF=1 LUT2=1)
  Clock Path Skew:        -1.550ns (DCD - SCD + CPR)
    Destination Clock Delay (DCD):    -1.550ns
    Source Clock Delay      (SCD):    0.000ns
    Clock Pessimism Removal (CPR):    0.000ns
  Clock Uncertainty:      0.426ns  ((TSJ^2 + DJ^2)^1/2) / 2 + PE
    Total System Jitter     (TSJ):    0.050ns
    Discrete Jitter          (DJ):    0.251ns
    Phase Error              (PE):    0.298ns

    Location             Delay type                Incr(ns)  Path(ns)    Netlist Resource(s)
  -------------------------------------------------------------------    -------------------
    C17                                               0.000     0.000 r  PS2Clk (INOUT)
                         net (fo=1, unset)            0.000     0.000    PS2Clk_IOBUF_inst/IO
    C17                  IBUF (Prop_ibuf_I_O)         1.448     1.448 r  PS2Clk_IOBUF_inst/IBUF/O
                         net (fo=3, routed)           4.758     6.207    u_top_fsm/u_mouse_ctl/Inst_Ps2Interface/PS2Clk_IBUF
    SLICE_X39Y43         LUT2 (Prop_lut2_I0_O)        0.124     6.331 r  u_top_fsm/u_mouse_ctl/Inst_Ps2Interface/clk_count[3]_i_1/O
                         net (fo=4, routed)           0.387     6.718    u_top_fsm/u_mouse_ctl/Inst_Ps2Interface/clk_inter0
    SLICE_X39Y43         FDRE                                         r  u_top_fsm/u_mouse_ctl/Inst_Ps2Interface/clk_count_reg[2]/R
  -------------------------------------------------------------------    -------------------

                         (clock clk_out1_clk_wiz_0 rise edge)
                                                      0.000     0.000 r  
    W5                                                0.000     0.000 r  clk (IN)
                         net (fo=0)                   0.000     0.000    CLK0/inst/clk
    W5                   IBUF (Prop_ibuf_I_O)         1.388     1.388 r  CLK0/inst/clkin1_ibufg/O
                         net (fo=1, routed)           1.162     2.550    CLK0/inst/clk_in_clk_wiz_0
    MMCME2_ADV_X1Y0      MMCME2_ADV (Prop_mmcme2_adv_CLKIN1_CLKOUT0)
                                                     -7.217    -4.668 r  CLK0/inst/mmcm_adv_inst/CLKOUT0
                         net (fo=2, routed)           1.581    -3.086    CLK0/inst/clk_out1_clk_wiz_0
    BUFGCTRL_X0Y0        BUFGCTRL (Prop_bufgctrl_I0_O)
                                                      0.091    -2.995 r  CLK0/inst/clkout1_buf/O
                         net (fo=1526, routed)        1.445    -1.550    u_top_fsm/u_mouse_ctl/Inst_Ps2Interface/clk_65M
    SLICE_X39Y43         FDRE                                         r  u_top_fsm/u_mouse_ctl/Inst_Ps2Interface/clk_count_reg[2]/C

Slack:                    inf
  Source:                 PS2Clk
                            (input port)
  Destination:            u_top_fsm/u_mouse_ctl/Inst_Ps2Interface/clk_count_reg[3]/R
                            (rising edge-triggered cell FDRE clocked by clk_out1_clk_wiz_0  {rise@0.000ns fall@7.692ns period=15.385ns})
  Path Group:             (none)
  Path Type:              Setup (Max at Slow Process Corner)
  Data Path Delay:        6.718ns  (logic 1.572ns (23.406%)  route 5.146ns (76.594%))
  Logic Levels:           2  (IBUF=1 LUT2=1)
  Clock Path Skew:        -1.550ns (DCD - SCD + CPR)
    Destination Clock Delay (DCD):    -1.550ns
    Source Clock Delay      (SCD):    0.000ns
    Clock Pessimism Removal (CPR):    0.000ns
  Clock Uncertainty:      0.426ns  ((TSJ^2 + DJ^2)^1/2) / 2 + PE
    Total System Jitter     (TSJ):    0.050ns
    Discrete Jitter          (DJ):    0.251ns
    Phase Error              (PE):    0.298ns

    Location             Delay type                Incr(ns)  Path(ns)    Netlist Resource(s)
  -------------------------------------------------------------------    -------------------
    C17                                               0.000     0.000 r  PS2Clk (INOUT)
                         net (fo=1, unset)            0.000     0.000    PS2Clk_IOBUF_inst/IO
    C17                  IBUF (Prop_ibuf_I_O)         1.448     1.448 r  PS2Clk_IOBUF_inst/IBUF/O
                         net (fo=3, routed)           4.758     6.207    u_top_fsm/u_mouse_ctl/Inst_Ps2Interface/PS2Clk_IBUF
    SLICE_X39Y43         LUT2 (Prop_lut2_I0_O)        0.124     6.331 r  u_top_fsm/u_mouse_ctl/Inst_Ps2Interface/clk_count[3]_i_1/O
                         net (fo=4, routed)           0.387     6.718    u_top_fsm/u_mouse_ctl/Inst_Ps2Interface/clk_inter0
    SLICE_X39Y43         FDRE                                         r  u_top_fsm/u_mouse_ctl/Inst_Ps2Interface/clk_count_reg[3]/R
  -------------------------------------------------------------------    -------------------

                         (clock clk_out1_clk_wiz_0 rise edge)
                                                      0.000     0.000 r  
    W5                                                0.000     0.000 r  clk (IN)
                         net (fo=0)                   0.000     0.000    CLK0/inst/clk
    W5                   IBUF (Prop_ibuf_I_O)         1.388     1.388 r  CLK0/inst/clkin1_ibufg/O
                         net (fo=1, routed)           1.162     2.550    CLK0/inst/clk_in_clk_wiz_0
    MMCME2_ADV_X1Y0      MMCME2_ADV (Prop_mmcme2_adv_CLKIN1_CLKOUT0)
                                                     -7.217    -4.668 r  CLK0/inst/mmcm_adv_inst/CLKOUT0
                         net (fo=2, routed)           1.581    -3.086    CLK0/inst/clk_out1_clk_wiz_0
    BUFGCTRL_X0Y0        BUFGCTRL (Prop_bufgctrl_I0_O)
                                                      0.091    -2.995 r  CLK0/inst/clkout1_buf/O
                         net (fo=1526, routed)        1.445    -1.550    u_top_fsm/u_mouse_ctl/Inst_Ps2Interface/clk_65M
    SLICE_X39Y43         FDRE                                         r  u_top_fsm/u_mouse_ctl/Inst_Ps2Interface/clk_count_reg[3]/C

Slack:                    inf
  Source:                 PS2Data
                            (input port)
  Destination:            u_top_fsm/u_mouse_ctl/Inst_Ps2Interface/data_count_reg[0]/R
                            (rising edge-triggered cell FDRE clocked by clk_out1_clk_wiz_0  {rise@0.000ns fall@7.692ns period=15.385ns})
  Path Group:             (none)
  Path Type:              Setup (Max at Slow Process Corner)
  Data Path Delay:        6.690ns  (logic 1.576ns (23.557%)  route 5.114ns (76.443%))
  Logic Levels:           2  (IBUF=1 LUT2=1)
  Clock Path Skew:        -1.548ns (DCD - SCD + CPR)
    Destination Clock Delay (DCD):    -1.548ns
    Source Clock Delay      (SCD):    0.000ns
    Clock Pessimism Removal (CPR):    0.000ns
  Clock Uncertainty:      0.426ns  ((TSJ^2 + DJ^2)^1/2) / 2 + PE
    Total System Jitter     (TSJ):    0.050ns
    Discrete Jitter          (DJ):    0.251ns
    Phase Error              (PE):    0.298ns

    Location             Delay type                Incr(ns)  Path(ns)    Netlist Resource(s)
  -------------------------------------------------------------------    -------------------
    B17                                               0.000     0.000 r  PS2Data (INOUT)
                         net (fo=1, unset)            0.000     0.000    PS2Data_IOBUF_inst/IO
    B17                  IBUF (Prop_ibuf_I_O)         1.452     1.452 r  PS2Data_IOBUF_inst/IBUF/O
                         net (fo=3, routed)           4.533     5.985    u_top_fsm/u_mouse_ctl/Inst_Ps2Interface/PS2Data_IBUF
    SLICE_X28Y45         LUT2 (Prop_lut2_I0_O)        0.124     6.109 r  u_top_fsm/u_mouse_ctl/Inst_Ps2Interface/data_count[3]_i_1/O
                         net (fo=4, routed)           0.581     6.690    u_top_fsm/u_mouse_ctl/Inst_Ps2Interface/data_inter0
    SLICE_X28Y45         FDRE                                         r  u_top_fsm/u_mouse_ctl/Inst_Ps2Interface/data_count_reg[0]/R
  -------------------------------------------------------------------    -------------------

                         (clock clk_out1_clk_wiz_0 rise edge)
                                                      0.000     0.000 r  
    W5                                                0.000     0.000 r  clk (IN)
                         net (fo=0)                   0.000     0.000    CLK0/inst/clk
    W5                   IBUF (Prop_ibuf_I_O)         1.388     1.388 r  CLK0/inst/clkin1_ibufg/O
                         net (fo=1, routed)           1.162     2.550    CLK0/inst/clk_in_clk_wiz_0
    MMCME2_ADV_X1Y0      MMCME2_ADV (Prop_mmcme2_adv_CLKIN1_CLKOUT0)
                                                     -7.217    -4.668 r  CLK0/inst/mmcm_adv_inst/CLKOUT0
                         net (fo=2, routed)           1.581    -3.086    CLK0/inst/clk_out1_clk_wiz_0
    BUFGCTRL_X0Y0        BUFGCTRL (Prop_bufgctrl_I0_O)
                                                      0.091    -2.995 r  CLK0/inst/clkout1_buf/O
                         net (fo=1526, routed)        1.447    -1.548    u_top_fsm/u_mouse_ctl/Inst_Ps2Interface/clk_65M
    SLICE_X28Y45         FDRE                                         r  u_top_fsm/u_mouse_ctl/Inst_Ps2Interface/data_count_reg[0]/C

Slack:                    inf
  Source:                 PS2Data
                            (input port)
  Destination:            u_top_fsm/u_mouse_ctl/Inst_Ps2Interface/data_count_reg[1]/R
                            (rising edge-triggered cell FDRE clocked by clk_out1_clk_wiz_0  {rise@0.000ns fall@7.692ns period=15.385ns})
  Path Group:             (none)
  Path Type:              Setup (Max at Slow Process Corner)
  Data Path Delay:        6.690ns  (logic 1.576ns (23.557%)  route 5.114ns (76.443%))
  Logic Levels:           2  (IBUF=1 LUT2=1)
  Clock Path Skew:        -1.548ns (DCD - SCD + CPR)
    Destination Clock Delay (DCD):    -1.548ns
    Source Clock Delay      (SCD):    0.000ns
    Clock Pessimism Removal (CPR):    0.000ns
  Clock Uncertainty:      0.426ns  ((TSJ^2 + DJ^2)^1/2) / 2 + PE
    Total System Jitter     (TSJ):    0.050ns
    Discrete Jitter          (DJ):    0.251ns
    Phase Error              (PE):    0.298ns

    Location             Delay type                Incr(ns)  Path(ns)    Netlist Resource(s)
  -------------------------------------------------------------------    -------------------
    B17                                               0.000     0.000 r  PS2Data (INOUT)
                         net (fo=1, unset)            0.000     0.000    PS2Data_IOBUF_inst/IO
    B17                  IBUF (Prop_ibuf_I_O)         1.452     1.452 r  PS2Data_IOBUF_inst/IBUF/O
                         net (fo=3, routed)           4.533     5.985    u_top_fsm/u_mouse_ctl/Inst_Ps2Interface/PS2Data_IBUF
    SLICE_X28Y45         LUT2 (Prop_lut2_I0_O)        0.124     6.109 r  u_top_fsm/u_mouse_ctl/Inst_Ps2Interface/data_count[3]_i_1/O
                         net (fo=4, routed)           0.581     6.690    u_top_fsm/u_mouse_ctl/Inst_Ps2Interface/data_inter0
    SLICE_X28Y45         FDRE                                         r  u_top_fsm/u_mouse_ctl/Inst_Ps2Interface/data_count_reg[1]/R
  -------------------------------------------------------------------    -------------------

                         (clock clk_out1_clk_wiz_0 rise edge)
                                                      0.000     0.000 r  
    W5                                                0.000     0.000 r  clk (IN)
                         net (fo=0)                   0.000     0.000    CLK0/inst/clk
    W5                   IBUF (Prop_ibuf_I_O)         1.388     1.388 r  CLK0/inst/clkin1_ibufg/O
                         net (fo=1, routed)           1.162     2.550    CLK0/inst/clk_in_clk_wiz_0
    MMCME2_ADV_X1Y0      MMCME2_ADV (Prop_mmcme2_adv_CLKIN1_CLKOUT0)
                                                     -7.217    -4.668 r  CLK0/inst/mmcm_adv_inst/CLKOUT0
                         net (fo=2, routed)           1.581    -3.086    CLK0/inst/clk_out1_clk_wiz_0
    BUFGCTRL_X0Y0        BUFGCTRL (Prop_bufgctrl_I0_O)
                                                      0.091    -2.995 r  CLK0/inst/clkout1_buf/O
                         net (fo=1526, routed)        1.447    -1.548    u_top_fsm/u_mouse_ctl/Inst_Ps2Interface/clk_65M
    SLICE_X28Y45         FDRE                                         r  u_top_fsm/u_mouse_ctl/Inst_Ps2Interface/data_count_reg[1]/C

Slack:                    inf
  Source:                 PS2Data
                            (input port)
  Destination:            u_top_fsm/u_mouse_ctl/Inst_Ps2Interface/data_count_reg[2]/R
                            (rising edge-triggered cell FDRE clocked by clk_out1_clk_wiz_0  {rise@0.000ns fall@7.692ns period=15.385ns})
  Path Group:             (none)
  Path Type:              Setup (Max at Slow Process Corner)
  Data Path Delay:        6.690ns  (logic 1.576ns (23.557%)  route 5.114ns (76.443%))
  Logic Levels:           2  (IBUF=1 LUT2=1)
  Clock Path Skew:        -1.548ns (DCD - SCD + CPR)
    Destination Clock Delay (DCD):    -1.548ns
    Source Clock Delay      (SCD):    0.000ns
    Clock Pessimism Removal (CPR):    0.000ns
  Clock Uncertainty:      0.426ns  ((TSJ^2 + DJ^2)^1/2) / 2 + PE
    Total System Jitter     (TSJ):    0.050ns
    Discrete Jitter          (DJ):    0.251ns
    Phase Error              (PE):    0.298ns

    Location             Delay type                Incr(ns)  Path(ns)    Netlist Resource(s)
  -------------------------------------------------------------------    -------------------
    B17                                               0.000     0.000 r  PS2Data (INOUT)
                         net (fo=1, unset)            0.000     0.000    PS2Data_IOBUF_inst/IO
    B17                  IBUF (Prop_ibuf_I_O)         1.452     1.452 r  PS2Data_IOBUF_inst/IBUF/O
                         net (fo=3, routed)           4.533     5.985    u_top_fsm/u_mouse_ctl/Inst_Ps2Interface/PS2Data_IBUF
    SLICE_X28Y45         LUT2 (Prop_lut2_I0_O)        0.124     6.109 r  u_top_fsm/u_mouse_ctl/Inst_Ps2Interface/data_count[3]_i_1/O
                         net (fo=4, routed)           0.581     6.690    u_top_fsm/u_mouse_ctl/Inst_Ps2Interface/data_inter0
    SLICE_X28Y45         FDRE                                         r  u_top_fsm/u_mouse_ctl/Inst_Ps2Interface/data_count_reg[2]/R
  -------------------------------------------------------------------    -------------------

                         (clock clk_out1_clk_wiz_0 rise edge)
                                                      0.000     0.000 r  
    W5                                                0.000     0.000 r  clk (IN)
                         net (fo=0)                   0.000     0.000    CLK0/inst/clk
    W5                   IBUF (Prop_ibuf_I_O)         1.388     1.388 r  CLK0/inst/clkin1_ibufg/O
                         net (fo=1, routed)           1.162     2.550    CLK0/inst/clk_in_clk_wiz_0
    MMCME2_ADV_X1Y0      MMCME2_ADV (Prop_mmcme2_adv_CLKIN1_CLKOUT0)
                                                     -7.217    -4.668 r  CLK0/inst/mmcm_adv_inst/CLKOUT0
                         net (fo=2, routed)           1.581    -3.086    CLK0/inst/clk_out1_clk_wiz_0
    BUFGCTRL_X0Y0        BUFGCTRL (Prop_bufgctrl_I0_O)
                                                      0.091    -2.995 r  CLK0/inst/clkout1_buf/O
                         net (fo=1526, routed)        1.447    -1.548    u_top_fsm/u_mouse_ctl/Inst_Ps2Interface/clk_65M
    SLICE_X28Y45         FDRE                                         r  u_top_fsm/u_mouse_ctl/Inst_Ps2Interface/data_count_reg[2]/C

Slack:                    inf
  Source:                 PS2Data
                            (input port)
  Destination:            u_top_fsm/u_mouse_ctl/Inst_Ps2Interface/data_count_reg[3]/R
                            (rising edge-triggered cell FDRE clocked by clk_out1_clk_wiz_0  {rise@0.000ns fall@7.692ns period=15.385ns})
  Path Group:             (none)
  Path Type:              Setup (Max at Slow Process Corner)
  Data Path Delay:        6.690ns  (logic 1.576ns (23.557%)  route 5.114ns (76.443%))
  Logic Levels:           2  (IBUF=1 LUT2=1)
  Clock Path Skew:        -1.548ns (DCD - SCD + CPR)
    Destination Clock Delay (DCD):    -1.548ns
    Source Clock Delay      (SCD):    0.000ns
    Clock Pessimism Removal (CPR):    0.000ns
  Clock Uncertainty:      0.426ns  ((TSJ^2 + DJ^2)^1/2) / 2 + PE
    Total System Jitter     (TSJ):    0.050ns
    Discrete Jitter          (DJ):    0.251ns
    Phase Error              (PE):    0.298ns

    Location             Delay type                Incr(ns)  Path(ns)    Netlist Resource(s)
  -------------------------------------------------------------------    -------------------
    B17                                               0.000     0.000 r  PS2Data (INOUT)
                         net (fo=1, unset)            0.000     0.000    PS2Data_IOBUF_inst/IO
    B17                  IBUF (Prop_ibuf_I_O)         1.452     1.452 r  PS2Data_IOBUF_inst/IBUF/O
                         net (fo=3, routed)           4.533     5.985    u_top_fsm/u_mouse_ctl/Inst_Ps2Interface/PS2Data_IBUF
    SLICE_X28Y45         LUT2 (Prop_lut2_I0_O)        0.124     6.109 r  u_top_fsm/u_mouse_ctl/Inst_Ps2Interface/data_count[3]_i_1/O
                         net (fo=4, routed)           0.581     6.690    u_top_fsm/u_mouse_ctl/Inst_Ps2Interface/data_inter0
    SLICE_X28Y45         FDRE                                         r  u_top_fsm/u_mouse_ctl/Inst_Ps2Interface/data_count_reg[3]/R
  -------------------------------------------------------------------    -------------------

                         (clock clk_out1_clk_wiz_0 rise edge)
                                                      0.000     0.000 r  
    W5                                                0.000     0.000 r  clk (IN)
                         net (fo=0)                   0.000     0.000    CLK0/inst/clk
    W5                   IBUF (Prop_ibuf_I_O)         1.388     1.388 r  CLK0/inst/clkin1_ibufg/O
                         net (fo=1, routed)           1.162     2.550    CLK0/inst/clk_in_clk_wiz_0
    MMCME2_ADV_X1Y0      MMCME2_ADV (Prop_mmcme2_adv_CLKIN1_CLKOUT0)
                                                     -7.217    -4.668 r  CLK0/inst/mmcm_adv_inst/CLKOUT0
                         net (fo=2, routed)           1.581    -3.086    CLK0/inst/clk_out1_clk_wiz_0
    BUFGCTRL_X0Y0        BUFGCTRL (Prop_bufgctrl_I0_O)
                                                      0.091    -2.995 r  CLK0/inst/clkout1_buf/O
                         net (fo=1526, routed)        1.447    -1.548    u_top_fsm/u_mouse_ctl/Inst_Ps2Interface/clk_65M
    SLICE_X28Y45         FDRE                                         r  u_top_fsm/u_mouse_ctl/Inst_Ps2Interface/data_count_reg[3]/C

Slack:                    inf
  Source:                 PS2Clk
                            (input port)
  Destination:            u_top_fsm/u_mouse_ctl/Inst_Ps2Interface/ps2_clk_clean_reg/D
                            (rising edge-triggered cell FDRE clocked by clk_out1_clk_wiz_0  {rise@0.000ns fall@7.692ns period=15.385ns})
  Path Group:             (none)
  Path Type:              Setup (Max at Slow Process Corner)
  Data Path Delay:        6.143ns  (logic 1.572ns (25.599%)  route 4.570ns (74.401%))
  Logic Levels:           2  (IBUF=1 LUT4=1)
  Clock Path Skew:        -1.548ns (DCD - SCD + CPR)
    Destination Clock Delay (DCD):    -1.548ns
    Source Clock Delay      (SCD):    0.000ns
    Clock Pessimism Removal (CPR):    0.000ns
  Clock Uncertainty:      0.426ns  ((TSJ^2 + DJ^2)^1/2) / 2 + PE
    Total System Jitter     (TSJ):    0.050ns
    Discrete Jitter          (DJ):    0.251ns
    Phase Error              (PE):    0.298ns

    Location             Delay type                Incr(ns)  Path(ns)    Netlist Resource(s)
  -------------------------------------------------------------------    -------------------
    C17                                               0.000     0.000 r  PS2Clk (INOUT)
                         net (fo=1, unset)            0.000     0.000    PS2Clk_IOBUF_inst/IO
    C17                  IBUF (Prop_ibuf_I_O)         1.448     1.448 r  PS2Clk_IOBUF_inst/IBUF/O
                         net (fo=3, routed)           4.570     6.019    u_top_fsm/u_mouse_ctl/Inst_Ps2Interface/PS2Clk_IBUF
    SLICE_X40Y43         LUT4 (Prop_lut4_I1_O)        0.124     6.143 r  u_top_fsm/u_mouse_ctl/Inst_Ps2Interface/ps2_clk_clean_i_1/O
                         net (fo=1, routed)           0.000     6.143    u_top_fsm/u_mouse_ctl/Inst_Ps2Interface/ps2_clk_clean_i_1_n_0
    SLICE_X40Y43         FDRE                                         r  u_top_fsm/u_mouse_ctl/Inst_Ps2Interface/ps2_clk_clean_reg/D
  -------------------------------------------------------------------    -------------------

                         (clock clk_out1_clk_wiz_0 rise edge)
                                                      0.000     0.000 r  
    W5                                                0.000     0.000 r  clk (IN)
                         net (fo=0)                   0.000     0.000    CLK0/inst/clk
    W5                   IBUF (Prop_ibuf_I_O)         1.388     1.388 r  CLK0/inst/clkin1_ibufg/O
                         net (fo=1, routed)           1.162     2.550    CLK0/inst/clk_in_clk_wiz_0
    MMCME2_ADV_X1Y0      MMCME2_ADV (Prop_mmcme2_adv_CLKIN1_CLKOUT0)
                                                     -7.217    -4.668 r  CLK0/inst/mmcm_adv_inst/CLKOUT0
                         net (fo=2, routed)           1.581    -3.086    CLK0/inst/clk_out1_clk_wiz_0
    BUFGCTRL_X0Y0        BUFGCTRL (Prop_bufgctrl_I0_O)
                                                      0.091    -2.995 r  CLK0/inst/clkout1_buf/O
                         net (fo=1526, routed)        1.447    -1.548    u_top_fsm/u_mouse_ctl/Inst_Ps2Interface/clk_65M
    SLICE_X40Y43         FDRE                                         r  u_top_fsm/u_mouse_ctl/Inst_Ps2Interface/ps2_clk_clean_reg/C

Slack:                    inf
  Source:                 PS2Data
                            (input port)
  Destination:            u_top_fsm/u_mouse_ctl/Inst_Ps2Interface/ps2_data_clean_reg/D
                            (rising edge-triggered cell FDRE clocked by clk_out1_clk_wiz_0  {rise@0.000ns fall@7.692ns period=15.385ns})
  Path Group:             (none)
  Path Type:              Setup (Max at Slow Process Corner)
  Data Path Delay:        6.117ns  (logic 1.576ns (25.763%)  route 4.541ns (74.237%))
  Logic Levels:           2  (IBUF=1 LUT4=1)
  Clock Path Skew:        -1.548ns (DCD - SCD + CPR)
    Destination Clock Delay (DCD):    -1.548ns
    Source Clock Delay      (SCD):    0.000ns
    Clock Pessimism Removal (CPR):    0.000ns
  Clock Uncertainty:      0.426ns  ((TSJ^2 + DJ^2)^1/2) / 2 + PE
    Total System Jitter     (TSJ):    0.050ns
    Discrete Jitter          (DJ):    0.251ns
    Phase Error              (PE):    0.298ns

    Location             Delay type                Incr(ns)  Path(ns)    Netlist Resource(s)
  -------------------------------------------------------------------    -------------------
    B17                                               0.000     0.000 r  PS2Data (INOUT)
                         net (fo=1, unset)            0.000     0.000    PS2Data_IOBUF_inst/IO
    B17                  IBUF (Prop_ibuf_I_O)         1.452     1.452 r  PS2Data_IOBUF_inst/IBUF/O
                         net (fo=3, routed)           4.541     5.993    u_top_fsm/u_mouse_ctl/Inst_Ps2Interface/PS2Data_IBUF
    SLICE_X28Y44         LUT4 (Prop_lut4_I1_O)        0.124     6.117 r  u_top_fsm/u_mouse_ctl/Inst_Ps2Interface/ps2_data_clean_i_1/O
                         net (fo=1, routed)           0.000     6.117    u_top_fsm/u_mouse_ctl/Inst_Ps2Interface/ps2_data_clean_i_1_n_0
    SLICE_X28Y44         FDRE                                         r  u_top_fsm/u_mouse_ctl/Inst_Ps2Interface/ps2_data_clean_reg/D
  -------------------------------------------------------------------    -------------------

                         (clock clk_out1_clk_wiz_0 rise edge)
                                                      0.000     0.000 r  
    W5                                                0.000     0.000 r  clk (IN)
                         net (fo=0)                   0.000     0.000    CLK0/inst/clk
    W5                   IBUF (Prop_ibuf_I_O)         1.388     1.388 r  CLK0/inst/clkin1_ibufg/O
                         net (fo=1, routed)           1.162     2.550    CLK0/inst/clk_in_clk_wiz_0
    MMCME2_ADV_X1Y0      MMCME2_ADV (Prop_mmcme2_adv_CLKIN1_CLKOUT0)
                                                     -7.217    -4.668 r  CLK0/inst/mmcm_adv_inst/CLKOUT0
                         net (fo=2, routed)           1.581    -3.086    CLK0/inst/clk_out1_clk_wiz_0
    BUFGCTRL_X0Y0        BUFGCTRL (Prop_bufgctrl_I0_O)
                                                      0.091    -2.995 r  CLK0/inst/clkout1_buf/O
                         net (fo=1526, routed)        1.447    -1.548    u_top_fsm/u_mouse_ctl/Inst_Ps2Interface/clk_65M
    SLICE_X28Y44         FDRE                                         r  u_top_fsm/u_mouse_ctl/Inst_Ps2Interface/ps2_data_clean_reg/C

Slack:                    inf
  Source:                 PS2Clk
                            (input port)
  Destination:            u_top_fsm/u_mouse_ctl/Inst_Ps2Interface/clk_inter_reg/D
                            (rising edge-triggered cell FDRE clocked by clk_out1_clk_wiz_0  {rise@0.000ns fall@7.692ns period=15.385ns})
  Path Group:             (none)
  Path Type:              Setup (Max at Slow Process Corner)
  Data Path Delay:        5.716ns  (logic 1.448ns (25.338%)  route 4.268ns (74.662%))
  Logic Levels:           1  (IBUF=1)
  Clock Path Skew:        -1.548ns (DCD - SCD + CPR)
    Destination Clock Delay (DCD):    -1.548ns
    Source Clock Delay      (SCD):    0.000ns
    Clock Pessimism Removal (CPR):    0.000ns
  Clock Uncertainty:      0.426ns  ((TSJ^2 + DJ^2)^1/2) / 2 + PE
    Total System Jitter     (TSJ):    0.050ns
    Discrete Jitter          (DJ):    0.251ns
    Phase Error              (PE):    0.298ns

    Location             Delay type                Incr(ns)  Path(ns)    Netlist Resource(s)
  -------------------------------------------------------------------    -------------------
    C17                                               0.000     0.000 r  PS2Clk (INOUT)
                         net (fo=1, unset)            0.000     0.000    PS2Clk_IOBUF_inst/IO
    C17                  IBUF (Prop_ibuf_I_O)         1.448     1.448 r  PS2Clk_IOBUF_inst/IBUF/O
                         net (fo=3, routed)           4.268     5.716    u_top_fsm/u_mouse_ctl/Inst_Ps2Interface/PS2Clk_IBUF
    SLICE_X40Y43         FDRE                                         r  u_top_fsm/u_mouse_ctl/Inst_Ps2Interface/clk_inter_reg/D
  -------------------------------------------------------------------    -------------------

                         (clock clk_out1_clk_wiz_0 rise edge)
                                                      0.000     0.000 r  
    W5                                                0.000     0.000 r  clk (IN)
                         net (fo=0)                   0.000     0.000    CLK0/inst/clk
    W5                   IBUF (Prop_ibuf_I_O)         1.388     1.388 r  CLK0/inst/clkin1_ibufg/O
                         net (fo=1, routed)           1.162     2.550    CLK0/inst/clk_in_clk_wiz_0
    MMCME2_ADV_X1Y0      MMCME2_ADV (Prop_mmcme2_adv_CLKIN1_CLKOUT0)
                                                     -7.217    -4.668 r  CLK0/inst/mmcm_adv_inst/CLKOUT0
                         net (fo=2, routed)           1.581    -3.086    CLK0/inst/clk_out1_clk_wiz_0
    BUFGCTRL_X0Y0        BUFGCTRL (Prop_bufgctrl_I0_O)
                                                      0.091    -2.995 r  CLK0/inst/clkout1_buf/O
                         net (fo=1526, routed)        1.447    -1.548    u_top_fsm/u_mouse_ctl/Inst_Ps2Interface/clk_65M
    SLICE_X40Y43         FDRE                                         r  u_top_fsm/u_mouse_ctl/Inst_Ps2Interface/clk_inter_reg/C

Slack:                    inf
  Source:                 PS2Data
                            (input port)
  Destination:            u_top_fsm/u_mouse_ctl/Inst_Ps2Interface/data_inter_reg/D
                            (rising edge-triggered cell FDRE clocked by clk_out1_clk_wiz_0  {rise@0.000ns fall@7.692ns period=15.385ns})
  Path Group:             (none)
  Path Type:              Setup (Max at Slow Process Corner)
  Data Path Delay:        5.533ns  (logic 1.452ns (26.241%)  route 4.081ns (73.759%))
  Logic Levels:           1  (IBUF=1)
  Clock Path Skew:        -1.548ns (DCD - SCD + CPR)
    Destination Clock Delay (DCD):    -1.548ns
    Source Clock Delay      (SCD):    0.000ns
    Clock Pessimism Removal (CPR):    0.000ns
  Clock Uncertainty:      0.426ns  ((TSJ^2 + DJ^2)^1/2) / 2 + PE
    Total System Jitter     (TSJ):    0.050ns
    Discrete Jitter          (DJ):    0.251ns
    Phase Error              (PE):    0.298ns

    Location             Delay type                Incr(ns)  Path(ns)    Netlist Resource(s)
  -------------------------------------------------------------------    -------------------
    B17                                               0.000     0.000 r  PS2Data (INOUT)
                         net (fo=1, unset)            0.000     0.000    PS2Data_IOBUF_inst/IO
    B17                  IBUF (Prop_ibuf_I_O)         1.452     1.452 r  PS2Data_IOBUF_inst/IBUF/O
                         net (fo=3, routed)           4.081     5.533    u_top_fsm/u_mouse_ctl/Inst_Ps2Interface/PS2Data_IBUF
    SLICE_X28Y44         FDRE                                         r  u_top_fsm/u_mouse_ctl/Inst_Ps2Interface/data_inter_reg/D
  -------------------------------------------------------------------    -------------------

                         (clock clk_out1_clk_wiz_0 rise edge)
                                                      0.000     0.000 r  
    W5                                                0.000     0.000 r  clk (IN)
                         net (fo=0)                   0.000     0.000    CLK0/inst/clk
    W5                   IBUF (Prop_ibuf_I_O)         1.388     1.388 r  CLK0/inst/clkin1_ibufg/O
                         net (fo=1, routed)           1.162     2.550    CLK0/inst/clk_in_clk_wiz_0
    MMCME2_ADV_X1Y0      MMCME2_ADV (Prop_mmcme2_adv_CLKIN1_CLKOUT0)
                                                     -7.217    -4.668 r  CLK0/inst/mmcm_adv_inst/CLKOUT0
                         net (fo=2, routed)           1.581    -3.086    CLK0/inst/clk_out1_clk_wiz_0
    BUFGCTRL_X0Y0        BUFGCTRL (Prop_bufgctrl_I0_O)
                                                      0.091    -2.995 r  CLK0/inst/clkout1_buf/O
                         net (fo=1526, routed)        1.447    -1.548    u_top_fsm/u_mouse_ctl/Inst_Ps2Interface/clk_65M
    SLICE_X28Y44         FDRE                                         r  u_top_fsm/u_mouse_ctl/Inst_Ps2Interface/data_inter_reg/C





Min Delay Paths
--------------------------------------------------------------------------------------
Slack:                    inf
  Source:                 PS2Data
                            (input port)
  Destination:            u_top_fsm/u_mouse_ctl/Inst_Ps2Interface/data_inter_reg/D
                            (rising edge-triggered cell FDRE clocked by clk_out1_clk_wiz_0  {rise@0.000ns fall@7.692ns period=15.385ns})
  Path Group:             (none)
  Path Type:              Hold (Min at Fast Process Corner)
  Data Path Delay:        2.004ns  (logic 0.220ns (10.981%)  route 1.784ns (89.019%))
  Logic Levels:           1  (IBUF=1)
  Clock Path Skew:        -0.857ns (DCD - SCD - CPR)
    Destination Clock Delay (DCD):    -0.857ns
    Source Clock Delay      (SCD):    0.000ns
    Clock Pessimism Removal (CPR):    -0.000ns

    Location             Delay type                Incr(ns)  Path(ns)    Netlist Resource(s)
  -------------------------------------------------------------------    -------------------
    B17                                               0.000     0.000 r  PS2Data (INOUT)
                         net (fo=1, unset)            0.000     0.000    PS2Data_IOBUF_inst/IO
    B17                  IBUF (Prop_ibuf_I_O)         0.220     0.220 r  PS2Data_IOBUF_inst/IBUF/O
                         net (fo=3, routed)           1.784     2.004    u_top_fsm/u_mouse_ctl/Inst_Ps2Interface/PS2Data_IBUF
    SLICE_X28Y44         FDRE                                         r  u_top_fsm/u_mouse_ctl/Inst_Ps2Interface/data_inter_reg/D
  -------------------------------------------------------------------    -------------------

                         (clock clk_out1_clk_wiz_0 rise edge)
                                                      0.000     0.000 r  
    W5                                                0.000     0.000 r  clk (IN)
                         net (fo=0)                   0.000     0.000    CLK0/inst/clk
    W5                   IBUF (Prop_ibuf_I_O)         0.414     0.414 r  CLK0/inst/clkin1_ibufg/O
                         net (fo=1, routed)           0.480     0.894    CLK0/inst/clk_in_clk_wiz_0
    MMCME2_ADV_X1Y0      MMCME2_ADV (Prop_mmcme2_adv_CLKIN1_CLKOUT0)
                                                     -3.142    -2.248 r  CLK0/inst/mmcm_adv_inst/CLKOUT0
                         net (fo=2, routed)           0.530    -1.718    CLK0/inst/clk_out1_clk_wiz_0
    BUFGCTRL_X0Y0        BUFGCTRL (Prop_bufgctrl_I0_O)
                                                      0.029    -1.689 r  CLK0/inst/clkout1_buf/O
                         net (fo=1526, routed)        0.833    -0.857    u_top_fsm/u_mouse_ctl/Inst_Ps2Interface/clk_65M
    SLICE_X28Y44         FDRE                                         r  u_top_fsm/u_mouse_ctl/Inst_Ps2Interface/data_inter_reg/C

Slack:                    inf
  Source:                 PS2Clk
                            (input port)
  Destination:            u_top_fsm/u_mouse_ctl/Inst_Ps2Interface/clk_inter_reg/D
                            (rising edge-triggered cell FDRE clocked by clk_out1_clk_wiz_0  {rise@0.000ns fall@7.692ns period=15.385ns})
  Path Group:             (none)
  Path Type:              Hold (Min at Fast Process Corner)
  Data Path Delay:        2.079ns  (logic 0.217ns (10.421%)  route 1.862ns (89.579%))
  Logic Levels:           1  (IBUF=1)
  Clock Path Skew:        -0.857ns (DCD - SCD - CPR)
    Destination Clock Delay (DCD):    -0.857ns
    Source Clock Delay      (SCD):    0.000ns
    Clock Pessimism Removal (CPR):    -0.000ns

    Location             Delay type                Incr(ns)  Path(ns)    Netlist Resource(s)
  -------------------------------------------------------------------    -------------------
    C17                                               0.000     0.000 r  PS2Clk (INOUT)
                         net (fo=1, unset)            0.000     0.000    PS2Clk_IOBUF_inst/IO
    C17                  IBUF (Prop_ibuf_I_O)         0.217     0.217 r  PS2Clk_IOBUF_inst/IBUF/O
                         net (fo=3, routed)           1.862     2.079    u_top_fsm/u_mouse_ctl/Inst_Ps2Interface/PS2Clk_IBUF
    SLICE_X40Y43         FDRE                                         r  u_top_fsm/u_mouse_ctl/Inst_Ps2Interface/clk_inter_reg/D
  -------------------------------------------------------------------    -------------------

                         (clock clk_out1_clk_wiz_0 rise edge)
                                                      0.000     0.000 r  
    W5                                                0.000     0.000 r  clk (IN)
                         net (fo=0)                   0.000     0.000    CLK0/inst/clk
    W5                   IBUF (Prop_ibuf_I_O)         0.414     0.414 r  CLK0/inst/clkin1_ibufg/O
                         net (fo=1, routed)           0.480     0.894    CLK0/inst/clk_in_clk_wiz_0
    MMCME2_ADV_X1Y0      MMCME2_ADV (Prop_mmcme2_adv_CLKIN1_CLKOUT0)
                                                     -3.142    -2.248 r  CLK0/inst/mmcm_adv_inst/CLKOUT0
                         net (fo=2, routed)           0.530    -1.718    CLK0/inst/clk_out1_clk_wiz_0
    BUFGCTRL_X0Y0        BUFGCTRL (Prop_bufgctrl_I0_O)
                                                      0.029    -1.689 r  CLK0/inst/clkout1_buf/O
                         net (fo=1526, routed)        0.833    -0.857    u_top_fsm/u_mouse_ctl/Inst_Ps2Interface/clk_65M
    SLICE_X40Y43         FDRE                                         r  u_top_fsm/u_mouse_ctl/Inst_Ps2Interface/clk_inter_reg/C

Slack:                    inf
  Source:                 PS2Data
                            (input port)
  Destination:            u_top_fsm/u_mouse_ctl/Inst_Ps2Interface/ps2_data_clean_reg/D
                            (rising edge-triggered cell FDRE clocked by clk_out1_clk_wiz_0  {rise@0.000ns fall@7.692ns period=15.385ns})
  Path Group:             (none)
  Path Type:              Hold (Min at Fast Process Corner)
  Data Path Delay:        2.206ns  (logic 0.265ns (12.015%)  route 1.941ns (87.985%))
  Logic Levels:           2  (IBUF=1 LUT4=1)
  Clock Path Skew:        -0.857ns (DCD - SCD - CPR)
    Destination Clock Delay (DCD):    -0.857ns
    Source Clock Delay      (SCD):    0.000ns
    Clock Pessimism Removal (CPR):    -0.000ns

    Location             Delay type                Incr(ns)  Path(ns)    Netlist Resource(s)
  -------------------------------------------------------------------    -------------------
    B17                                               0.000     0.000 r  PS2Data (INOUT)
                         net (fo=1, unset)            0.000     0.000    PS2Data_IOBUF_inst/IO
    B17                  IBUF (Prop_ibuf_I_O)         0.220     0.220 r  PS2Data_IOBUF_inst/IBUF/O
                         net (fo=3, routed)           1.941     2.161    u_top_fsm/u_mouse_ctl/Inst_Ps2Interface/PS2Data_IBUF
    SLICE_X28Y44         LUT4 (Prop_lut4_I1_O)        0.045     2.206 r  u_top_fsm/u_mouse_ctl/Inst_Ps2Interface/ps2_data_clean_i_1/O
                         net (fo=1, routed)           0.000     2.206    u_top_fsm/u_mouse_ctl/Inst_Ps2Interface/ps2_data_clean_i_1_n_0
    SLICE_X28Y44         FDRE                                         r  u_top_fsm/u_mouse_ctl/Inst_Ps2Interface/ps2_data_clean_reg/D
  -------------------------------------------------------------------    -------------------

                         (clock clk_out1_clk_wiz_0 rise edge)
                                                      0.000     0.000 r  
    W5                                                0.000     0.000 r  clk (IN)
                         net (fo=0)                   0.000     0.000    CLK0/inst/clk
    W5                   IBUF (Prop_ibuf_I_O)         0.414     0.414 r  CLK0/inst/clkin1_ibufg/O
                         net (fo=1, routed)           0.480     0.894    CLK0/inst/clk_in_clk_wiz_0
    MMCME2_ADV_X1Y0      MMCME2_ADV (Prop_mmcme2_adv_CLKIN1_CLKOUT0)
                                                     -3.142    -2.248 r  CLK0/inst/mmcm_adv_inst/CLKOUT0
                         net (fo=2, routed)           0.530    -1.718    CLK0/inst/clk_out1_clk_wiz_0
    BUFGCTRL_X0Y0        BUFGCTRL (Prop_bufgctrl_I0_O)
                                                      0.029    -1.689 r  CLK0/inst/clkout1_buf/O
                         net (fo=1526, routed)        0.833    -0.857    u_top_fsm/u_mouse_ctl/Inst_Ps2Interface/clk_65M
    SLICE_X28Y44         FDRE                                         r  u_top_fsm/u_mouse_ctl/Inst_Ps2Interface/ps2_data_clean_reg/C

Slack:                    inf
  Source:                 PS2Clk
                            (input port)
  Destination:            u_top_fsm/u_mouse_ctl/Inst_Ps2Interface/ps2_clk_clean_reg/D
                            (rising edge-triggered cell FDRE clocked by clk_out1_clk_wiz_0  {rise@0.000ns fall@7.692ns period=15.385ns})
  Path Group:             (none)
  Path Type:              Hold (Min at Fast Process Corner)
  Data Path Delay:        2.220ns  (logic 0.262ns (11.785%)  route 1.958ns (88.215%))
  Logic Levels:           2  (IBUF=1 LUT4=1)
  Clock Path Skew:        -0.857ns (DCD - SCD - CPR)
    Destination Clock Delay (DCD):    -0.857ns
    Source Clock Delay      (SCD):    0.000ns
    Clock Pessimism Removal (CPR):    -0.000ns

    Location             Delay type                Incr(ns)  Path(ns)    Netlist Resource(s)
  -------------------------------------------------------------------    -------------------
    C17                                               0.000     0.000 r  PS2Clk (INOUT)
                         net (fo=1, unset)            0.000     0.000    PS2Clk_IOBUF_inst/IO
    C17                  IBUF (Prop_ibuf_I_O)         0.217     0.217 r  PS2Clk_IOBUF_inst/IBUF/O
                         net (fo=3, routed)           1.958     2.175    u_top_fsm/u_mouse_ctl/Inst_Ps2Interface/PS2Clk_IBUF
    SLICE_X40Y43         LUT4 (Prop_lut4_I1_O)        0.045     2.220 r  u_top_fsm/u_mouse_ctl/Inst_Ps2Interface/ps2_clk_clean_i_1/O
                         net (fo=1, routed)           0.000     2.220    u_top_fsm/u_mouse_ctl/Inst_Ps2Interface/ps2_clk_clean_i_1_n_0
    SLICE_X40Y43         FDRE                                         r  u_top_fsm/u_mouse_ctl/Inst_Ps2Interface/ps2_clk_clean_reg/D
  -------------------------------------------------------------------    -------------------

                         (clock clk_out1_clk_wiz_0 rise edge)
                                                      0.000     0.000 r  
    W5                                                0.000     0.000 r  clk (IN)
                         net (fo=0)                   0.000     0.000    CLK0/inst/clk
    W5                   IBUF (Prop_ibuf_I_O)         0.414     0.414 r  CLK0/inst/clkin1_ibufg/O
                         net (fo=1, routed)           0.480     0.894    CLK0/inst/clk_in_clk_wiz_0
    MMCME2_ADV_X1Y0      MMCME2_ADV (Prop_mmcme2_adv_CLKIN1_CLKOUT0)
                                                     -3.142    -2.248 r  CLK0/inst/mmcm_adv_inst/CLKOUT0
                         net (fo=2, routed)           0.530    -1.718    CLK0/inst/clk_out1_clk_wiz_0
    BUFGCTRL_X0Y0        BUFGCTRL (Prop_bufgctrl_I0_O)
                                                      0.029    -1.689 r  CLK0/inst/clkout1_buf/O
                         net (fo=1526, routed)        0.833    -0.857    u_top_fsm/u_mouse_ctl/Inst_Ps2Interface/clk_65M
    SLICE_X40Y43         FDRE                                         r  u_top_fsm/u_mouse_ctl/Inst_Ps2Interface/ps2_clk_clean_reg/C

Slack:                    inf
  Source:                 PS2Data
                            (input port)
  Destination:            u_top_fsm/u_mouse_ctl/Inst_Ps2Interface/data_count_reg[0]/R
                            (rising edge-triggered cell FDRE clocked by clk_out1_clk_wiz_0  {rise@0.000ns fall@7.692ns period=15.385ns})
  Path Group:             (none)
  Path Type:              Hold (Min at Fast Process Corner)
  Data Path Delay:        2.380ns  (logic 0.265ns (11.137%)  route 2.115ns (88.863%))
  Logic Levels:           2  (IBUF=1 LUT2=1)
  Clock Path Skew:        -0.857ns (DCD - SCD - CPR)
    Destination Clock Delay (DCD):    -0.857ns
    Source Clock Delay      (SCD):    0.000ns
    Clock Pessimism Removal (CPR):    -0.000ns

    Location             Delay type                Incr(ns)  Path(ns)    Netlist Resource(s)
  -------------------------------------------------------------------    -------------------
    B17                                               0.000     0.000 r  PS2Data (INOUT)
                         net (fo=1, unset)            0.000     0.000    PS2Data_IOBUF_inst/IO
    B17                  IBUF (Prop_ibuf_I_O)         0.220     0.220 r  PS2Data_IOBUF_inst/IBUF/O
                         net (fo=3, routed)           1.931     2.152    u_top_fsm/u_mouse_ctl/Inst_Ps2Interface/PS2Data_IBUF
    SLICE_X28Y45         LUT2 (Prop_lut2_I0_O)        0.045     2.197 r  u_top_fsm/u_mouse_ctl/Inst_Ps2Interface/data_count[3]_i_1/O
                         net (fo=4, routed)           0.184     2.380    u_top_fsm/u_mouse_ctl/Inst_Ps2Interface/data_inter0
    SLICE_X28Y45         FDRE                                         r  u_top_fsm/u_mouse_ctl/Inst_Ps2Interface/data_count_reg[0]/R
  -------------------------------------------------------------------    -------------------

                         (clock clk_out1_clk_wiz_0 rise edge)
                                                      0.000     0.000 r  
    W5                                                0.000     0.000 r  clk (IN)
                         net (fo=0)                   0.000     0.000    CLK0/inst/clk
    W5                   IBUF (Prop_ibuf_I_O)         0.414     0.414 r  CLK0/inst/clkin1_ibufg/O
                         net (fo=1, routed)           0.480     0.894    CLK0/inst/clk_in_clk_wiz_0
    MMCME2_ADV_X1Y0      MMCME2_ADV (Prop_mmcme2_adv_CLKIN1_CLKOUT0)
                                                     -3.142    -2.248 r  CLK0/inst/mmcm_adv_inst/CLKOUT0
                         net (fo=2, routed)           0.530    -1.718    CLK0/inst/clk_out1_clk_wiz_0
    BUFGCTRL_X0Y0        BUFGCTRL (Prop_bufgctrl_I0_O)
                                                      0.029    -1.689 r  CLK0/inst/clkout1_buf/O
                         net (fo=1526, routed)        0.833    -0.857    u_top_fsm/u_mouse_ctl/Inst_Ps2Interface/clk_65M
    SLICE_X28Y45         FDRE                                         r  u_top_fsm/u_mouse_ctl/Inst_Ps2Interface/data_count_reg[0]/C

Slack:                    inf
  Source:                 PS2Data
                            (input port)
  Destination:            u_top_fsm/u_mouse_ctl/Inst_Ps2Interface/data_count_reg[1]/R
                            (rising edge-triggered cell FDRE clocked by clk_out1_clk_wiz_0  {rise@0.000ns fall@7.692ns period=15.385ns})
  Path Group:             (none)
  Path Type:              Hold (Min at Fast Process Corner)
  Data Path Delay:        2.380ns  (logic 0.265ns (11.137%)  route 2.115ns (88.863%))
  Logic Levels:           2  (IBUF=1 LUT2=1)
  Clock Path Skew:        -0.857ns (DCD - SCD - CPR)
    Destination Clock Delay (DCD):    -0.857ns
    Source Clock Delay      (SCD):    0.000ns
    Clock Pessimism Removal (CPR):    -0.000ns

    Location             Delay type                Incr(ns)  Path(ns)    Netlist Resource(s)
  -------------------------------------------------------------------    -------------------
    B17                                               0.000     0.000 r  PS2Data (INOUT)
                         net (fo=1, unset)            0.000     0.000    PS2Data_IOBUF_inst/IO
    B17                  IBUF (Prop_ibuf_I_O)         0.220     0.220 r  PS2Data_IOBUF_inst/IBUF/O
                         net (fo=3, routed)           1.931     2.152    u_top_fsm/u_mouse_ctl/Inst_Ps2Interface/PS2Data_IBUF
    SLICE_X28Y45         LUT2 (Prop_lut2_I0_O)        0.045     2.197 r  u_top_fsm/u_mouse_ctl/Inst_Ps2Interface/data_count[3]_i_1/O
                         net (fo=4, routed)           0.184     2.380    u_top_fsm/u_mouse_ctl/Inst_Ps2Interface/data_inter0
    SLICE_X28Y45         FDRE                                         r  u_top_fsm/u_mouse_ctl/Inst_Ps2Interface/data_count_reg[1]/R
  -------------------------------------------------------------------    -------------------

                         (clock clk_out1_clk_wiz_0 rise edge)
                                                      0.000     0.000 r  
    W5                                                0.000     0.000 r  clk (IN)
                         net (fo=0)                   0.000     0.000    CLK0/inst/clk
    W5                   IBUF (Prop_ibuf_I_O)         0.414     0.414 r  CLK0/inst/clkin1_ibufg/O
                         net (fo=1, routed)           0.480     0.894    CLK0/inst/clk_in_clk_wiz_0
    MMCME2_ADV_X1Y0      MMCME2_ADV (Prop_mmcme2_adv_CLKIN1_CLKOUT0)
                                                     -3.142    -2.248 r  CLK0/inst/mmcm_adv_inst/CLKOUT0
                         net (fo=2, routed)           0.530    -1.718    CLK0/inst/clk_out1_clk_wiz_0
    BUFGCTRL_X0Y0        BUFGCTRL (Prop_bufgctrl_I0_O)
                                                      0.029    -1.689 r  CLK0/inst/clkout1_buf/O
                         net (fo=1526, routed)        0.833    -0.857    u_top_fsm/u_mouse_ctl/Inst_Ps2Interface/clk_65M
    SLICE_X28Y45         FDRE                                         r  u_top_fsm/u_mouse_ctl/Inst_Ps2Interface/data_count_reg[1]/C

Slack:                    inf
  Source:                 PS2Data
                            (input port)
  Destination:            u_top_fsm/u_mouse_ctl/Inst_Ps2Interface/data_count_reg[2]/R
                            (rising edge-triggered cell FDRE clocked by clk_out1_clk_wiz_0  {rise@0.000ns fall@7.692ns period=15.385ns})
  Path Group:             (none)
  Path Type:              Hold (Min at Fast Process Corner)
  Data Path Delay:        2.380ns  (logic 0.265ns (11.137%)  route 2.115ns (88.863%))
  Logic Levels:           2  (IBUF=1 LUT2=1)
  Clock Path Skew:        -0.857ns (DCD - SCD - CPR)
    Destination Clock Delay (DCD):    -0.857ns
    Source Clock Delay      (SCD):    0.000ns
    Clock Pessimism Removal (CPR):    -0.000ns

    Location             Delay type                Incr(ns)  Path(ns)    Netlist Resource(s)
  -------------------------------------------------------------------    -------------------
    B17                                               0.000     0.000 r  PS2Data (INOUT)
                         net (fo=1, unset)            0.000     0.000    PS2Data_IOBUF_inst/IO
    B17                  IBUF (Prop_ibuf_I_O)         0.220     0.220 r  PS2Data_IOBUF_inst/IBUF/O
                         net (fo=3, routed)           1.931     2.152    u_top_fsm/u_mouse_ctl/Inst_Ps2Interface/PS2Data_IBUF
    SLICE_X28Y45         LUT2 (Prop_lut2_I0_O)        0.045     2.197 r  u_top_fsm/u_mouse_ctl/Inst_Ps2Interface/data_count[3]_i_1/O
                         net (fo=4, routed)           0.184     2.380    u_top_fsm/u_mouse_ctl/Inst_Ps2Interface/data_inter0
    SLICE_X28Y45         FDRE                                         r  u_top_fsm/u_mouse_ctl/Inst_Ps2Interface/data_count_reg[2]/R
  -------------------------------------------------------------------    -------------------

                         (clock clk_out1_clk_wiz_0 rise edge)
                                                      0.000     0.000 r  
    W5                                                0.000     0.000 r  clk (IN)
                         net (fo=0)                   0.000     0.000    CLK0/inst/clk
    W5                   IBUF (Prop_ibuf_I_O)         0.414     0.414 r  CLK0/inst/clkin1_ibufg/O
                         net (fo=1, routed)           0.480     0.894    CLK0/inst/clk_in_clk_wiz_0
    MMCME2_ADV_X1Y0      MMCME2_ADV (Prop_mmcme2_adv_CLKIN1_CLKOUT0)
                                                     -3.142    -2.248 r  CLK0/inst/mmcm_adv_inst/CLKOUT0
                         net (fo=2, routed)           0.530    -1.718    CLK0/inst/clk_out1_clk_wiz_0
    BUFGCTRL_X0Y0        BUFGCTRL (Prop_bufgctrl_I0_O)
                                                      0.029    -1.689 r  CLK0/inst/clkout1_buf/O
                         net (fo=1526, routed)        0.833    -0.857    u_top_fsm/u_mouse_ctl/Inst_Ps2Interface/clk_65M
    SLICE_X28Y45         FDRE                                         r  u_top_fsm/u_mouse_ctl/Inst_Ps2Interface/data_count_reg[2]/C

Slack:                    inf
  Source:                 PS2Data
                            (input port)
  Destination:            u_top_fsm/u_mouse_ctl/Inst_Ps2Interface/data_count_reg[3]/R
                            (rising edge-triggered cell FDRE clocked by clk_out1_clk_wiz_0  {rise@0.000ns fall@7.692ns period=15.385ns})
  Path Group:             (none)
  Path Type:              Hold (Min at Fast Process Corner)
  Data Path Delay:        2.380ns  (logic 0.265ns (11.137%)  route 2.115ns (88.863%))
  Logic Levels:           2  (IBUF=1 LUT2=1)
  Clock Path Skew:        -0.857ns (DCD - SCD - CPR)
    Destination Clock Delay (DCD):    -0.857ns
    Source Clock Delay      (SCD):    0.000ns
    Clock Pessimism Removal (CPR):    -0.000ns

    Location             Delay type                Incr(ns)  Path(ns)    Netlist Resource(s)
  -------------------------------------------------------------------    -------------------
    B17                                               0.000     0.000 r  PS2Data (INOUT)
                         net (fo=1, unset)            0.000     0.000    PS2Data_IOBUF_inst/IO
    B17                  IBUF (Prop_ibuf_I_O)         0.220     0.220 r  PS2Data_IOBUF_inst/IBUF/O
                         net (fo=3, routed)           1.931     2.152    u_top_fsm/u_mouse_ctl/Inst_Ps2Interface/PS2Data_IBUF
    SLICE_X28Y45         LUT2 (Prop_lut2_I0_O)        0.045     2.197 r  u_top_fsm/u_mouse_ctl/Inst_Ps2Interface/data_count[3]_i_1/O
                         net (fo=4, routed)           0.184     2.380    u_top_fsm/u_mouse_ctl/Inst_Ps2Interface/data_inter0
    SLICE_X28Y45         FDRE                                         r  u_top_fsm/u_mouse_ctl/Inst_Ps2Interface/data_count_reg[3]/R
  -------------------------------------------------------------------    -------------------

                         (clock clk_out1_clk_wiz_0 rise edge)
                                                      0.000     0.000 r  
    W5                                                0.000     0.000 r  clk (IN)
                         net (fo=0)                   0.000     0.000    CLK0/inst/clk
    W5                   IBUF (Prop_ibuf_I_O)         0.414     0.414 r  CLK0/inst/clkin1_ibufg/O
                         net (fo=1, routed)           0.480     0.894    CLK0/inst/clk_in_clk_wiz_0
    MMCME2_ADV_X1Y0      MMCME2_ADV (Prop_mmcme2_adv_CLKIN1_CLKOUT0)
                                                     -3.142    -2.248 r  CLK0/inst/mmcm_adv_inst/CLKOUT0
                         net (fo=2, routed)           0.530    -1.718    CLK0/inst/clk_out1_clk_wiz_0
    BUFGCTRL_X0Y0        BUFGCTRL (Prop_bufgctrl_I0_O)
                                                      0.029    -1.689 r  CLK0/inst/clkout1_buf/O
                         net (fo=1526, routed)        0.833    -0.857    u_top_fsm/u_mouse_ctl/Inst_Ps2Interface/clk_65M
    SLICE_X28Y45         FDRE                                         r  u_top_fsm/u_mouse_ctl/Inst_Ps2Interface/data_count_reg[3]/C

Slack:                    inf
  Source:                 PS2Clk
                            (input port)
  Destination:            u_top_fsm/u_mouse_ctl/Inst_Ps2Interface/clk_count_reg[0]/R
                            (rising edge-triggered cell FDRE clocked by clk_out1_clk_wiz_0  {rise@0.000ns fall@7.692ns period=15.385ns})
  Path Group:             (none)
  Path Type:              Hold (Min at Fast Process Corner)
  Data Path Delay:        2.402ns  (logic 0.262ns (10.890%)  route 2.141ns (89.110%))
  Logic Levels:           2  (IBUF=1 LUT2=1)
  Clock Path Skew:        -0.858ns (DCD - SCD - CPR)
    Destination Clock Delay (DCD):    -0.858ns
    Source Clock Delay      (SCD):    0.000ns
    Clock Pessimism Removal (CPR):    -0.000ns

    Location             Delay type                Incr(ns)  Path(ns)    Netlist Resource(s)
  -------------------------------------------------------------------    -------------------
    C17                                               0.000     0.000 r  PS2Clk (INOUT)
                         net (fo=1, unset)            0.000     0.000    PS2Clk_IOBUF_inst/IO
    C17                  IBUF (Prop_ibuf_I_O)         0.217     0.217 r  PS2Clk_IOBUF_inst/IBUF/O
                         net (fo=3, routed)           2.021     2.238    u_top_fsm/u_mouse_ctl/Inst_Ps2Interface/PS2Clk_IBUF
    SLICE_X39Y43         LUT2 (Prop_lut2_I0_O)        0.045     2.283 r  u_top_fsm/u_mouse_ctl/Inst_Ps2Interface/clk_count[3]_i_1/O
                         net (fo=4, routed)           0.119     2.402    u_top_fsm/u_mouse_ctl/Inst_Ps2Interface/clk_inter0
    SLICE_X39Y43         FDRE                                         r  u_top_fsm/u_mouse_ctl/Inst_Ps2Interface/clk_count_reg[0]/R
  -------------------------------------------------------------------    -------------------

                         (clock clk_out1_clk_wiz_0 rise edge)
                                                      0.000     0.000 r  
    W5                                                0.000     0.000 r  clk (IN)
                         net (fo=0)                   0.000     0.000    CLK0/inst/clk
    W5                   IBUF (Prop_ibuf_I_O)         0.414     0.414 r  CLK0/inst/clkin1_ibufg/O
                         net (fo=1, routed)           0.480     0.894    CLK0/inst/clk_in_clk_wiz_0
    MMCME2_ADV_X1Y0      MMCME2_ADV (Prop_mmcme2_adv_CLKIN1_CLKOUT0)
                                                     -3.142    -2.248 r  CLK0/inst/mmcm_adv_inst/CLKOUT0
                         net (fo=2, routed)           0.530    -1.718    CLK0/inst/clk_out1_clk_wiz_0
    BUFGCTRL_X0Y0        BUFGCTRL (Prop_bufgctrl_I0_O)
                                                      0.029    -1.689 r  CLK0/inst/clkout1_buf/O
                         net (fo=1526, routed)        0.832    -0.858    u_top_fsm/u_mouse_ctl/Inst_Ps2Interface/clk_65M
    SLICE_X39Y43         FDRE                                         r  u_top_fsm/u_mouse_ctl/Inst_Ps2Interface/clk_count_reg[0]/C

Slack:                    inf
  Source:                 PS2Clk
                            (input port)
  Destination:            u_top_fsm/u_mouse_ctl/Inst_Ps2Interface/clk_count_reg[1]/R
                            (rising edge-triggered cell FDRE clocked by clk_out1_clk_wiz_0  {rise@0.000ns fall@7.692ns period=15.385ns})
  Path Group:             (none)
  Path Type:              Hold (Min at Fast Process Corner)
  Data Path Delay:        2.402ns  (logic 0.262ns (10.890%)  route 2.141ns (89.110%))
  Logic Levels:           2  (IBUF=1 LUT2=1)
  Clock Path Skew:        -0.858ns (DCD - SCD - CPR)
    Destination Clock Delay (DCD):    -0.858ns
    Source Clock Delay      (SCD):    0.000ns
    Clock Pessimism Removal (CPR):    -0.000ns

    Location             Delay type                Incr(ns)  Path(ns)    Netlist Resource(s)
  -------------------------------------------------------------------    -------------------
    C17                                               0.000     0.000 r  PS2Clk (INOUT)
                         net (fo=1, unset)            0.000     0.000    PS2Clk_IOBUF_inst/IO
    C17                  IBUF (Prop_ibuf_I_O)         0.217     0.217 r  PS2Clk_IOBUF_inst/IBUF/O
                         net (fo=3, routed)           2.021     2.238    u_top_fsm/u_mouse_ctl/Inst_Ps2Interface/PS2Clk_IBUF
    SLICE_X39Y43         LUT2 (Prop_lut2_I0_O)        0.045     2.283 r  u_top_fsm/u_mouse_ctl/Inst_Ps2Interface/clk_count[3]_i_1/O
                         net (fo=4, routed)           0.119     2.402    u_top_fsm/u_mouse_ctl/Inst_Ps2Interface/clk_inter0
    SLICE_X39Y43         FDRE                                         r  u_top_fsm/u_mouse_ctl/Inst_Ps2Interface/clk_count_reg[1]/R
  -------------------------------------------------------------------    -------------------

                         (clock clk_out1_clk_wiz_0 rise edge)
                                                      0.000     0.000 r  
    W5                                                0.000     0.000 r  clk (IN)
                         net (fo=0)                   0.000     0.000    CLK0/inst/clk
    W5                   IBUF (Prop_ibuf_I_O)         0.414     0.414 r  CLK0/inst/clkin1_ibufg/O
                         net (fo=1, routed)           0.480     0.894    CLK0/inst/clk_in_clk_wiz_0
    MMCME2_ADV_X1Y0      MMCME2_ADV (Prop_mmcme2_adv_CLKIN1_CLKOUT0)
                                                     -3.142    -2.248 r  CLK0/inst/mmcm_adv_inst/CLKOUT0
                         net (fo=2, routed)           0.530    -1.718    CLK0/inst/clk_out1_clk_wiz_0
    BUFGCTRL_X0Y0        BUFGCTRL (Prop_bufgctrl_I0_O)
                                                      0.029    -1.689 r  CLK0/inst/clkout1_buf/O
                         net (fo=1526, routed)        0.832    -0.858    u_top_fsm/u_mouse_ctl/Inst_Ps2Interface/clk_65M
    SLICE_X39Y43         FDRE                                         r  u_top_fsm/u_mouse_ctl/Inst_Ps2Interface/clk_count_reg[1]/C

Slack:                    inf
  Source:                 PS2Clk
                            (input port)
  Destination:            u_top_fsm/u_mouse_ctl/Inst_Ps2Interface/clk_count_reg[2]/R
                            (rising edge-triggered cell FDRE clocked by clk_out1_clk_wiz_0  {rise@0.000ns fall@7.692ns period=15.385ns})
  Path Group:             (none)
  Path Type:              Hold (Min at Fast Process Corner)
  Data Path Delay:        2.402ns  (logic 0.262ns (10.890%)  route 2.141ns (89.110%))
  Logic Levels:           2  (IBUF=1 LUT2=1)
  Clock Path Skew:        -0.858ns (DCD - SCD - CPR)
    Destination Clock Delay (DCD):    -0.858ns
    Source Clock Delay      (SCD):    0.000ns
    Clock Pessimism Removal (CPR):    -0.000ns

    Location             Delay type                Incr(ns)  Path(ns)    Netlist Resource(s)
  -------------------------------------------------------------------    -------------------
    C17                                               0.000     0.000 r  PS2Clk (INOUT)
                         net (fo=1, unset)            0.000     0.000    PS2Clk_IOBUF_inst/IO
    C17                  IBUF (Prop_ibuf_I_O)         0.217     0.217 r  PS2Clk_IOBUF_inst/IBUF/O
                         net (fo=3, routed)           2.021     2.238    u_top_fsm/u_mouse_ctl/Inst_Ps2Interface/PS2Clk_IBUF
    SLICE_X39Y43         LUT2 (Prop_lut2_I0_O)        0.045     2.283 r  u_top_fsm/u_mouse_ctl/Inst_Ps2Interface/clk_count[3]_i_1/O
                         net (fo=4, routed)           0.119     2.402    u_top_fsm/u_mouse_ctl/Inst_Ps2Interface/clk_inter0
    SLICE_X39Y43         FDRE                                         r  u_top_fsm/u_mouse_ctl/Inst_Ps2Interface/clk_count_reg[2]/R
  -------------------------------------------------------------------    -------------------

                         (clock clk_out1_clk_wiz_0 rise edge)
                                                      0.000     0.000 r  
    W5                                                0.000     0.000 r  clk (IN)
                         net (fo=0)                   0.000     0.000    CLK0/inst/clk
    W5                   IBUF (Prop_ibuf_I_O)         0.414     0.414 r  CLK0/inst/clkin1_ibufg/O
                         net (fo=1, routed)           0.480     0.894    CLK0/inst/clk_in_clk_wiz_0
    MMCME2_ADV_X1Y0      MMCME2_ADV (Prop_mmcme2_adv_CLKIN1_CLKOUT0)
                                                     -3.142    -2.248 r  CLK0/inst/mmcm_adv_inst/CLKOUT0
                         net (fo=2, routed)           0.530    -1.718    CLK0/inst/clk_out1_clk_wiz_0
    BUFGCTRL_X0Y0        BUFGCTRL (Prop_bufgctrl_I0_O)
                                                      0.029    -1.689 r  CLK0/inst/clkout1_buf/O
                         net (fo=1526, routed)        0.832    -0.858    u_top_fsm/u_mouse_ctl/Inst_Ps2Interface/clk_65M
    SLICE_X39Y43         FDRE                                         r  u_top_fsm/u_mouse_ctl/Inst_Ps2Interface/clk_count_reg[2]/C

Slack:                    inf
  Source:                 PS2Clk
                            (input port)
  Destination:            u_top_fsm/u_mouse_ctl/Inst_Ps2Interface/clk_count_reg[3]/R
                            (rising edge-triggered cell FDRE clocked by clk_out1_clk_wiz_0  {rise@0.000ns fall@7.692ns period=15.385ns})
  Path Group:             (none)
  Path Type:              Hold (Min at Fast Process Corner)
  Data Path Delay:        2.402ns  (logic 0.262ns (10.890%)  route 2.141ns (89.110%))
  Logic Levels:           2  (IBUF=1 LUT2=1)
  Clock Path Skew:        -0.858ns (DCD - SCD - CPR)
    Destination Clock Delay (DCD):    -0.858ns
    Source Clock Delay      (SCD):    0.000ns
    Clock Pessimism Removal (CPR):    -0.000ns

    Location             Delay type                Incr(ns)  Path(ns)    Netlist Resource(s)
  -------------------------------------------------------------------    -------------------
    C17                                               0.000     0.000 r  PS2Clk (INOUT)
                         net (fo=1, unset)            0.000     0.000    PS2Clk_IOBUF_inst/IO
    C17                  IBUF (Prop_ibuf_I_O)         0.217     0.217 r  PS2Clk_IOBUF_inst/IBUF/O
                         net (fo=3, routed)           2.021     2.238    u_top_fsm/u_mouse_ctl/Inst_Ps2Interface/PS2Clk_IBUF
    SLICE_X39Y43         LUT2 (Prop_lut2_I0_O)        0.045     2.283 r  u_top_fsm/u_mouse_ctl/Inst_Ps2Interface/clk_count[3]_i_1/O
                         net (fo=4, routed)           0.119     2.402    u_top_fsm/u_mouse_ctl/Inst_Ps2Interface/clk_inter0
    SLICE_X39Y43         FDRE                                         r  u_top_fsm/u_mouse_ctl/Inst_Ps2Interface/clk_count_reg[3]/R
  -------------------------------------------------------------------    -------------------

                         (clock clk_out1_clk_wiz_0 rise edge)
                                                      0.000     0.000 r  
    W5                                                0.000     0.000 r  clk (IN)
                         net (fo=0)                   0.000     0.000    CLK0/inst/clk
    W5                   IBUF (Prop_ibuf_I_O)         0.414     0.414 r  CLK0/inst/clkin1_ibufg/O
                         net (fo=1, routed)           0.480     0.894    CLK0/inst/clk_in_clk_wiz_0
    MMCME2_ADV_X1Y0      MMCME2_ADV (Prop_mmcme2_adv_CLKIN1_CLKOUT0)
                                                     -3.142    -2.248 r  CLK0/inst/mmcm_adv_inst/CLKOUT0
                         net (fo=2, routed)           0.530    -1.718    CLK0/inst/clk_out1_clk_wiz_0
    BUFGCTRL_X0Y0        BUFGCTRL (Prop_bufgctrl_I0_O)
                                                      0.029    -1.689 r  CLK0/inst/clkout1_buf/O
                         net (fo=1526, routed)        0.832    -0.858    u_top_fsm/u_mouse_ctl/Inst_Ps2Interface/clk_65M
    SLICE_X39Y43         FDRE                                         r  u_top_fsm/u_mouse_ctl/Inst_Ps2Interface/clk_count_reg[3]/C





